CustomerID,Recency,Frequency,Monetary,FirstPurchase,LastPurchase,Items,Country,R_Score,F_Score,M_Score,RFM_Score,Segment,Cluster,AOV,LifespanDays,ObservedDays,OrdersPerYear,CLV_1yr,Churned
18102,1,145,580987.04,2009-12-01 09:24:00,2011-12-09 11:50:00,181645,United Kingdom,5,5,5,555,Champions,0,4006.81,738,739,71.62,86090.32,0
14646,2,145,526751.52,2009-12-02 16:52:00,2011-12-08 12:12:00,367072,Netherlands,5,5,5,555,Champions,0,3632.77,735,737,71.81,78260.76,0
14156,10,145,304719.88,2009-12-01 12:30:00,2011-11-30 10:54:00,164314,EIRE,5,5,5,555,Champions,0,2101.52,728,739,71.62,45153.26,0
14911,1,375,279477.79,2009-12-01 11:41:00,2011-12-08 15:54:00,147949,EIRE,5,5,5,555,Champions,0,745.27,737,739,185.22,41411.67,0
17450,8,51,244784.25,2010-09-27 16:59:00,2011-12-01 13:29:00,83914,United Kingdom,5,5,5,555,Champions,0,4799.69,429,438,42.5,61196.05,0
13694,4,143,195640.69,2009-12-04 15:26:00,2011-12-06 09:32:00,188201,United Kingdom,5,5,5,555,Champions,0,1368.12,731,735,71.01,29145.06,0
17511,3,60,172132.87,2009-12-02 10:52:00,2011-12-07 10:12:00,117174,United Kingdom,5,5,5,555,Champions,0,2868.88,734,738,29.67,25535.9,0
16446,1,2,168472.5,2011-05-18 09:52:00,2011-12-09 09:15:00,80997,United Kingdom,5,2,5,525,New / Promising,0,84236.25,204,206,3.54,89458.9,0
16684,4,55,147142.77,2009-12-07 12:56:00,2011-12-05 14:06:00,104810,United Kingdom,5,5,5,555,Champions,0,2675.32,728,732,27.42,22007.18,0
12415,24,24,144033.37,2010-06-30 08:30:00,2011-11-15 14:22:00,91443,Australia,4,5,5,455,Champions,0,6001.39,503,528,16.59,29868.92,0
15061,4,127,126387.56999999999,2009-12-01 12:18:00,2011-12-06 12:06:00,74279,United Kingdom,5,5,5,555,Champions,0,995.18,734,739,62.73,18728.29,0
15311,1,207,114671.42,2009-12-01 11:21:00,2011-12-09 12:00:00,69908,United Kingdom,5,5,5,555,Champions,0,553.97,738,739,102.24,16991.37,0
13089,3,203,113416.91,2009-12-02 15:44:00,2011-12-07 09:02:00,58932,United Kingdom,5,5,5,555,Champions,0,558.7,734,737,100.54,16851.51,0
16029,39,106,109620.87,2009-12-08 11:23:00,2011-11-01 10:27:00,54449,United Kingdom,4,5,5,455,Champions,0,1034.16,692,732,52.86,16399.71,0
17949,1,116,107833.48,2009-12-02 11:07:00,2011-12-08 18:46:00,60440,United Kingdom,5,5,5,555,Champions,0,929.6,736,738,57.37,15999.35,0
12931,22,57,92347.34,2009-12-01 11:46:00,2011-11-18 12:39:00,62906,United Kingdom,4,5,5,455,Champions,0,1620.13,717,739,28.15,13682.0,0
14298,8,82,91194.49,2009-12-11 13:49:00,2011-12-01 13:12:00,100272,United Kingdom,5,5,5,555,Champions,0,1112.13,719,728,41.11,13715.9,0
15769,7,46,88612.52,2009-12-11 09:58:00,2011-12-02 13:52:00,49068,United Kingdom,5,5,5,555,Champions,0,1926.36,721,729,23.03,13309.22,0
12346,326,3,77352.96,2010-03-02 13:08:00,2011-01-18 10:01:00,74239,United Kingdom,2,3,5,235,At Risk,1,25784.32,321,647,1.69,13072.65,1
13798,1,110,75428.87,2009-12-08 16:21:00,2011-12-08 15:51:00,48187,United Kingdom,5,5,5,555,Champions,0,685.72,729,731,54.92,11297.92,0
15838,11,34,73205.5,2009-12-15 09:51:00,2011-11-28 14:00:00,64114,United Kingdom,5,5,5,555,Champions,0,2153.1,713,725,17.12,11058.32,0
17841,2,211,68519.95,2009-12-02 15:41:00,2011-12-08 12:07:00,36565,United Kingdom,5,5,5,555,Champions,0,324.74,735,737,104.5,10180.6,0
16754,372,29,65500.07,2010-03-08 11:32:00,2010-12-02 17:38:00,63551,United Kingdom,2,5,5,255,Can't Lose Them,0,2258.62,269,642,16.49,11173.39,1
14088,10,16,64036.8,2010-10-14 19:46:00,2011-11-29 16:16:00,15276,United Kingdom,5,5,5,555,Champions,0,4002.3,410,421,13.87,16653.57,0
16422,17,107,61656.42,2010-01-12 11:57:00,2011-11-22 14:00:00,64032,United Kingdom,5,5,5,555,Champions,0,576.23,679,697,56.03,9685.85,0
17389,1,61,57215.33,2009-12-04 12:06:00,2011-12-09 09:38:00,17880,United Kingdom,5,5,5,555,Champions,0,937.96,734,736,30.25,8511.99,0
13081,12,28,56838.37,2009-12-08 13:58:00,2011-11-28 10:54:00,40077,United Kingdom,5,5,5,555,Champions,0,2029.94,719,731,13.98,8513.57,0
16013,4,84,56078.44,2009-12-08 10:24:00,2011-12-06 10:36:00,25520,United Kingdom,5,5,5,555,Champions,0,667.6,728,732,41.89,8389.73,0
14680,25,58,55688.5,2009-12-04 12:36:00,2011-11-14 16:59:00,26894,United Kingdom,4,5,5,455,Champions,0,960.15,710,736,28.76,8284.17,0
13093,276,55,54144.25,2009-12-04 10:32:00,2011-03-09 12:14:00,25971,United Kingdom,2,5,5,255,Can't Lose Them,0,984.44,460,736,27.28,8056.66,1
14096,4,17,53258.43,2011-08-30 10:49:00,2011-12-05 17:17:00,16336,United Kingdom,5,5,5,555,Champions,0,3132.85,97,102,60.83,57171.38,0
17850,372,155,51208.87,2009-12-05 12:28:00,2010-12-02 15:27:00,21052,United Kingdom,2,5,5,255,Can't Lose Them,0,330.38,362,735,76.97,7628.8,1
13408,2,106,50174.78,2009-12-04 09:31:00,2011-12-08 09:05:00,28673,United Kingdom,5,5,5,555,Champions,0,473.35,733,736,52.57,7465.2,0
13777,1,61,49638.26,2009-12-02 09:47:00,2011-12-09 12:25:00,23190,United Kingdom,5,5,5,555,Champions,0,813.74,737,738,30.17,7365.16,0
12748,1,322,49176.74,2009-12-04 17:31:00,2011-12-09 12:20:00,36853,United Kingdom,5,5,5,555,Champions,0,152.72,734,735,159.9,7325.98,0
17404,4,21,47638.12,2010-01-07 11:31:00,2011-12-05 16:26:00,50674,Sweden,5,5,5,555,Champions,0,2268.48,697,702,10.92,7431.54,0
13881,4,43,45179.1,2010-03-04 14:41:00,2011-12-06 12:50:00,29760,United Kingdom,5,5,5,555,Champions,0,1050.68,641,645,24.33,7668.91,0
15749,235,3,44534.3,2011-01-11 12:55:00,2011-04-18 13:20:00,18028,United Kingdom,2,3,5,235,At Risk,1,14844.77,97,332,3.3,14696.32,1
16705,1,42,43515.05,2009-12-09 13:34:00,2011-12-09 12:08:00,22301,United Kingdom,5,5,5,555,Champions,0,1036.07,729,730,21.0,6527.24,0
15098,182,3,39916.5,2011-06-10 15:22:00,2011-06-10 15:33:00,121,United Kingdom,3,3,5,335,Loyal,1,13305.5,0,182,6.02,24029.73,1
15039,10,93,39141.48,2009-12-10 11:39:00,2011-11-30 11:31:00,17780,United Kingdom,5,5,5,555,Champions,0,420.88,719,730,46.5,5871.28,0
14031,7,44,39019.51,2009-12-03 15:35:00,2011-12-02 17:13:00,13783,United Kingdom,5,5,5,555,Champions,0,886.81,729,736,21.82,5805.06,0
17675,1,70,37642.48,2009-12-10 16:10:00,2011-12-08 18:03:00,16180,United Kingdom,5,5,5,555,Champions,0,537.75,728,729,35.05,5654.44,0
17381,9,38,36398.65,2010-06-09 12:55:00,2011-12-01 11:59:00,42879,United Kingdom,5,5,5,555,Champions,0,957.86,539,548,25.31,7273.03,0
12921,9,74,35233.24,2009-12-01 13:43:00,2011-11-30 16:22:00,21328,United Kingdom,5,5,5,555,Champions,0,476.12,729,738,36.6,5227.8,0
12471,2,71,35099.9,2009-12-07 10:41:00,2011-12-07 15:43:00,16612,Germany,5,5,5,555,Champions,0,494.36,730,733,35.35,5242.69,0
17677,2,54,35058.46,2009-12-16 11:23:00,2011-12-08 09:56:00,20921,United Kingdom,5,5,5,555,Champions,0,649.23,721,724,27.22,5301.61,0
13902,632,5,34023.26,2009-12-15 10:02:00,2010-03-17 13:09:00,220596,Denmark,1,4,5,145,Can't Lose Them,1,6804.65,92,725,2.52,5144.32,1
13767,2,73,33903.57,2009-12-01 10:52:00,2011-12-07 15:00:00,14595,United Kingdom,5,5,5,555,Champions,0,464.43,736,739,36.06,5024.2,0
16210,2,33,33730.97,2009-12-02 12:54:00,2011-12-08 12:36:00,12395,United Kingdom,5,5,5,555,Champions,0,1022.15,735,737,16.34,5010.58,0
12678,42,17,32855.18,2010-01-07 16:46:00,2011-10-28 13:04:00,22348,France,4,5,5,455,Champions,0,1932.66,658,701,8.85,5131.21,0
16779,2,53,32809.03,2009-12-03 13:03:00,2011-12-07 14:54:00,19411,United Kingdom,5,5,5,555,Champions,0,619.04,734,736,26.28,4880.51,0
15856,4,52,32274.69,2009-12-03 14:02:00,2011-12-05 17:09:00,19547,United Kingdom,5,5,5,555,Champions,0,620.67,732,736,25.79,4802.12,0
14258,9,25,32051.34,2009-12-04 08:36:00,2011-11-30 15:27:00,17488,United Kingdom,5,5,5,555,Champions,0,1282.05,726,736,12.4,4769.23,0
17428,1,45,31466.760000000002,2009-12-01 17:28:00,2011-12-09 09:45:00,17356,United Kingdom,5,5,5,555,Champions,0,699.26,737,738,22.26,4669.66,0
14606,1,184,29648.75,2009-12-03 12:40:00,2011-12-08 19:28:00,15195,United Kingdom,5,5,5,555,Champions,0,161.13,735,737,91.13,4405.13,0
12709,15,32,29487.18,2009-12-09 13:49:00,2011-11-24 15:38:00,13742,Germany,5,5,5,555,Champions,0,921.47,715,730,16.0,4423.06,0
13078,3,57,29018.06,2009-12-01 09:06:00,2011-12-06 15:36:00,12032,United Kingdom,5,5,5,555,Champions,0,509.09,735,739,28.15,4299.27,0
13098,1,28,28882.44,2011-01-26 13:46:00,2011-12-08 14:14:00,15968,United Kingdom,5,5,5,555,Champions,0,1031.52,316,317,32.24,9976.86,0
17940,49,14,28389.58,2009-12-03 12:31:00,2011-10-21 13:27:00,85146,United Kingdom,4,5,5,455,Champions,0,2027.83,687,737,6.93,4215.86,0
14527,3,121,27191.1,2009-12-02 12:06:00,2011-12-07 12:19:00,6630,United Kingdom,5,5,5,555,Champions,0,224.72,735,738,59.84,4034.17,0
12681,15,44,26936.76,2009-12-13 13:31:00,2011-11-25 11:33:00,16848,France,5,5,5,555,Champions,0,612.2,711,726,22.12,4062.56,0
16333,8,22,26626.8,2011-02-03 10:50:00,2011-12-02 12:19:00,32184,United Kingdom,5,5,5,555,Champions,0,1210.31,302,310,25.9,9404.11,0
15513,33,35,26437.05,2010-01-13 14:59:00,2011-11-06 14:36:00,10477,United Kingdom,4,5,5,455,Champions,0,755.34,661,695,18.38,4164.94,0
17865,31,46,26310.09,2009-12-01 10:49:00,2011-11-09 12:08:00,12949,United Kingdom,4,5,5,455,Champions,0,571.96,708,739,22.72,3898.48,0
18251,87,9,26278.86,2009-12-22 12:01:00,2011-09-13 15:03:00,39639,United Kingdom,3,5,5,355,Loyal,0,2919.87,630,718,4.58,4011.9,0
13802,139,19,26259.11,2010-02-16 10:11:00,2011-07-24 10:54:00,14129,United Kingdom,3,5,5,355,Loyal,0,1382.06,523,662,10.48,4345.2,0
17857,4,23,25769.54,2010-03-08 12:09:00,2011-12-05 13:13:00,15472,United Kingdom,5,5,5,555,Champions,0,1120.41,637,642,13.08,4396.49,0
12731,24,17,25631.71,2010-03-02 09:23:00,2011-11-16 11:59:00,11633,France,4,5,5,455,Champions,0,1507.75,624,648,9.58,4333.27,0
14062,10,24,25585.65,2009-12-10 14:28:00,2011-11-30 10:04:00,12794,United Kingdom,5,5,5,555,Champions,0,1066.07,719,729,12.02,3844.25,0
12939,64,20,25264.8,2010-01-12 11:27:00,2011-10-06 14:33:00,10328,United Kingdom,3,5,5,355,Loyal,0,1263.24,632,697,10.47,3967.84,0
14895,8,38,25119.54,2009-12-10 14:22:00,2011-12-02 09:23:00,10714,United Kingdom,5,5,5,555,Champions,0,661.04,721,729,19.03,3773.88,0
15498,3,44,24972.86,2009-12-16 17:27:00,2011-12-07 12:48:00,12134,United Kingdom,5,5,5,555,Champions,0,567.57,720,723,22.21,3781.72,0
16525,2,48,24151.3,2009-12-02 13:53:00,2011-12-07 15:07:00,14430,United Kingdom,5,5,5,555,Champions,0,503.15,735,737,23.77,3587.96,0
13001,4,33,24042.65,2009-12-03 16:21:00,2011-12-05 14:51:00,13448,United Kingdom,5,5,5,555,Champions,0,728.57,731,736,16.37,3578.01,0
17920,4,54,23569.88,2009-12-06 10:37:00,2011-12-05 14:29:00,12263,United Kingdom,5,5,5,555,Champions,0,436.48,729,734,26.85,3515.85,0
15640,4,29,23459.51,2009-12-14 16:36:00,2011-12-05 14:35:00,12116,United Kingdom,5,5,5,555,Champions,0,808.95,720,725,14.6,3543.2,0
12409,79,7,23419.29,2010-05-23 15:21:00,2011-09-22 10:38:00,13143,Switzerland,3,4,5,345,Loyal,0,3345.61,486,565,4.52,4536.65,0
16133,4,56,22992.260000000002,2010-03-31 12:21:00,2011-12-06 11:24:00,13653,United Kingdom,5,5,5,555,Champions,0,410.58,614,619,33.02,4067.21,0
14607,16,20,22575.13,2009-12-15 11:25:00,2011-11-24 10:35:00,14543,United Kingdom,5,5,5,555,Champions,0,1128.76,708,725,10.07,3409.98,0
15159,2,34,22116.73,2010-10-04 09:31:00,2011-12-08 12:05:00,13512,United Kingdom,5,5,5,555,Champions,0,650.49,430,432,28.73,5606.57,0
13340,45,12,22100.56,2010-02-22 14:54:00,2011-10-25 13:15:00,9636,United Kingdom,4,5,5,455,Champions,0,1841.71,609,655,6.69,3696.31,0
12621,2,35,22097.2,2010-02-09 12:01:00,2011-12-08 11:25:00,13583,Germany,5,5,5,555,Champions,0,631.35,666,669,19.1,3617.64,0
12482,576,27,21941.72,2010-02-24 10:24:00,2010-05-12 16:51:00,27040,Sweden,1,5,5,155,Can't Lose Them,0,812.66,77,654,15.07,3674.04,1
14051,1,37,21770.98,2009-12-03 11:53:00,2011-12-09 10:20:00,5709,United Kingdom,5,5,5,555,Champions,0,588.4,735,737,18.32,3233.85,0
16839,9,44,21758.25,2010-02-11 15:02:00,2011-12-01 09:03:00,11295,United Kingdom,5,5,5,555,Champions,0,494.51,657,666,24.11,3576.79,0
12753,23,6,21429.39,2010-12-12 11:44:00,2011-11-17 10:52:00,11421,Japan,4,4,5,445,Champions,0,3571.56,339,363,6.03,6460.95,0
15615,10,47,21373.97,2009-12-02 15:28:00,2011-11-29 14:42:00,12090,United Kingdom,5,5,5,555,Champions,0,454.77,726,737,23.28,3176.11,0
13319,5,58,21323.22,2009-12-06 14:46:00,2011-12-04 13:34:00,8974,United Kingdom,5,5,5,555,Champions,0,367.64,727,733,28.88,3185.23,0
12682,4,51,20736.22,2009-12-01 09:28:00,2011-12-06 10:00:00,10399,France,5,5,5,555,Champions,0,406.59,735,739,25.19,3072.6,0
14866,11,17,20700.04,2010-09-21 15:14:00,2011-11-29 11:45:00,9087,United Kingdom,5,5,5,555,Champions,0,1217.65,433,444,13.98,5106.82,0
14667,11,54,20359.59,2009-12-02 12:38:00,2011-11-29 11:30:00,11863,United Kingdom,5,5,5,555,Champions,0,377.03,726,738,26.71,3021.14,0
15251,9,21,20324.54,2010-01-29 12:42:00,2011-11-30 15:02:00,12108,United Kingdom,5,5,5,555,Champions,0,967.84,670,680,11.27,3272.27,0
12477,23,9,20276.37,2010-03-26 14:01:00,2011-11-17 09:51:00,6119,Germany,4,5,5,455,Champions,0,2252.93,600,623,5.27,3561.88,0
17706,4,31,20272.15,2010-01-19 12:13:00,2011-12-05 13:34:00,7824,United Kingdom,5,5,5,555,Champions,0,653.94,685,690,16.4,3217.38,0
17243,1,69,20184.68,2009-12-01 15:36:00,2011-12-08 13:26:00,7903,United Kingdom,5,5,5,555,Champions,0,292.53,736,738,34.13,2995.21,0
18008,70,23,19759.079999999998,2010-01-06 12:35:00,2011-09-30 15:17:00,7825,United Kingdom,3,5,5,355,Loyal,0,859.09,632,703,11.94,3077.26,0
17340,30,18,19617.95,2010-02-14 14:54:00,2011-11-10 10:45:00,9497,United Kingdom,4,5,5,455,Champions,0,1089.89,633,663,9.91,3240.24,0
16843,43,35,19571.43,2009-12-10 11:40:00,2011-10-28 09:06:00,18502,United Kingdom,4,5,5,455,Champions,0,559.18,686,730,17.5,2935.7,0
17139,16,25,19566.76,2010-01-11 11:31:00,2011-11-24 10:12:00,9853,United Kingdom,5,5,5,555,Champions,0,782.67,681,698,13.07,3068.85,0
12540,20,32,19250.49,2009-12-07 16:56:00,2011-11-20 11:31:00,10911,Spain,4,5,5,455,Champions,0,601.58,712,732,15.96,2880.37,0
14194,5,36,18670.59,2010-01-06 12:16:00,2011-12-05 10:38:00,10037,United Kingdom,5,5,5,555,Champions,0,518.63,697,703,18.69,2907.96,0
13113,1,37,18230.07,2010-03-28 16:13:00,2011-12-09 12:49:00,4435,United Kingdom,5,5,5,555,Champions,0,492.7,620,621,21.75,3214.87,0
12557,16,8,18096.14,2009-12-17 10:39:00,2011-11-23 16:59:00,6382,Spain,5,4,5,545,Champions,0,2262.02,706,723,4.04,2741.57,0
16746,5,42,18045.05,2009-12-04 13:00:00,2011-12-05 12:33:00,11898,United Kingdom,5,5,5,555,Champions,0,429.64,730,735,20.86,2688.69,0
17581,1,43,17951.17,2009-12-03 12:34:00,2011-12-09 12:21:00,9519,United Kingdom,5,5,5,555,Champions,0,417.47,735,737,21.3,2667.63,0
12901,9,28,17654.54,2011-03-14 10:41:00,2011-12-01 10:07:00,23075,United Kingdom,5,5,5,555,Champions,0,630.52,261,271,37.71,7133.07,0
17377,24,78,17639.23,2009-12-02 12:39:00,2011-11-16 11:17:00,7323,United Kingdom,4,5,5,455,Champions,0,226.14,713,738,38.58,2617.34,0
14952,60,32,17629.35,2009-12-03 15:34:00,2011-10-11 10:33:00,6977,United Kingdom,3,5,5,355,Loyal,0,550.92,676,736,15.87,2622.93,0
16652,59,16,17550.39,2010-03-17 10:22:00,2011-10-12 09:38:00,7477,United Kingdom,4,5,5,455,Champions,0,1096.9,573,633,9.23,3037.32,0
15189,1,46,17524.38,2010-07-18 13:37:00,2011-12-08 13:22:00,6902,United Kingdom,5,5,5,555,Champions,0,380.96,507,509,32.99,3770.36,0
18172,15,52,17467.24,2009-12-11 09:58:00,2011-11-25 11:12:00,7407,United Kingdom,5,5,5,555,Champions,0,335.91,714,729,26.04,2624.13,0
12357,33,2,17437.66,2010-11-16 10:05:00,2011-11-06 16:07:00,6586,Switzerland,4,2,5,425,New / Promising,1,8718.83,355,389,1.88,4917.42,0
16019,47,27,17329.16,2009-12-14 14:12:00,2011-10-24 11:51:00,6959,United Kingdom,4,5,5,455,Champions,0,641.82,678,725,13.59,2616.7,0
17416,30,22,17298.45,2009-12-14 16:29:00,2011-11-10 12:47:00,8769,United Kingdom,4,5,5,455,Champions,0,786.29,695,725,11.08,2613.63,0
15078,7,52,17276.73,2009-12-04 12:03:00,2011-12-02 15:41:00,8776,United Kingdom,5,5,5,555,Champions,0,332.24,728,736,25.79,2570.54,0
15523,84,16,17259.19,2009-12-02 15:16:00,2011-09-16 16:29:00,15633,United Kingdom,3,5,5,355,Loyal,0,1078.7,653,737,7.92,2562.99,0
13027,114,19,17239.2,2010-01-20 10:41:00,2011-08-18 09:39:00,42840,United Kingdom,3,5,5,355,Loyal,0,907.33,574,689,10.07,2741.04,0
15808,306,21,17180.25,2009-12-01 16:30:00,2011-02-06 14:33:00,6753,United Kingdom,2,5,5,255,Can't Lose Them,0,818.11,431,738,10.39,2550.05,1
15125,25,24,17024.87,2010-03-31 13:29:00,2011-11-14 13:57:00,8433,United Kingdom,4,5,5,455,Champions,0,709.37,593,618,14.17,3015.53,0
16656,22,30,16833.170000000002,2009-12-04 12:59:00,2011-11-17 14:43:00,15433,United Kingdom,4,5,5,455,Champions,0,561.11,713,735,14.9,2508.16,0
12433,1,10,16794.14,2010-08-20 09:23:00,2011-12-09 10:02:00,13534,Norway,5,5,5,555,Champions,0,1679.41,476,477,7.65,3854.25,0
17735,2,26,16790.33,2010-07-30 13:25:00,2011-12-07 16:47:00,10683,United Kingdom,5,5,5,555,Champions,0,645.78,495,497,19.09,3698.38,0
14277,15,8,16789.16,2009-12-13 15:43:00,2011-11-24 15:01:00,89802,France,5,4,5,545,Champions,0,2098.64,710,726,4.02,2530.96,0
16553,163,33,16584.01,2010-02-11 18:46:00,2011-06-29 15:42:00,16427,United Kingdom,3,5,5,355,Loyal,0,502.55,502,666,18.09,2727.34,0
12454,56,4,16459.78,2010-10-14 17:33:00,2011-10-14 17:13:00,7702,Spain,4,3,5,435,Loyal,0,4114.94,364,421,3.47,4283.65,0
15358,5,42,16425.86,2009-12-07 12:19:00,2011-12-05 09:04:00,14902,United Kingdom,5,5,5,555,Champions,0,391.09,727,733,20.91,2453.31,0
14961,11,22,16410.15,2009-12-04 11:32:00,2011-11-29 09:42:00,8372,United Kingdom,5,5,5,555,Champions,0,745.92,724,736,10.91,2441.4,0
13225,3,16,16260.07,2009-12-17 09:09:00,2011-12-06 13:29:00,7401,United Kingdom,5,5,5,555,Champions,0,1016.25,719,723,8.08,2463.39,0
16180,100,13,16249.87,2010-06-23 13:19:00,2011-08-31 16:28:00,9813,United Kingdom,3,5,5,355,Loyal,0,1249.99,434,534,8.89,3333.72,0
12980,158,21,16245.78,2009-12-02 11:26:00,2011-07-05 09:34:00,1910,United Kingdom,3,5,5,355,Loyal,0,773.61,579,738,10.39,2411.34,0
17107,33,10,16052.72,2010-01-31 15:47:00,2011-11-06 14:14:00,7530,United Kingdom,4,5,5,455,Champions,0,1605.27,643,677,5.39,2595.72,0
17716,23,24,15956.97,2009-12-02 17:18:00,2011-11-17 12:00:00,8819,United Kingdom,4,5,5,455,Champions,0,664.87,714,737,11.89,2371.59,0
13199,4,66,15949.210000000001,2009-12-05 10:11:00,2011-12-06 12:30:00,11566,United Kingdom,5,5,5,555,Champions,0,241.65,731,735,32.78,2376.39,0
13564,354,36,15880.22,2009-12-02 11:55:00,2010-12-20 16:50:00,8833,United Kingdom,2,5,5,255,Can't Lose Them,0,441.12,383,738,17.8,2355.58,1
15044,19,32,15769.01,2009-12-16 15:13:00,2011-11-20 13:20:00,5237,United Kingdom,5,5,5,555,Champions,0,492.78,703,723,16.15,2387.52,0
12971,4,116,15704.6,2009-12-15 19:04:00,2011-12-06 12:20:00,14306,United Kingdom,5,5,5,555,Champions,0,135.38,720,724,58.48,2375.11,0
16191,3,24,15677.82,2009-12-11 12:24:00,2011-12-07 11:26:00,9348,United Kingdom,5,5,5,555,Champions,0,653.24,725,729,12.02,2355.58,0
12949,31,22,15526.7,2009-12-03 15:56:00,2011-11-09 11:25:00,8233,United Kingdom,4,5,5,455,Champions,0,705.76,705,736,10.91,2309.95,0
14769,3,17,15512.46,2009-12-16 09:17:00,2011-12-07 10:24:00,11057,United Kingdom,5,5,5,555,Champions,0,912.5,721,724,8.57,2346.04,0
14849,22,43,15407.61,2010-01-10 11:40:00,2011-11-18 10:58:00,11838,United Kingdom,4,5,5,455,Champions,0,358.32,676,699,22.45,2413.29,0
15768,116,34,15308.89,2009-12-03 12:10:00,2011-08-16 10:48:00,4215,United Kingdom,3,5,5,355,Loyal,0,450.26,620,737,16.84,2274.71,0
12472,32,19,14971.289999999999,2009-12-14 10:49:00,2011-11-07 14:01:00,10307,Germany,4,5,5,455,Champions,0,787.96,693,726,9.55,2257.51,0
18092,2,18,14693.72,2009-12-04 12:37:00,2011-12-07 13:14:00,8298,United Kingdom,5,5,5,555,Champions,0,816.32,733,736,8.93,2186.92,0
16126,29,15,14644.6,2009-12-02 13:34:00,2011-11-10 16:03:00,6140,United Kingdom,4,5,5,455,Champions,0,976.31,708,737,7.43,2176.19,0
17133,16,12,14622.33,2010-03-21 12:31:00,2011-11-24 12:27:00,10107,United Kingdom,5,5,5,555,Champions,0,1218.53,612,629,6.96,2544.29,0
16873,5,12,14617.39,2010-02-09 14:17:00,2011-12-05 12:05:00,8601,United Kingdom,5,5,5,555,Champions,0,1218.12,663,668,6.56,2397.26,0
14543,29,39,14548.22,2009-12-01 13:47:00,2011-11-11 12:45:00,2635,United Kingdom,4,5,5,455,Champions,0,373.03,709,738,19.29,2158.72,0
17448,529,41,14448.67,2010-03-04 17:29:00,2010-06-28 13:58:00,11529,United Kingdom,1,5,5,155,Can't Lose Them,0,352.41,115,645,23.2,2452.77,1
15482,16,18,14377.36,2009-12-02 16:59:00,2011-11-24 10:46:00,6515,United Kingdom,5,5,5,555,Champions,0,798.74,721,737,8.91,2135.03,0
14733,16,15,14335.15,2010-11-02 15:42:00,2011-11-23 15:39:00,5799,United Kingdom,5,5,5,555,Champions,0,955.68,385,402,13.62,3904.91,0
13488,17,23,14205.96,2010-01-25 10:13:00,2011-11-22 14:41:00,7375,United Kingdom,5,5,5,555,Champions,0,617.65,666,684,12.27,2273.57,0
15601,11,30,14191.74,2009-12-01 14:53:00,2011-11-28 15:15:00,10395,United Kingdom,5,5,5,555,Champions,0,473.06,727,738,14.84,2106.06,0
16713,19,32,14115.56,2009-12-15 12:49:00,2011-11-21 12:36:00,8482,United Kingdom,5,5,5,555,Champions,0,441.11,705,725,16.11,2131.88,0
12647,22,35,14109.55,2010-01-13 15:06:00,2011-11-17 12:56:00,6490,Germany,4,5,5,455,Champions,0,403.13,672,695,18.38,2222.86,0
14299,8,27,14070.25,2009-12-02 10:58:00,2011-12-01 16:05:00,8136,United Kingdom,5,5,5,555,Champions,0,521.12,729,738,13.35,2087.09,0
13178,26,21,14059.19,2009-12-16 14:00:00,2011-11-13 16:14:00,8778,United Kingdom,4,5,5,455,Champions,0,669.49,697,723,10.6,2128.98,0
18223,5,26,14000.85,2009-12-04 12:20:00,2011-12-05 09:11:00,6644,United Kingdom,5,5,5,555,Champions,0,538.49,730,736,12.89,2082.34,0
12435,80,6,13925.93,2009-12-02 13:58:00,2011-09-21 09:06:00,4958,Denmark,3,4,5,345,Loyal,0,2320.99,657,737,2.97,2068.0,0
18087,291,16,13908.72,2009-12-01 09:43:00,2011-02-22 10:43:00,7774,United Kingdom,2,5,5,255,Can't Lose Them,0,869.3,448,739,7.9,2060.24,1
17589,60,18,13806.27,2010-03-07 13:48:00,2011-10-10 16:58:00,8661,United Kingdom,3,5,5,355,Loyal,0,767.02,582,642,10.23,2353.98,0
15005,16,56,13752.58,2009-12-01 14:19:00,2011-11-24 12:25:00,8661,United Kingdom,5,5,5,555,Champions,0,245.58,722,738,27.7,2040.77,0
15382,15,12,13733.550000000001,2009-12-04 14:13:00,2011-11-25 10:58:00,9178,United Kingdom,5,5,5,555,Champions,0,1144.46,720,735,5.96,2046.29,0
15093,18,23,13702.38,2009-12-08 12:46:00,2011-11-21 13:09:00,10778,United Kingdom,5,5,5,555,Champions,0,595.76,713,732,11.47,2050.01,0
12989,3,33,13551.75,2009-12-10 13:27:00,2011-12-06 15:28:00,6935,United Kingdom,5,5,5,555,Champions,0,410.66,726,729,16.52,2035.23,0
15291,26,39,13472.76,2009-12-03 11:09:00,2011-11-14 11:02:00,4904,United Kingdom,4,5,5,455,Champions,0,345.46,710,737,19.31,2001.25,0
13629,23,19,13370.86,2010-02-11 17:34:00,2011-11-16 13:21:00,7722,United Kingdom,4,5,5,455,Champions,0,703.73,642,666,10.41,2197.75,0
16558,1,38,13304.11,2009-12-03 18:11:00,2011-12-09 10:20:00,7813,United Kingdom,5,5,5,555,Champions,0,350.11,735,736,18.85,1979.87,0
12744,56,8,13158.16,2010-04-27 16:19:00,2011-10-14 14:54:00,6987,Singapore,4,4,5,445,Champions,0,1644.77,534,591,4.94,2437.55,0
16923,12,32,13157.130000000001,2010-01-31 11:14:00,2011-11-27 13:00:00,6190,United Kingdom,5,5,5,555,Champions,0,411.16,665,678,17.23,2125.29,0
13090,9,23,13076.74,2010-08-02 13:58:00,2011-12-01 12:39:00,3246,United Kingdom,5,5,5,555,Champions,0,568.55,485,494,16.99,2897.9,0
15738,19,41,13043.32,2009-12-10 15:52:00,2011-11-21 08:26:00,9030,United Kingdom,5,5,5,555,Champions,0,318.13,710,729,20.53,1959.36,0
14049,17,13,13023.4,2010-04-01 14:52:00,2011-11-23 12:20:00,8480,United Kingdom,5,5,5,555,Champions,0,1001.8,600,617,7.69,2311.15,0
13097,33,27,13015.36,2009-12-01 13:31:00,2011-11-07 10:43:00,5344,United Kingdom,4,5,5,455,Champions,0,482.05,705,738,13.35,1930.61,0
18225,3,26,13014.8,2009-12-04 16:52:00,2011-12-06 13:27:00,7282,United Kingdom,5,5,5,555,Champions,0,500.57,731,735,12.91,1938.71,0
14110,4,33,12987.95,2009-12-01 09:50:00,2011-12-06 12:26:00,5825,United Kingdom,5,5,5,555,Champions,0,393.57,735,739,16.3,1924.56,0
13969,7,35,12973.460000000001,2010-03-25 13:15:00,2011-12-02 15:11:00,6640,United Kingdom,5,5,5,555,Champions,0,370.67,617,624,20.47,2276.28,0
13668,3,35,12948.48,2009-12-11 14:28:00,2011-12-07 12:11:00,6096,United Kingdom,5,5,5,555,Champions,0,369.96,725,728,17.55,1947.84,0
13316,37,10,12940.82,2010-03-10 10:01:00,2011-11-02 13:40:00,19931,United Kingdom,4,5,5,455,Champions,0,1294.08,602,640,5.7,2212.88,0
13952,218,14,12823.52,2009-12-16 09:41:00,2011-05-06 09:00:00,5946,United Kingdom,2,5,5,255,Can't Lose Them,0,915.97,505,724,7.06,1940.02,1
12714,9,12,12815.710000000001,2009-12-04 10:00:00,2011-11-30 15:43:00,8703,France,5,5,5,555,Champions,0,1067.98,726,736,5.95,1906.34,0
13468,2,72,12793.28,2009-12-03 13:32:00,2011-12-08 10:39:00,5617,United Kingdom,5,5,5,555,Champions,0,177.68,734,736,35.71,1903.49,0
16549,10,34,12781.8,2010-03-28 15:45:00,2011-11-29 15:06:00,7087,United Kingdom,5,5,5,555,Champions,0,375.94,610,621,19.98,2253.38,0
12451,11,8,12629.88,2010-06-28 12:58:00,2011-11-29 08:40:00,9358,Switzerland,5,4,5,545,Champions,0,1578.74,518,529,5.52,2614.39,0
16161,2,43,12580.06,2010-02-08 11:06:00,2011-12-08 12:10:00,6255,United Kingdom,5,5,5,555,Champions,0,292.56,668,670,23.43,2056.4,0
17017,3,29,12576.99,2009-12-03 13:22:00,2011-12-07 09:32:00,9397,United Kingdom,5,5,5,555,Champions,0,433.69,733,736,14.38,1870.94,0
14040,41,35,12523.81,2009-12-01 12:14:00,2011-10-30 12:42:00,4972,United Kingdom,4,5,5,455,Champions,0,357.82,698,739,17.29,1856.01,0
17858,6,30,12518.65,2009-12-06 15:41:00,2011-12-04 11:56:00,5383,United Kingdom,5,5,5,555,Champions,0,417.29,727,733,14.94,1870.29,0
12583,3,27,12493.58,2009-12-06 11:57:00,2011-12-07 08:07:00,8474,France,5,5,5,555,Champions,0,462.73,730,734,13.43,1864.34,0
14936,34,12,12410.81,2010-05-05 12:26:00,2011-11-06 10:30:00,6274,Channel Islands,4,5,5,455,Champions,0,1034.23,549,584,7.5,2327.02,0
16000,3,3,12393.7,2011-12-07 12:14:00,2011-12-07 12:17:00,5110,United Kingdom,5,3,5,535,Loyal,0,4131.23,0,30,36.5,45236.97,0
12476,16,18,12319.91,2010-07-26 09:04:00,2011-11-24 12:40:00,5533,Germany,5,5,5,555,Champions,0,684.44,486,502,13.09,2687.8,0
14735,4,55,12225.16,2009-12-04 11:32:00,2011-12-06 12:09:00,4512,United Kingdom,5,5,5,555,Champions,0,222.28,732,736,27.28,1819.14,0
15144,8,29,12160.31,2009-12-13 11:35:00,2011-12-01 15:12:00,5251,United Kingdom,5,5,5,555,Champions,0,419.32,718,727,14.56,1831.59,0
15465,20,32,12100.4,2009-12-10 09:42:00,2011-11-20 10:11:00,2638,United Kingdom,4,5,5,455,Champions,0,378.14,710,730,16.0,1815.07,0
15194,3,28,12021.53,2009-12-03 10:37:00,2011-12-06 15:10:00,8922,United Kingdom,5,5,5,555,Champions,0,429.34,733,737,13.87,1786.48,0
14415,1,23,11980.09,2009-12-16 14:08:00,2011-12-08 14:38:00,6263,United Kingdom,5,5,5,555,Champions,0,520.87,722,723,11.61,1814.19,0
17044,25,12,11962.3,2009-12-07 12:25:00,2011-11-14 14:28:00,5722,United Kingdom,4,5,5,455,Champions,0,996.86,707,733,5.98,1788.37,0
13458,7,16,11959.27,2010-11-16 14:01:00,2011-12-02 15:29:00,6760,United Kingdom,5,5,5,555,Champions,0,747.45,381,388,15.05,3374.74,0
13854,9,39,11944.56,2010-01-08 11:28:00,2011-12-01 09:06:00,3642,United Kingdom,5,5,5,555,Champions,0,306.27,691,701,20.31,1866.1,0
16258,45,15,11942.52,2010-03-10 14:19:00,2011-10-25 13:30:00,7200,United Kingdom,4,5,5,455,Champions,0,796.17,593,639,8.57,2046.95,0
16523,2,28,11916.33,2010-01-24 13:14:00,2011-12-08 09:06:00,4979,United Kingdom,5,5,5,555,Champions,0,425.58,682,684,14.94,1907.45,0
16814,14,36,11914.95,2010-04-11 12:45:00,2011-11-25 13:27:00,4838,United Kingdom,5,5,5,555,Champions,0,330.97,593,608,21.61,2145.68,0
13687,438,1,11880.84,2010-09-27 16:30:00,2010-09-27 16:30:00,87167,United Kingdom,1,1,5,115,Hibernating / Lost,1,11880.84,0,438,0.83,2958.33,1
17338,17,17,11880.54,2010-03-10 16:09:00,2011-11-22 14:23:00,5765,United Kingdom,5,5,5,555,Champions,0,698.86,621,639,9.71,2035.78,0
18226,44,26,11878.88,2010-03-05 10:05:00,2011-10-26 13:36:00,7883,United Kingdom,4,5,5,455,Champions,0,456.88,600,645,14.71,2016.21,0
13050,15,34,11877.29,2009-12-15 15:06:00,2011-11-25 09:18:00,6987,United Kingdom,5,5,5,555,Champions,0,349.33,709,724,17.14,1796.25,0
14505,17,19,11873.08,2009-12-09 14:48:00,2011-11-22 15:45:00,5323,United Kingdom,5,5,5,555,Champions,0,624.9,713,730,9.5,1780.96,0
14426,24,17,11727.94,2010-03-04 14:36:00,2011-11-16 12:25:00,7023,United Kingdom,4,5,5,455,Champions,0,689.88,621,645,9.62,1990.99,0
13004,12,36,11650.85,2009-12-15 09:44:00,2011-11-28 11:27:00,8768,United Kingdom,5,5,5,555,Champions,0,323.63,713,725,18.12,1759.25,0
17364,1,27,11614.45,2009-12-07 15:28:00,2011-12-09 09:00:00,7463,United Kingdom,5,5,5,555,Champions,0,430.16,731,732,13.46,1736.99,0
14739,4,25,11573.62,2009-12-02 13:23:00,2011-12-05 16:54:00,9696,United Kingdom,5,5,5,555,Champions,0,462.94,733,737,12.38,1719.36,0
13418,12,31,11559.66,2009-12-11 12:51:00,2011-11-28 10:23:00,7354,United Kingdom,5,5,5,555,Champions,0,372.89,716,728,15.54,1738.41,0
15023,3,20,11555.5,2010-02-03 15:45:00,2011-12-06 17:23:00,4748,United Kingdom,5,5,5,555,Champions,0,577.78,671,674,10.83,1877.21,0
15218,11,22,11453.83,2010-01-26 11:33:00,2011-11-29 11:48:00,6518,United Kingdom,5,5,5,555,Champions,0,520.63,672,683,11.76,1836.78,0
13680,1,12,11419.67,2009-12-04 14:14:00,2011-12-08 13:47:00,5244,United Kingdom,5,5,5,555,Champions,0,951.64,733,735,5.96,1701.53,0
14016,162,11,11403.41,2010-01-08 14:12:00,2011-07-01 11:29:00,5722,EIRE,3,5,5,355,Loyal,0,1036.67,538,700,5.74,1785.15,0
13102,1,37,11380.1,2010-05-06 13:12:00,2011-12-08 12:52:00,6366,United Kingdom,5,5,5,555,Champions,0,307.57,580,582,23.2,2140.69,0
12474,17,29,11310.75,2010-02-11 09:41:00,2011-11-22 14:39:00,7881,Germany,5,5,5,555,Champions,0,390.03,649,667,15.87,1856.93,0
15874,64,21,11284.76,2010-01-07 13:56:00,2011-10-07 12:31:00,5102,United Kingdom,3,5,5,355,Loyal,0,537.37,637,701,10.93,1762.04,0
12437,2,38,11282.4,2009-12-02 16:24:00,2011-12-08 11:35:00,7922,France,5,5,5,555,Champions,0,296.91,735,737,18.82,1676.35,0
15555,12,36,11233.78,2009-12-06 11:58:00,2011-11-27 16:19:00,8454,United Kingdom,5,5,5,555,Champions,0,312.05,721,734,17.9,1675.71,0
13576,10,28,11202.59,2009-12-08 15:12:00,2011-11-29 15:34:00,4506,United Kingdom,5,5,5,555,Champions,0,400.09,721,731,13.98,1677.98,0
12539,22,7,11186.75,2009-12-23 13:00:00,2011-11-17 13:30:00,4534,Spain,4,4,5,445,Champions,0,1598.11,694,716,3.57,1711.58,0
14134,383,15,11123.35,2009-12-10 09:25:00,2010-11-22 12:26:00,5814,United Kingdom,2,5,5,255,Can't Lose Them,1,741.56,347,730,7.5,1668.51,1
12705,15,13,11114.1,2010-06-24 09:51:00,2011-11-24 13:17:00,7152,Germany,5,5,5,555,Champions,0,854.93,518,534,8.89,2280.1,0
13013,1,29,11097.43,2009-12-14 10:34:00,2011-12-08 15:01:00,5661,United Kingdom,5,5,5,555,Champions,0,382.67,724,726,14.58,1673.8,0
12481,23,14,11033.51,2010-04-11 13:10:00,2011-11-17 08:29:00,7110,Germany,4,5,5,455,Champions,0,788.11,584,607,8.42,1990.77,0
15032,256,8,11010.05,2009-12-10 15:27:00,2011-03-28 15:03:00,6601,United Kingdom,2,4,5,245,Can't Lose Them,1,1376.26,472,729,4.01,1655.64,1
14045,109,16,10986.63,2010-01-08 10:08:00,2011-08-22 15:27:00,4459,United Kingdom,3,5,5,355,Loyal,0,686.66,591,701,8.33,1715.96,0
16985,17,23,10923.16,2009-12-10 13:34:00,2011-11-22 13:33:00,3103,United Kingdom,5,5,5,555,Champions,0,474.92,711,729,11.52,1641.32,0
18052,565,1,10877.18,2010-05-24 11:11:00,2010-05-24 11:11:00,17766,United Kingdom,1,2,5,125,Hibernating / Lost,1,10877.18,0,565,0.65,2121.05,1
12567,23,15,10741.48,2010-02-11 10:30:00,2011-11-17 11:02:00,5251,France,4,5,5,455,Champions,0,716.1,644,667,8.21,1763.75,0
16033,6,27,10608.81,2010-08-11 16:44:00,2011-12-04 12:44:00,4200,United Kingdom,5,5,5,555,Champions,0,392.92,479,485,20.32,2395.24,0
13324,36,18,10513.47,2010-05-25 10:23:00,2011-11-03 16:28:00,8448,United Kingdom,4,5,5,455,Champions,0,584.08,527,564,11.65,2041.36,0
15290,5,26,10496.28,2010-02-24 10:15:00,2011-12-05 11:39:00,6567,United Kingdom,5,5,5,555,Champions,0,403.7,649,654,14.51,1757.31,0
12683,4,20,10445.7,2009-12-13 15:01:00,2011-12-05 16:28:00,6948,France,5,5,5,555,Champions,0,522.29,722,726,10.06,1576.27,0
14028,550,3,10396.5,2010-06-07 12:02:00,2010-06-07 13:33:00,7170,United Kingdom,1,3,5,135,At Risk,1,3465.5,0,551,1.99,2068.9,1
16168,11,66,10360.67,2009-12-03 12:38:00,2011-11-29 12:45:00,4975,United Kingdom,5,5,5,555,Champions,0,156.98,726,737,32.69,1539.5,0
16984,88,9,10350.53,2010-03-07 15:34:00,2011-09-12 13:43:00,5127,United Kingdom,3,5,5,355,Loyal,0,1150.06,553,642,5.12,1766.49,0
15296,51,12,10323.03,2010-01-21 13:48:00,2011-10-20 11:47:00,5452,United Kingdom,4,5,5,455,Champions,0,860.25,636,687,6.38,1646.52,0
14422,1,19,10271.52,2009-12-17 12:12:00,2011-12-09 11:26:00,6067,United Kingdom,5,5,5,555,Champions,0,540.61,721,723,9.59,1555.33,0
17160,31,17,10209.16,2009-12-04 10:57:00,2011-11-08 14:05:00,8390,United Kingdom,4,5,5,455,Champions,0,600.54,704,736,8.43,1518.77,0
15719,33,31,10194.32,2009-12-01 12:47:00,2011-11-07 12:29:00,5355,United Kingdom,4,5,5,455,Champions,0,328.85,705,739,15.31,1510.41,0
14796,1,27,10167.77,2009-12-14 15:06:00,2011-12-08 15:31:00,7184,United Kingdom,5,5,5,555,Champions,0,376.58,724,725,13.59,1535.32,0
18229,12,28,10150.51,2009-12-03 14:42:00,2011-11-28 09:48:00,3071,United Kingdom,5,5,5,555,Champions,0,362.52,724,736,13.89,1510.62,0
15805,23,30,10148.93,2009-12-10 12:57:00,2011-11-16 16:32:00,6205,United Kingdom,4,5,5,455,Champions,0,338.3,706,729,15.02,1524.38,0
18055,7,14,10142.64,2010-10-22 13:27:00,2011-12-02 14:25:00,3534,United Kingdom,5,5,5,555,Champions,0,724.47,406,413,12.37,2688.51,0
16327,14,16,10129.04,2009-12-14 13:06:00,2011-11-25 13:23:00,8088,United Kingdom,5,5,5,555,Champions,0,633.07,711,725,8.06,1530.76,0
12431,36,25,10102.22,2010-01-15 09:04:00,2011-11-04 11:55:00,4578,Australia,4,5,5,455,Champions,0,404.09,658,694,13.15,1594.14,0
17809,16,20,10085.89,2009-12-02 14:52:00,2011-11-23 12:59:00,2995,United Kingdom,5,5,5,555,Champions,0,504.29,720,737,9.91,1499.25,0
13941,22,15,10027.18,2009-12-16 16:10:00,2011-11-18 09:43:00,4782,United Kingdom,4,5,5,455,Champions,0,668.48,701,723,7.57,1518.12,0
13985,4,22,10020.86,2010-02-09 13:56:00,2011-12-05 17:06:00,4936,United Kingdom,5,5,5,555,Champions,0,455.49,664,668,12.02,1642.5,0
15547,7,26,10002.65,2009-12-06 13:40:00,2011-12-02 12:52:00,7251,United Kingdom,5,5,5,555,Champions,0,384.72,725,733,12.95,1494.64,0
14755,10,25,9972.550000000001,2009-12-03 16:51:00,2011-11-30 11:24:00,4401,United Kingdom,5,5,5,555,Champions,0,398.9,726,736,12.4,1483.91,0
16182,72,9,9971.65,2010-03-09 09:34:00,2011-09-28 13:23:00,5887,United Kingdom,3,5,5,355,Loyal,0,1107.96,568,641,5.12,1701.83,0
15694,1,23,9963.48,2009-12-07 15:43:00,2011-12-09 09:44:00,2466,United Kingdom,5,5,5,555,Champions,0,433.19,731,732,11.47,1490.61,0
14101,74,13,9961.93,2010-03-28 13:36:00,2011-09-27 12:28:00,10542,United Kingdom,3,5,5,355,Loyal,0,766.3,547,621,7.64,1756.36,0
16131,52,12,9957.42,2009-12-02 10:09:00,2011-10-19 11:53:00,4768,United Kingdom,4,5,5,455,Champions,0,829.78,686,738,5.93,1476.18,0
18260,173,23,9947.26,2009-12-15 13:50:00,2011-06-20 12:37:00,5244,United Kingdom,3,5,5,355,Loyal,0,432.49,551,724,11.6,1505.07,0
17049,3,19,9942.53,2010-03-04 10:23:00,2011-12-07 10:48:00,4273,United Kingdom,5,5,5,555,Champions,0,523.29,643,646,10.74,1686.04,0
16701,9,26,9916.73,2009-12-01 19:19:00,2011-12-01 11:10:00,11046,United Kingdom,5,5,5,555,Champions,0,381.41,729,738,12.86,1471.48,0
12668,12,9,9906.03,2010-01-31 15:45:00,2011-11-28 10:56:00,4974,Germany,5,5,5,555,Champions,0,1100.67,665,677,4.85,1601.47,0
12758,117,7,9903.24,2009-12-01 14:40:00,2011-08-15 10:22:00,6155,Portugal,3,4,5,345,Loyal,1,1414.75,621,738,3.46,1468.51,0
14329,17,15,9887.62,2009-12-16 15:31:00,2011-11-22 15:50:00,5913,United Kingdom,5,5,5,555,Champions,0,659.17,706,723,7.57,1496.98,0
14828,197,13,9839.460000000001,2009-12-07 11:19:00,2011-05-27 10:16:00,9718,United Kingdom,2,5,5,255,Can't Lose Them,0,756.88,535,733,6.47,1469.1,1
13599,1,33,9811.04,2009-12-01 12:30:00,2011-12-08 16:10:00,6248,United Kingdom,5,5,5,555,Champions,0,297.3,737,739,16.3,1453.8,0
16353,4,38,9795.460000000001,2009-12-07 13:55:00,2011-12-06 12:23:00,3483,United Kingdom,5,5,5,555,Champions,0,257.78,728,732,18.95,1465.48,0
12524,9,17,9794.11,2010-02-08 14:41:00,2011-11-30 15:31:00,7104,Germany,5,5,5,555,Champions,0,576.12,660,669,9.28,1603.92,0
14944,30,19,9784.67,2010-02-17 08:47:00,2011-11-10 09:10:00,4864,United Kingdom,4,5,5,455,Champions,0,514.98,631,661,10.49,1620.64,0
17306,11,21,9782.35,2010-11-01 11:38:00,2011-11-29 12:14:00,13747,United Kingdom,5,5,5,555,Champions,0,465.83,393,404,18.97,2651.04,0
13018,16,35,9763.16,2010-03-01 12:34:00,2011-11-23 13:28:00,6746,United Kingdom,5,5,5,555,Champions,0,278.95,632,649,19.68,1646.92,0
13735,25,13,9762.77,2009-12-13 13:31:00,2011-11-15 11:14:00,4135,United Kingdom,4,5,5,455,Champions,0,750.98,701,726,6.54,1473.42,0
14085,2,32,9705.67,2009-12-08 13:41:00,2011-12-07 13:46:00,6433,United Kingdom,5,5,5,555,Champions,0,303.3,729,731,15.98,1454.02,0
12839,3,26,9669.12,2009-12-07 09:18:00,2011-12-07 12:33:00,6578,United Kingdom,5,5,5,555,Champions,0,371.89,730,733,12.95,1444.79,0
16782,10,38,9636.12,2009-12-09 11:58:00,2011-11-29 13:20:00,4027,United Kingdom,5,5,5,555,Champions,0,253.58,720,731,18.97,1443.12,0
17315,2,41,9559.5,2010-09-27 12:45:00,2011-12-08 12:15:00,5062,United Kingdom,5,5,5,555,Champions,0,233.16,436,439,34.09,2384.53,0
18109,2,38,9555.71,2010-07-01 12:13:00,2011-12-08 11:36:00,4822,United Kingdom,5,5,5,555,Champions,0,251.47,524,527,26.32,1985.61,0
15502,16,12,9542.92,2010-06-03 11:12:00,2011-11-24 12:48:00,5555,United Kingdom,5,5,5,555,Champions,0,795.24,539,555,7.89,1882.33,0
14091,654,2,9530.08,2010-01-10 13:41:00,2010-02-23 15:17:00,3316,United Kingdom,1,2,5,125,Hibernating / Lost,1,4765.04,44,698,1.05,1500.99,1
17811,4,47,9513.1,2010-09-20 11:24:00,2011-12-05 13:46:00,5277,United Kingdom,5,5,5,555,Champions,0,202.41,441,446,38.46,2335.41,0
13999,10,29,9502.26,2009-12-05 12:42:00,2011-11-29 13:40:00,5043,United Kingdom,5,5,5,555,Champions,0,327.66,724,735,14.4,1415.49,0
17504,206,18,9490.17,2010-02-08 09:22:00,2011-05-17 12:59:00,5420,United Kingdom,2,5,5,255,Can't Lose Them,0,527.23,463,670,9.81,1551.64,1
14063,687,7,9471.5,2009-12-08 13:46:00,2010-01-22 11:28:00,3848,United Kingdom,1,4,5,145,Can't Lose Them,1,1353.07,44,731,3.5,1420.72,1
14146,9,12,9450.3,2010-01-13 16:04:00,2011-12-01 10:18:00,5780,United Kingdom,5,5,5,555,Champions,0,787.52,686,695,6.3,1488.41,0
14439,320,5,9443.04,2010-01-21 14:01:00,2011-01-24 11:39:00,2244,Greece,2,4,5,245,Can't Lose Them,1,1888.61,367,687,2.66,1507.11,1
13267,3,36,9429.81,2009-12-07 16:56:00,2011-12-07 11:12:00,3959,United Kingdom,5,5,5,555,Champions,0,261.94,729,732,17.95,1410.55,0
17230,264,18,9388.49,2009-12-08 13:41:00,2011-03-20 16:12:00,3753,United Kingdom,2,5,5,255,Can't Lose Them,0,521.58,467,731,8.99,1406.7,1
15727,17,15,9371.71,2010-01-24 12:12:00,2011-11-23 12:36:00,5908,United Kingdom,5,5,5,555,Champions,0,624.78,668,685,7.99,1497.6,0
15981,25,21,9362.77,2010-03-29 10:07:00,2011-11-15 08:00:00,4827,United Kingdom,4,5,5,455,Champions,0,445.85,595,621,12.34,1650.54,0
12590,211,1,9341.26,2011-05-12 14:46:00,2011-05-12 14:46:00,4282,Germany,2,1,5,215,Hibernating / Lost,1,9341.26,0,211,1.73,4848.11,1
13069,1,38,9284.45,2010-06-14 14:27:00,2011-12-09 08:39:00,15171,United Kingdom,5,5,5,555,Champions,0,244.33,542,543,25.54,1872.06,0
13162,122,16,9275.49,2009-12-04 13:59:00,2011-08-09 15:59:00,5755,United Kingdom,3,5,5,355,Loyal,0,579.72,613,735,7.95,1382.63,0
15249,32,18,9266.0,2010-03-26 14:51:00,2011-11-08 11:45:00,4980,United Kingdom,4,5,5,455,Champions,0,514.78,591,623,10.55,1629.28,0
14367,8,16,9227.82,2011-03-08 14:12:00,2011-12-01 13:19:00,4426,United Kingdom,5,5,5,555,Champions,0,576.74,267,276,21.16,3661.15,0
14292,8,16,9226.25,2010-03-19 11:10:00,2011-12-02 11:50:00,3429,United Kingdom,5,5,5,555,Champions,0,576.64,623,631,9.26,1601.91,0
17757,1,56,9070.1,2010-01-13 15:56:00,2011-12-08 15:31:00,5010,United Kingdom,5,5,5,555,Champions,0,161.97,693,695,29.41,1429.06,0
15298,2,23,9061.77,2009-12-08 17:04:00,2011-12-07 17:17:00,6000,United Kingdom,5,5,5,555,Champions,0,393.99,729,731,11.48,1356.9,0
16709,85,14,9056.01,2009-12-09 13:16:00,2011-09-16 10:56:00,3261,United Kingdom,3,5,5,355,Loyal,0,646.86,645,730,7.0,1358.41,0
13327,39,19,9052.87,2009-12-18 15:35:00,2011-11-01 10:21:00,4202,United Kingdom,4,5,5,455,Champions,0,476.47,682,721,9.62,1375.09,0
15939,90,15,9004.84,2010-11-30 12:07:00,2011-09-11 11:30:00,6227,United Kingdom,3,5,5,355,Loyal,0,600.32,284,375,14.6,2629.4,0
17068,12,47,8980.18,2010-03-28 14:26:00,2011-11-27 13:14:00,4345,United Kingdom,5,5,5,555,Champions,0,191.07,608,621,27.62,1583.21,0
15150,17,13,8977.94,2010-06-14 12:01:00,2011-11-22 12:52:00,6167,United Kingdom,5,5,5,555,Champions,0,690.61,526,544,8.72,1806.64,0
15903,10,12,8939.84,2010-01-14 10:57:00,2011-11-30 08:08:00,3926,United Kingdom,5,5,5,555,Champions,0,744.99,684,695,6.3,1408.03,0
12747,2,26,8898.48,2009-12-07 13:23:00,2011-12-07 14:34:00,2640,United Kingdom,5,5,5,555,Champions,0,342.25,730,732,12.96,1330.67,0
14060,5,30,8898.24,2010-03-11 09:47:00,2011-12-05 12:29:00,7419,United Kingdom,5,5,5,555,Champions,0,296.61,634,639,17.14,1525.17,0
13555,74,13,8891.84,2010-01-19 13:20:00,2011-09-27 12:36:00,4762,United Kingdom,3,5,5,355,Loyal,0,683.99,615,689,6.89,1413.81,0
14709,15,25,8886.33,2009-12-05 15:26:00,2011-11-24 15:41:00,4141,United Kingdom,5,5,5,555,Champions,0,355.45,719,734,12.43,1325.47,0
12359,58,10,8873.39,2009-12-05 13:32:00,2011-10-13 12:47:00,2739,Cyprus,4,5,5,455,Champions,0,887.34,676,734,4.97,1323.02,0
15867,5,31,8869.87,2009-12-14 15:16:00,2011-12-04 13:32:00,4969,United Kingdom,5,5,5,555,Champions,0,286.12,719,725,15.61,1339.9,0
14135,2,24,8839.67,2009-12-02 08:58:00,2011-12-08 11:38:00,8534,United Kingdom,5,5,5,555,Champions,0,368.32,736,738,11.87,1311.59,0
16700,9,25,8830.77,2009-12-02 10:51:00,2011-12-01 11:00:00,6644,United Kingdom,5,5,5,555,Champions,0,353.23,729,738,12.36,1309.78,0
16550,109,18,8807.68,2009-12-02 11:24:00,2011-08-23 11:12:00,5403,United Kingdom,3,5,5,355,Loyal,0,489.32,628,738,8.9,1306.48,0
15260,100,25,8767.73,2009-12-06 11:45:00,2011-08-31 13:55:00,4468,United Kingdom,3,5,5,355,Loyal,0,350.71,633,734,12.43,1307.8,0
12490,5,20,8764.64,2009-12-01 12:52:00,2011-12-04 16:07:00,5849,France,5,5,5,555,Champions,0,438.23,733,738,9.89,1300.23,0
16532,18,5,8756.64,2010-03-29 10:26:00,2011-11-22 11:08:00,2544,United Kingdom,5,4,5,545,Champions,0,1751.33,603,621,2.94,1544.67,0
15570,7,25,8736.49,2010-03-28 14:04:00,2011-12-02 14:47:00,4079,United Kingdom,5,5,5,555,Champions,0,349.46,614,621,14.69,1540.07,0
16186,23,26,8718.43,2009-12-09 15:36:00,2011-11-17 12:43:00,6594,United Kingdom,4,5,5,455,Champions,0,335.32,707,730,13.0,1307.75,0
12957,10,13,8706.97,2009-12-11 12:01:00,2011-11-30 09:53:00,4686,United Kingdom,5,5,5,555,Champions,0,669.77,718,729,6.51,1308.06,0
17576,8,41,8705.6,2009-12-03 16:54:00,2011-12-01 17:56:00,4572,United Kingdom,5,5,5,555,Champions,0,212.33,728,736,20.33,1295.0,0
15497,18,9,8657.39,2009-12-18 15:08:00,2011-11-22 11:51:00,2937,United Kingdom,5,5,5,555,Champions,0,961.93,703,721,4.56,1315.92,0
13756,2,23,8655.95,2009-12-15 15:18:00,2011-12-07 16:44:00,5138,United Kingdom,5,5,5,555,Champions,0,376.35,722,724,11.6,1309.7,0
13263,1,38,8650.98,2010-10-22 17:07:00,2011-12-08 13:59:00,5365,United Kingdom,5,5,5,555,Champions,0,227.66,411,413,33.58,2293.45,0
13758,12,14,8595.29,2009-12-01 10:06:00,2011-11-28 11:11:00,4666,United Kingdom,5,5,5,555,Champions,0,613.95,727,739,6.91,1272.72,0
16945,22,33,8548.16,2009-12-09 11:33:00,2011-11-18 11:39:00,5889,United Kingdom,4,5,5,455,Champions,0,259.04,709,731,16.48,1280.69,0
15281,59,16,8543.57,2010-10-08 12:14:00,2011-10-12 09:10:00,5233,United Kingdom,4,5,5,455,Champions,0,533.97,368,428,13.64,2185.01,0
13269,1,28,8537.32,2009-12-02 11:47:00,2011-12-08 14:53:00,6366,United Kingdom,5,5,5,555,Champions,0,304.9,736,738,13.85,1266.86,0
15270,16,21,8524.86,2009-12-17 15:02:00,2011-11-24 09:24:00,4010,United Kingdom,5,5,5,555,Champions,0,405.95,706,722,10.62,1293.36,0
12798,10,4,8510.93,2010-10-14 12:27:00,2011-11-29 15:52:00,8455,Japan,5,3,5,535,Loyal,0,2127.73,411,422,3.46,2208.58,0
13209,30,13,8509.51,2010-01-24 14:30:00,2011-11-09 13:54:00,5781,United Kingdom,4,5,5,455,Champions,0,654.58,653,684,6.94,1362.84,0
15786,46,5,8501.62,2010-06-21 10:13:00,2011-10-24 14:13:00,5957,United Kingdom,4,4,5,445,Champions,0,1700.32,490,537,3.4,1734.33,0
13148,29,26,8488.32,2009-12-07 15:26:00,2011-11-10 15:23:00,4481,United Kingdom,4,5,5,455,Champions,0,326.47,702,732,12.96,1269.32,0
14286,24,7,8479.76,2009-12-04 08:40:00,2011-11-16 10:34:00,8795,United Kingdom,4,4,5,445,Champions,0,1211.39,712,736,3.47,1261.06,0
18139,18,6,8438.34,2011-11-21 14:06:00,2011-11-22 10:44:00,5557,United Kingdom,5,4,5,545,Champions,0,1406.39,0,30,73.0,30799.94,0
13047,57,23,8423.58,2009-12-16 11:43:00,2011-10-14 11:15:00,3327,United Kingdom,4,5,5,455,Champions,0,366.24,666,724,11.6,1274.52,0
14160,610,7,8421.47,2010-01-10 12:06:00,2010-04-08 14:30:00,4661,United Kingdom,1,4,5,145,Can't Lose Them,1,1203.07,88,699,3.66,1320.97,1
15984,3,30,8393.02,2009-12-01 13:38:00,2011-12-07 12:16:00,5730,United Kingdom,5,5,5,555,Champions,0,279.77,735,738,14.84,1245.54,0
17396,39,13,8391.6,2010-09-24 13:04:00,2011-10-31 14:12:00,2312,United Kingdom,4,5,5,455,Champions,0,645.51,402,441,10.76,2083.71,0
13448,17,12,8386.22,2009-12-06 12:14:00,2011-11-23 12:33:00,4194,United Kingdom,5,5,5,555,Champions,0,698.85,717,734,5.97,1251.64,0
14676,31,12,8356.79,2010-03-10 09:30:00,2011-11-08 13:29:00,8792,United Kingdom,4,5,5,455,Champions,0,696.4,608,640,6.84,1429.01,0
14057,24,22,8346.66,2009-12-03 13:17:00,2011-11-16 10:32:00,6438,United Kingdom,4,5,5,455,Champions,0,379.39,712,736,10.91,1241.74,0
13206,400,13,8308.19,2009-12-07 13:48:00,2010-11-04 16:50:00,7086,United Kingdom,2,5,5,255,Can't Lose Them,1,639.09,332,732,6.48,1242.39,1
17686,7,9,8296.81,2010-06-24 09:49:00,2011-12-02 15:39:00,3583,United Kingdom,5,5,5,555,Champions,0,921.87,526,534,6.15,1700.85,0
17611,7,28,8287.53,2009-12-01 13:29:00,2011-12-02 13:29:00,5291,United Kingdom,5,5,5,555,Champions,0,295.98,731,738,13.85,1229.8,0
15998,37,16,8274.14,2009-12-01 11:45:00,2011-11-03 12:45:00,5350,United Kingdom,4,5,5,455,Champions,0,517.13,702,739,7.9,1225.6,0
15034,16,14,8231.2,2010-05-11 13:30:00,2011-11-24 12:11:00,4748,United Kingdom,5,5,5,555,Champions,0,587.94,561,577,8.86,1562.74,0
13381,32,12,8224.37,2009-12-01 15:19:00,2011-11-08 11:58:00,5125,United Kingdom,4,5,5,455,Champions,0,685.36,706,738,5.93,1219.26,0
13139,16,8,8202.98,2010-09-28 09:12:00,2011-11-23 13:54:00,4614,United Kingdom,5,4,5,545,Champions,0,1025.37,421,438,6.67,2051.77,0
16722,17,22,8189.56,2009-12-03 19:23:00,2011-11-22 13:28:00,7986,United Kingdom,5,5,5,555,Champions,0,372.25,718,736,10.91,1218.37,0
17365,13,15,8179.45,2010-02-01 11:56:00,2011-11-27 12:13:00,8003,United Kingdom,5,5,5,555,Champions,0,545.3,664,677,8.09,1323.44,0
13426,1,22,8167.38,2009-12-09 15:16:00,2011-12-09 08:59:00,4868,United Kingdom,5,5,5,555,Champions,0,371.24,729,730,11.0,1225.09,0
13715,281,17,8153.04,2010-03-11 15:33:00,2011-03-03 19:21:00,4800,United Kingdom,2,5,5,255,Can't Lose Them,0,479.59,357,638,9.73,1399.92,1
14056,1,23,8152.71,2011-02-28 15:19:00,2011-12-08 13:36:00,4252,United Kingdom,5,5,5,555,Champions,0,354.47,282,284,29.56,3143.44,0
12766,4,9,8134.99,2010-10-28 09:29:00,2011-12-06 08:46:00,4994,Portugal,5,5,5,555,Champions,0,903.89,403,408,8.05,2182.89,0
16672,2,20,8134.9400000000005,2011-03-18 10:15:00,2011-12-07 16:29:00,2832,United Kingdom,5,5,5,555,Champions,0,406.75,264,267,27.34,3336.16,0
17593,4,11,8092.32,2009-12-04 14:35:00,2011-12-06 10:30:00,5595,United Kingdom,5,5,5,555,Champions,0,735.67,731,735,5.46,1205.03,0
15955,24,22,8085.9800000000005,2010-02-23 16:36:00,2011-11-15 14:15:00,3967,United Kingdom,4,5,5,455,Champions,0,367.54,629,654,12.28,1354.02,0
12637,67,12,8085.8099999999995,2010-06-14 13:36:00,2011-10-03 13:46:00,4246,France,3,5,5,355,Loyal,0,673.82,476,543,8.07,1631.32,0
17426,8,13,8077.77,2010-02-17 13:39:00,2011-12-01 18:07:00,5187,United Kingdom,5,5,5,555,Champions,0,621.37,652,660,7.19,1340.3,0
16767,31,15,8052.41,2010-04-28 16:49:00,2011-11-09 09:42:00,7099,United Kingdom,4,5,5,455,Champions,0,536.83,559,590,9.28,1494.53,0
16670,17,20,8030.150000000001,2009-12-10 15:28:00,2011-11-23 09:34:00,4534,United Kingdom,5,5,5,555,Champions,0,401.51,712,729,10.01,1205.73,0
18041,12,38,8018.7699999999995,2010-01-14 10:04:00,2011-11-28 11:39:00,7316,United Kingdom,5,5,5,555,Champions,0,211.02,683,695,19.96,1263.59,0
14525,20,17,8018.59,2009-12-13 14:01:00,2011-11-20 11:37:00,5105,United Kingdom,4,5,5,455,Champions,0,471.68,706,726,8.55,1209.86,0
16556,67,17,8012.58,2009-12-07 10:51:00,2011-10-04 11:36:00,4353,United Kingdom,3,5,5,355,Loyal,0,471.33,666,733,8.47,1197.65,0
13869,123,10,7996.87,2010-01-17 14:53:00,2011-08-08 13:53:00,4302,United Kingdom,3,5,5,355,Loyal,0,799.69,567,691,5.28,1266.71,0
13174,16,11,7972.46,2009-12-04 15:40:00,2011-11-23 14:35:00,3790,United Kingdom,5,5,5,555,Champions,0,724.77,718,735,5.46,1187.17,0
16303,26,7,7928.27,2010-03-18 14:12:00,2011-11-14 10:49:00,3859,United Kingdom,4,4,5,445,Champions,0,1132.61,605,631,4.05,1376.12,0
14291,2,23,7904.1,2009-12-09 10:46:00,2011-12-08 10:26:00,6146,United Kingdom,5,5,5,555,Champions,0,343.66,728,731,11.48,1183.57,0
13871,23,17,7885.85,2009-12-20 13:09:00,2011-11-17 10:49:00,3502,United Kingdom,4,5,5,455,Champions,0,463.87,696,719,8.63,1200.96,0
15622,43,17,7852.61,2010-03-04 10:29:00,2011-10-27 16:44:00,4091,United Kingdom,4,5,5,455,Champions,0,461.92,602,646,9.61,1331.72,0
14159,20,20,7849.58,2009-12-03 12:31:00,2011-11-20 12:36:00,6514,United Kingdom,4,5,5,455,Champions,0,392.48,717,737,9.91,1166.84,0
17085,123,28,7839.27,2009-12-06 12:16:00,2011-08-08 14:15:00,3553,United Kingdom,3,5,5,355,Loyal,0,279.97,610,734,13.92,1169.15,0
12867,26,13,7829.26,2009-12-16 16:25:00,2011-11-13 15:30:00,7876,United Kingdom,4,5,5,455,Champions,0,602.25,696,723,6.56,1185.23,0
16592,4,28,7807.91,2009-12-18 15:57:00,2011-12-05 13:49:00,5504,United Kingdom,5,5,5,555,Champions,0,278.85,716,721,14.17,1185.39,0
15544,9,20,7807.89,2010-01-28 14:39:00,2011-11-30 16:43:00,6745,United Kingdom,5,5,5,555,Champions,0,390.39,671,680,10.74,1257.84,0
12643,128,11,7803.82,2010-04-07 14:16:00,2011-08-03 12:56:00,4642,France,3,5,5,355,Loyal,0,709.44,482,611,6.57,1398.31,0
14395,2,20,7801.93,2010-04-18 13:12:00,2011-12-07 14:34:00,3872,United Kingdom,5,5,5,555,Champions,0,390.1,598,600,12.17,1424.26,0
17409,185,10,7793.51,2009-12-11 12:17:00,2011-06-08 10:36:00,4089,United Kingdom,3,5,5,355,Loyal,1,779.35,543,729,5.01,1171.36,1
17730,3,20,7773.8,2010-04-29 11:48:00,2011-12-06 15:43:00,5300,United Kingdom,5,5,5,555,Champions,0,388.69,586,590,12.37,1442.43,0
17739,12,18,7730.59,2009-12-07 10:48:00,2011-11-28 09:12:00,2335,United Kingdom,5,5,5,555,Champions,0,429.48,720,733,8.96,1154.44,0
13534,2,35,7720.9,2010-07-07 15:00:00,2011-12-07 14:52:00,3869,United Kingdom,5,5,5,555,Champions,0,220.6,517,520,24.57,1626.04,0
17696,38,27,7679.59,2009-12-10 17:09:00,2011-11-01 13:43:00,5891,United Kingdom,4,5,5,455,Champions,0,284.43,690,729,13.52,1153.65,0
14175,60,8,7678.88,2010-03-22 10:43:00,2011-10-11 11:55:00,3009,United Kingdom,3,4,5,345,Loyal,0,959.86,568,628,4.65,1339.0,0
13141,85,17,7656.08,2009-12-09 13:34:00,2011-09-16 09:54:00,5159,United Kingdom,3,5,5,355,Loyal,0,450.36,645,730,8.5,1148.42,0
15046,9,25,7604.84,2010-01-14 14:29:00,2011-11-30 15:50:00,4584,United Kingdom,5,5,5,555,Champions,0,304.19,685,694,13.15,1200.03,0
14145,47,7,7600.05,2010-04-08 09:47:00,2011-10-24 12:10:00,1655,United Kingdom,4,4,5,445,Champions,0,1085.72,564,611,4.18,1361.49,0
13373,61,6,7587.1900000000005,2009-12-06 12:34:00,2011-10-10 10:51:00,4263,United Kingdom,3,4,5,345,Loyal,0,1264.53,672,734,2.98,1130.49,0
13137,11,16,7586.94,2010-07-25 15:40:00,2011-11-29 12:09:00,4238,United Kingdom,5,5,5,555,Champions,0,474.18,491,502,11.63,1654.41,0
13709,4,18,7571.35,2010-01-11 10:40:00,2011-12-06 10:28:00,4122,United Kingdom,5,5,5,555,Champions,0,420.63,693,698,9.41,1187.44,0
14030,18,20,7521.8,2009-12-10 17:27:00,2011-11-21 16:48:00,4215,United Kingdom,5,5,5,555,Champions,0,376.09,710,729,10.01,1129.4,0
17091,3,19,7495.75,2009-12-16 15:45:00,2011-12-07 10:43:00,3732,United Kingdom,5,5,5,555,Champions,0,394.51,720,723,9.59,1135.01,0
15179,18,13,7491.92,2009-12-03 12:27:00,2011-11-21 12:53:00,5416,United Kingdom,5,5,5,555,Champions,0,576.3,718,737,6.44,1113.41,0
16570,15,20,7434.31,2010-03-30 09:32:00,2011-11-24 17:02:00,4292,United Kingdom,5,5,5,555,Champions,0,371.72,604,620,11.77,1312.54,0
16242,8,14,7404.65,2010-03-15 16:02:00,2011-12-01 15:12:00,3921,United Kingdom,5,5,5,555,Champions,0,528.9,625,634,8.06,1278.88,0
17602,2,14,7354.43,2010-03-30 17:25:00,2011-12-07 13:53:00,5880,United Kingdom,5,5,5,555,Champions,0,525.32,616,619,8.26,1301.74,0
13082,126,21,7335.75,2009-12-22 15:37:00,2011-08-05 16:16:00,8466,United Kingdom,3,5,5,355,Loyal,0,349.32,591,717,10.69,1120.27,0
17238,3,32,7331.17,2009-12-01 10:59:00,2011-12-07 11:35:00,3554,United Kingdom,5,5,5,555,Champions,0,229.1,736,739,15.81,1086.62,0
16253,67,7,7272.2,2009-12-08 17:24:00,2011-10-04 09:09:00,6030,United Kingdom,3,4,5,345,Loyal,0,1038.89,664,731,3.5,1090.83,0
14282,3,25,7250.76,2010-02-15 11:22:00,2011-12-06 17:04:00,5166,United Kingdom,5,5,5,555,Champions,0,290.03,659,663,13.76,1197.24,0
14092,8,24,7229.45,2009-12-16 16:24:00,2011-12-02 12:13:00,3606,United Kingdom,5,5,5,555,Champions,0,301.23,715,723,12.12,1095.27,0
14243,9,17,7217.75,2010-08-20 13:41:00,2011-12-01 11:12:00,3631,United Kingdom,5,5,5,555,Champions,0,424.57,467,476,13.04,1660.92,0
12380,22,8,7210.65,2010-02-15 12:05:00,2011-11-18 11:27:00,3314,Belgium,4,4,5,445,Champions,0,901.33,640,663,4.4,1189.76,0
16729,38,21,7202.01,2011-04-12 14:22:00,2011-11-01 14:29:00,5718,United Kingdom,4,5,5,455,Champions,0,342.95,203,241,31.8,3271.74,0
14688,8,28,7190.42,2010-09-09 12:35:00,2011-12-02 12:26:00,5041,United Kingdom,5,5,5,555,Champions,0,256.8,448,457,22.36,1722.61,0
16745,87,17,7180.7,2011-02-01 11:31:00,2011-09-14 11:58:00,6719,United Kingdom,3,5,5,355,Loyal,0,422.39,225,312,19.89,2520.4,0
14800,48,17,7180.08,2010-09-30 14:38:00,2011-10-23 12:46:00,6498,United Kingdom,4,5,5,455,Champions,0,422.36,387,435,14.26,1806.86,0
14841,53,14,7163.0,2009-12-02 16:49:00,2011-10-17 15:03:00,4164,United Kingdom,4,5,5,455,Champions,0,511.64,683,737,6.93,1063.7,0
15950,32,10,7120.91,2010-01-26 11:39:00,2011-11-08 11:09:00,3354,United Kingdom,4,5,5,455,Champions,0,712.09,650,683,5.34,1140.77,0
14113,4,16,7092.610000000001,2009-12-08 07:42:00,2011-12-06 12:18:00,3439,United Kingdom,5,5,5,555,Champions,0,443.29,728,732,7.98,1061.24,0
13451,26,11,7088.92,2010-03-21 16:13:00,2011-11-13 15:58:00,5226,United Kingdom,4,5,5,455,Champions,0,644.45,601,628,6.39,1235.41,0
15521,40,16,7087.64,2010-01-05 10:19:00,2011-10-30 13:42:00,4504,United Kingdom,4,5,5,455,Champions,0,442.98,663,704,8.3,1103.02,0
17231,12,25,7064.8,2009-12-07 16:38:00,2011-11-27 15:18:00,3681,United Kingdom,5,5,5,555,Champions,0,282.59,719,732,12.47,1057.17,0
17769,13,17,7053.38,2010-01-19 11:33:00,2011-11-27 11:18:00,3157,United Kingdom,5,5,5,555,Champions,0,414.9,676,690,8.99,1118.99,0
13183,8,15,7036.18,2010-03-14 12:32:00,2011-12-02 10:30:00,4027,United Kingdom,5,5,5,555,Champions,0,469.08,627,636,8.61,1211.63,0
17965,38,29,7002.9,2009-12-14 13:19:00,2011-11-02 09:31:00,4380,United Kingdom,4,5,5,455,Champions,0,241.48,687,725,14.6,1057.68,0
16938,9,9,6995.360000000001,2010-02-17 14:47:00,2011-12-01 10:20:00,5041,United Kingdom,5,5,5,555,Champions,0,777.26,651,660,4.98,1161.23,0
17690,30,20,6963.8,2010-02-03 14:26:00,2011-11-09 15:17:00,2939,United Kingdom,4,5,5,455,Champions,0,348.19,644,674,10.83,1131.27,0
12841,5,40,6958.2,2010-07-08 15:38:00,2011-12-05 11:13:00,5008,United Kingdom,5,5,5,555,Champions,0,173.96,514,519,28.13,1468.05,0
13552,66,22,6948.92,2010-02-19 13:28:00,2011-10-04 15:19:00,2630,United Kingdom,3,5,5,355,Loyal,0,315.86,592,658,12.2,1156.05,0
16265,9,12,6935.17,2010-10-28 15:18:00,2011-11-30 16:41:00,3214,United Kingdom,5,5,5,555,Champions,0,577.93,398,407,10.76,1865.56,0
16187,32,15,6911.4400000000005,2011-02-28 13:34:00,2011-11-08 09:50:00,5048,United Kingdom,4,5,5,455,Champions,0,460.76,252,284,19.28,2665.04,0
15301,51,17,6909.67,2010-09-15 15:41:00,2011-10-20 09:57:00,3763,United Kingdom,4,5,5,455,Champions,0,406.45,399,450,13.79,1681.48,0
12720,3,29,6905.28,2010-07-21 09:46:00,2011-12-07 08:03:00,5969,Germany,5,5,5,555,Champions,0,238.11,503,507,20.88,1491.52,0
12749,4,9,6897.36,2010-07-06 15:05:00,2011-12-06 09:56:00,2360,United Kingdom,5,5,5,555,Champions,0,766.37,517,521,6.31,1450.74,0
16170,51,20,6869.0,2010-02-18 13:50:00,2011-10-20 08:21:00,6056,United Kingdom,4,5,5,455,Champions,0,343.45,608,659,11.08,1141.63,0
15129,50,23,6860.18,2010-04-08 17:15:00,2011-10-20 14:40:00,4002,United Kingdom,4,5,5,455,Champions,0,298.27,559,610,13.76,1231.26,0
18231,192,28,6848.27,2010-01-10 12:13:00,2011-05-31 14:18:00,2913,United Kingdom,2,5,5,255,Can't Lose Them,0,244.58,506,699,14.62,1072.73,1
16401,1,23,6847.45,2010-06-02 13:13:00,2011-12-08 18:15:00,6033,United Kingdom,5,5,5,555,Champions,0,297.72,554,555,15.13,1351.35,0
12830,38,6,6814.64,2011-06-21 10:53:00,2011-11-02 11:54:00,9848,United Kingdom,4,4,5,445,Champions,0,1135.77,134,172,12.73,4337.51,0
16145,9,19,6805.4400000000005,2010-05-04 13:31:00,2011-12-01 10:33:00,5270,United Kingdom,5,5,5,555,Champions,0,358.18,575,584,11.88,1276.55,0
15413,692,5,6798.72,2009-12-01 10:18:00,2010-01-17 11:33:00,2694,United Kingdom,1,4,5,145,Can't Lose Them,1,1359.74,47,739,2.47,1007.57,1
14401,4,22,6795.9,2009-12-14 13:22:00,2011-12-05 13:30:00,6401,United Kingdom,5,5,5,555,Champions,0,308.9,721,725,11.08,1026.78,0
13993,43,19,6775.71,2009-12-03 11:57:00,2011-10-28 09:06:00,2135,United Kingdom,4,5,5,455,Champions,0,356.62,693,737,9.41,1006.74,0
13983,30,21,6753.89,2009-12-09 13:53:00,2011-11-10 11:06:00,3925,United Kingdom,4,5,5,455,Champions,0,321.61,700,730,10.5,1013.07,0
13815,22,8,6737.74,2010-02-12 10:26:00,2011-11-17 14:19:00,5340,Germany,4,4,5,445,Champions,0,842.22,643,666,4.38,1106.68,0
15321,71,12,6709.7300000000005,2010-02-03 09:47:00,2011-09-30 09:40:00,3653,United Kingdom,3,5,5,355,Loyal,0,559.14,603,675,6.49,1088.65,0
14844,64,10,6702.43,2010-04-12 12:50:00,2011-10-07 10:41:00,4369,United Kingdom,3,5,5,355,Loyal,0,670.24,542,607,6.01,1208.44,0
13734,509,4,6695.6900000000005,2010-04-16 08:42:00,2010-07-19 12:04:00,302,United Kingdom,1,3,5,135,At Risk,1,1673.92,94,603,2.42,1215.27,1
16497,50,23,6695.28,2009-12-03 14:11:00,2011-10-21 10:55:00,3050,United Kingdom,4,5,5,455,Champions,0,291.1,686,736,11.41,996.44,0
17975,15,24,6693.03,2010-08-06 11:24:00,2011-11-24 13:27:00,2177,United Kingdom,5,5,5,555,Champions,0,278.88,475,491,17.84,1492.57,0
13384,31,11,6680.83,2010-07-27 12:22:00,2011-11-09 11:04:00,4142,United Kingdom,4,5,5,455,Champions,0,607.35,469,501,8.01,1459.46,0
17700,17,14,6679.97,2009-12-01 11:37:00,2011-11-23 11:51:00,3469,United Kingdom,5,5,5,555,Champions,0,477.14,722,739,6.91,989.11,0
14461,148,13,6676.52,2010-01-18 12:48:00,2011-07-14 17:11:00,3004,United Kingdom,3,5,5,355,Loyal,0,513.58,542,691,6.87,1058.49,0
16717,24,14,6663.68,2009-12-07 15:55:00,2011-11-16 12:16:00,3145,United Kingdom,4,5,5,455,Champions,0,475.98,708,732,6.98,996.7,0
17001,1,19,6640.8,2010-03-25 12:41:00,2011-12-09 09:38:00,3782,United Kingdom,5,5,5,555,Champions,0,349.52,623,625,11.1,1163.9,0
13953,7,12,6640.68,2009-12-11 12:58:00,2011-12-02 16:04:00,5224,United Kingdom,5,5,5,555,Champions,0,553.39,721,728,6.02,999.42,0
14562,4,26,6638.150000000001,2010-02-07 14:10:00,2011-12-06 11:05:00,2574,United Kingdom,5,5,5,555,Champions,0,255.31,666,670,14.16,1084.56,0
13394,2,19,6621.7,2009-12-01 11:58:00,2011-12-08 11:36:00,5354,United Kingdom,5,5,5,555,Champions,0,348.51,736,739,9.38,980.71,0
15674,73,12,6613.52,2009-12-08 17:08:00,2011-09-27 15:17:00,3647,United Kingdom,3,5,5,355,Loyal,0,551.13,657,731,5.99,990.38,0
13831,16,18,6585.54,2009-12-10 14:50:00,2011-11-23 15:41:00,2393,United Kingdom,5,5,5,555,Champions,0,365.86,713,729,9.01,988.92,0
13015,53,11,6579.78,2010-04-15 16:35:00,2011-10-17 13:19:00,3527,United Kingdom,4,5,5,455,Champions,0,598.16,549,603,6.66,1195.12,0
12836,59,15,6559.7300000000005,2009-12-01 14:19:00,2011-10-11 15:10:00,2231,United Kingdom,4,5,5,455,Champions,0,437.32,679,738,7.42,973.47,0
15980,89,7,6543.68,2010-06-01 14:40:00,2011-09-12 09:41:00,4822,United Kingdom,3,4,5,345,Loyal,1,934.81,467,556,4.6,1290.04,0
13883,11,14,6535.37,2010-02-28 12:53:00,2011-11-29 10:45:00,3582,United Kingdom,5,5,5,555,Champions,0,466.81,638,649,7.87,1102.14,0
14855,119,7,6520.3,2010-04-08 10:30:00,2011-08-12 14:02:00,3510,United Kingdom,3,4,5,345,Loyal,1,931.47,491,611,4.18,1168.06,0
14221,42,17,6517.49,2010-04-06 14:10:00,2011-10-28 13:42:00,3808,United Kingdom,4,5,5,455,Champions,0,383.38,569,612,10.14,1166.24,0
12823,75,18,6501.5,2010-01-29 12:52:00,2011-09-26 07:35:00,930,United Kingdom,3,5,5,355,Loyal,0,361.19,604,679,9.68,1048.9,0
13317,66,19,6486.09,2009-12-13 11:11:00,2011-10-04 13:35:00,3148,United Kingdom,3,5,5,355,Loyal,0,341.37,660,727,9.54,977.0,0
12779,38,14,6474.11,2009-12-03 07:25:00,2011-11-02 11:43:00,3501,Poland,4,5,5,455,Champions,0,462.44,699,737,6.93,961.41,0
12843,66,28,6461.87,2009-12-13 11:41:00,2011-10-05 12:09:00,3025,United Kingdom,3,5,5,355,Loyal,0,230.78,661,727,14.06,973.43,0
14154,239,8,6460.7,2010-01-13 12:47:00,2011-04-14 16:26:00,3222,United Kingdom,2,4,5,245,Can't Lose Them,1,807.59,456,696,4.2,1017.56,1
15750,3,18,6452.99,2009-12-01 17:19:00,2011-12-07 12:34:00,4280,United Kingdom,5,5,5,555,Champions,0,358.5,735,738,8.9,957.2,0
16940,52,8,6427.66,2009-12-08 13:08:00,2011-10-18 13:15:00,4503,United Kingdom,4,5,5,455,Champions,0,803.46,679,731,3.99,961.74,0
16655,18,13,6423.26,2010-01-31 15:40:00,2011-11-22 11:25:00,3938,United Kingdom,5,5,5,555,Champions,0,494.1,659,677,7.01,1039.09,0
12428,26,8,6405.26,2011-03-01 09:33:00,2011-11-14 08:22:00,3509,Finland,4,4,5,445,Champions,0,800.66,257,284,10.28,2469.24,0
18094,82,13,6391.52,2010-01-07 11:16:00,2011-09-19 09:28:00,4164,United Kingdom,3,5,5,355,Loyal,0,491.66,619,702,6.76,997.09,0
12406,22,5,6390.36,2010-01-11 14:04:00,2011-11-17 19:22:00,3416,Denmark,4,4,5,445,Champions,0,1278.07,675,697,2.62,1004.56,0
15514,12,18,6388.28,2009-12-04 16:37:00,2011-11-27 14:40:00,4069,United Kingdom,5,5,5,555,Champions,0,354.9,722,735,8.94,951.84,0
14388,10,16,6388.2,2010-01-20 11:54:00,2011-11-29 13:32:00,4190,United Kingdom,5,5,5,555,Champions,0,399.26,678,689,8.48,1015.72,0
14766,8,11,6375.7300000000005,2010-06-06 11:11:00,2011-12-01 16:05:00,3999,United Kingdom,5,5,5,555,Champions,0,579.61,543,552,7.27,1264.13,0
14227,26,15,6366.16,2010-02-08 09:38:00,2011-11-13 15:48:00,4045,United Kingdom,4,5,5,455,Champions,0,424.41,643,670,8.17,1040.23,0
14702,1,29,6356.9800000000005,2009-12-10 20:22:00,2011-12-08 19:29:00,2874,United Kingdom,5,5,5,555,Champions,0,219.21,727,729,14.52,954.88,0
13590,11,18,6336.04,2009-12-01 13:37:00,2011-11-28 12:54:00,5271,United Kingdom,5,5,5,555,Champions,0,352.0,726,738,8.9,939.84,0
18245,7,20,6324.9800000000005,2010-03-08 15:26:00,2011-12-02 14:48:00,5098,United Kingdom,5,5,5,555,Champions,0,316.25,633,641,11.39,1080.63,0
13654,43,11,6308.0,2009-12-02 11:43:00,2011-10-27 16:24:00,4762,United Kingdom,4,5,5,455,Champions,0,573.45,694,738,5.44,935.87,0
12913,5,13,6283.24,2009-12-01 12:18:00,2011-12-05 12:11:00,3086,United Kingdom,5,5,5,555,Champions,0,483.33,733,739,6.42,930.89,0
12613,57,9,6277.37,2009-12-14 13:10:00,2011-10-13 14:59:00,4127,Germany,4,5,5,455,Champions,0,697.49,668,725,4.53,947.89,0
13136,56,13,6274.56,2009-12-08 18:30:00,2011-10-14 13:41:00,3109,United Kingdom,4,5,5,455,Champions,0,482.66,674,731,6.49,939.74,0
13615,319,8,6272.53,2010-01-28 15:43:00,2011-01-25 08:21:00,2910,United Kingdom,2,4,5,245,Can't Lose Them,1,784.07,361,680,4.29,1009.1,1
14004,43,11,6258.45,2010-09-30 09:39:00,2011-10-27 14:40:00,3425,United Kingdom,4,5,5,455,Champions,0,568.95,392,436,9.21,1572.01,0
15369,492,11,6251.26,2009-12-08 07:43:00,2010-08-04 13:54:00,3288,United Kingdom,1,5,5,155,Can't Lose Them,1,568.3,239,732,5.48,934.29,1
17799,22,20,6246.93,2009-12-13 16:03:00,2011-11-17 15:16:00,3674,United Kingdom,4,5,5,455,Champions,0,312.35,703,726,10.06,942.67,0
18118,11,29,6218.62,2010-11-23 13:36:00,2011-11-29 11:32:00,3172,United Kingdom,5,5,5,555,Champions,0,214.44,370,381,27.78,1787.14,0
16735,79,14,6217.41,2009-12-08 09:24:00,2011-09-22 11:49:00,4240,United Kingdom,3,5,5,355,Loyal,0,444.1,653,732,6.98,929.95,0
15673,88,9,6204.32,2010-02-22 14:28:00,2011-09-12 16:12:00,3274,United Kingdom,3,5,5,355,Loyal,0,689.37,567,655,5.02,1038.19,0
13334,82,5,6201.8,2010-02-25 12:21:00,2011-09-18 15:21:00,3198,United Kingdom,3,4,5,345,Loyal,1,1240.36,570,653,2.79,1038.18,0
16103,7,22,6191.71,2010-01-08 12:08:00,2011-12-02 14:16:00,2639,United Kingdom,5,5,5,555,Champions,0,281.44,693,701,11.46,967.59,0
16156,9,20,6188.18,2009-12-02 17:06:00,2011-12-01 12:42:00,3205,United Kingdom,5,5,5,555,Champions,0,309.41,728,737,9.91,919.88,0
14534,3,26,6183.06,2010-03-15 14:16:00,2011-12-07 12:19:00,2820,United Kingdom,5,5,5,555,Champions,0,237.81,631,634,14.97,1068.0,0
14390,10,13,6150.03,2010-10-10 14:30:00,2011-11-29 13:49:00,2830,United Kingdom,5,5,5,555,Champions,0,473.08,414,425,11.16,1583.87,0
17669,43,10,6142.35,2010-04-01 18:48:00,2011-10-28 08:53:00,3505,United Kingdom,4,5,5,455,Champions,0,614.24,574,617,5.92,1090.89,0
17873,80,18,6135.95,2009-12-16 15:11:00,2011-09-20 16:41:00,4158,United Kingdom,3,5,5,355,Loyal,0,340.89,643,723,9.09,929.61,0
13266,11,19,6135.04,2009-12-17 10:52:00,2011-11-28 14:39:00,6837,United Kingdom,5,5,5,555,Champions,0,322.9,711,723,9.59,928.98,0
14852,58,18,6132.43,2010-03-05 14:51:00,2011-10-12 13:20:00,4366,United Kingdom,4,5,5,455,Champions,0,340.69,585,644,10.2,1042.51,0
12662,1,20,6130.54,2010-04-01 09:50:00,2011-12-09 11:59:00,3389,Germany,5,5,5,555,Champions,0,306.53,617,618,11.81,1086.04,0
17419,11,18,6126.25,2010-01-25 13:19:00,2011-11-28 13:47:00,2884,United Kingdom,5,5,5,555,Champions,0,340.35,672,683,9.62,982.25,0
14180,11,33,6117.5,2010-06-09 14:56:00,2011-11-29 10:56:00,847,United Kingdom,5,5,5,555,Champions,0,185.38,537,548,21.98,1222.4,0
13935,597,3,6116.92,2010-02-25 16:01:00,2010-04-22 11:21:00,2252,United Kingdom,1,3,5,135,At Risk,1,2038.97,55,652,1.68,1027.64,1
14560,7,44,6114.03,2009-12-02 10:15:00,2011-12-02 15:22:00,4580,United Kingdom,5,5,5,555,Champions,0,138.96,730,738,21.76,907.13,0
13230,4,30,6109.51,2010-03-18 20:02:00,2011-12-05 16:03:00,3495,United Kingdom,5,5,5,555,Champions,0,203.65,626,631,17.35,1060.0,0
18178,129,11,6103.74,2010-02-18 14:25:00,2011-08-03 09:30:00,3850,United Kingdom,3,5,5,355,Loyal,1,554.89,530,659,6.09,1013.78,0
14530,26,16,6088.87,2010-01-21 11:25:00,2011-11-14 10:38:00,2989,United Kingdom,4,5,5,455,Champions,0,380.55,661,688,8.49,969.26,0
18061,22,28,6083.81,2009-12-04 11:36:00,2011-11-18 11:20:00,3359,United Kingdom,4,5,5,455,Champions,0,217.28,713,736,13.89,905.41,0
17509,58,8,6083.64,2011-10-07 13:14:00,2011-10-13 10:26:00,3512,United Kingdom,4,5,5,455,Champions,0,760.46,5,63,46.35,10574.2,0
16954,1,20,6081.88,2010-01-18 14:49:00,2011-12-09 09:46:00,4086,United Kingdom,5,5,5,555,Champions,0,304.09,689,690,10.58,965.18,0
17644,1,20,6028.6,2010-02-16 08:44:00,2011-12-08 13:43:00,3469,United Kingdom,5,5,5,555,Champions,0,301.43,660,662,11.03,997.43,0
13658,10,9,6025.5,2010-02-05 13:17:00,2011-11-30 10:13:00,2171,United Kingdom,5,5,5,555,Champions,0,669.5,662,672,4.89,982.16,0
17819,72,12,6021.05,2009-12-13 15:24:00,2011-09-29 10:52:00,1610,United Kingdom,3,5,5,355,Loyal,0,501.75,654,726,6.03,907.67,0
15372,137,8,6017.06,2010-02-14 11:24:00,2011-07-25 16:39:00,6410,United Kingdom,3,4,5,345,Loyal,1,752.13,526,664,4.4,992.81,0
16456,99,13,6000.94,2010-03-29 11:16:00,2011-09-01 13:50:00,3296,United Kingdom,3,5,5,355,Loyal,0,461.61,521,621,7.64,1058.01,0
12417,3,20,5998.41,2009-12-06 10:30:00,2011-12-06 14:52:00,2835,Belgium,5,5,5,555,Champions,0,299.92,730,734,9.95,895.26,0
12835,428,41,5996.83,2009-12-03 12:13:00,2010-10-08 10:59:00,2349,United Kingdom,1,5,5,155,Can't Lose Them,0,146.26,308,737,20.31,891.16,1
12497,82,3,5996.5,2010-03-05 09:39:00,2011-09-19 12:29:00,5671,Germany,3,3,5,335,Loyal,1,1998.83,563,645,1.7,1019.4,0
15755,10,17,5993.12,2009-12-04 08:24:00,2011-11-29 14:57:00,4034,United Kingdom,5,5,5,555,Champions,0,352.54,725,736,8.43,891.57,0
14105,239,5,5988.83,2009-12-18 16:57:00,2011-04-14 17:58:00,3534,United Kingdom,2,4,5,245,Can't Lose Them,1,1197.77,482,721,2.53,909.11,1
12712,29,21,5985.03,2009-12-09 10:46:00,2011-11-11 08:19:00,2164,Germany,4,5,5,455,Champions,0,285.0,701,731,10.49,896.9,0
17457,127,14,5984.8099999999995,2009-12-07 14:52:00,2011-08-05 12:48:00,2695,United Kingdom,3,5,5,355,Loyal,0,427.49,605,732,6.98,895.16,0
14440,8,13,5982.03,2009-12-02 12:13:00,2011-12-01 15:42:00,1605,United Kingdom,5,5,5,555,Champions,0,460.16,729,738,6.43,887.65,0
17625,18,8,5978.9,2009-12-15 11:49:00,2011-11-21 13:36:00,3505,United Kingdom,5,5,5,555,Champions,0,747.36,706,725,4.03,903.56,0
15785,33,16,5969.93,2009-12-15 16:28:00,2011-11-07 11:33:00,4479,United Kingdom,4,5,5,455,Champions,0,373.12,691,724,8.07,903.32,0
14535,60,9,5961.89,2010-02-24 15:03:00,2011-10-10 15:39:00,3187,United Kingdom,3,5,5,355,Loyal,0,662.43,593,653,5.03,999.61,0
14918,116,9,5955.81,2010-04-08 11:18:00,2011-08-16 11:50:00,2551,United Kingdom,3,5,5,355,Loyal,1,661.76,495,611,5.38,1068.08,0
12626,23,9,5954.48,2011-01-17 11:01:00,2011-11-16 16:06:00,3416,Germany,4,5,5,455,Champions,0,661.61,303,327,10.05,1994.75,0
14257,64,9,5954.45,2010-03-01 15:36:00,2011-10-06 16:54:00,3332,United Kingdom,3,5,5,355,Loyal,0,661.61,584,648,5.07,1006.31,0
16710,19,22,5921.35,2009-12-04 13:41:00,2011-11-20 14:50:00,4174,United Kingdom,5,5,5,555,Champions,0,269.15,716,735,10.93,882.54,0
15971,18,18,5897.88,2009-12-08 09:46:00,2011-11-22 12:50:00,2250,United Kingdom,5,5,5,555,Champions,0,327.66,714,732,8.98,882.72,0
17146,106,13,5852.64,2010-02-02 09:39:00,2011-08-26 12:44:00,2188,United Kingdom,3,5,5,355,Loyal,0,450.2,570,676,7.02,948.12,0
18065,6,28,5846.63,2009-12-09 16:00:00,2011-12-04 10:30:00,2264,United Kingdom,5,5,5,555,Champions,0,208.81,724,730,14.0,877.0,0
12429,9,8,5842.41,2010-06-11 13:28:00,2011-11-30 17:22:00,2871,Denmark,5,4,5,545,Champions,0,730.3,537,546,5.35,1172.13,0
14112,23,13,5834.59,2010-02-23 14:16:00,2011-11-17 12:30:00,3539,United Kingdom,4,5,5,455,Champions,0,448.81,631,654,7.26,977.51,0
12910,23,13,5796.52,2010-03-28 13:10:00,2011-11-16 14:28:00,3632,United Kingdom,4,5,5,455,Champions,0,445.89,598,621,7.64,1021.98,0
18075,23,20,5783.29,2010-07-29 11:47:00,2011-11-16 15:21:00,3281,United Kingdom,4,5,5,455,Champions,0,289.16,475,499,14.63,1269.12,0
14099,16,20,5750.91,2009-12-10 11:55:00,2011-11-23 13:53:00,3666,United Kingdom,5,5,5,555,Champions,0,287.55,713,730,10.0,862.65,0
16316,64,13,5744.91,2010-08-03 14:38:00,2011-10-06 13:48:00,3057,United Kingdom,3,5,5,355,Loyal,0,441.92,428,493,9.62,1275.38,0
13771,64,9,5728.82,2010-02-25 12:37:00,2011-10-06 14:18:00,3140,United Kingdom,3,5,5,355,Loyal,0,636.54,588,653,5.03,960.54,0
12656,17,8,5723.83,2010-05-26 09:00:00,2011-11-22 13:42:00,2822,France,5,4,5,545,Champions,0,715.48,545,563,5.19,1114.0,0
12455,73,9,5722.95,2009-12-18 12:33:00,2011-09-27 15:31:00,3295,Cyprus,3,5,5,355,Loyal,0,635.88,648,722,4.55,867.98,0
13870,2,15,5712.08,2010-02-08 12:08:00,2011-12-07 13:23:00,3449,United Kingdom,5,5,5,555,Champions,0,380.81,667,670,8.17,933.37,0
16607,18,25,5706.87,2010-04-29 14:01:00,2011-11-22 10:24:00,4436,United Kingdom,5,5,5,555,Champions,0,228.27,571,589,15.49,1060.77,0
17651,12,16,5703.52,2010-07-01 12:17:00,2011-11-28 10:29:00,4086,United Kingdom,5,5,5,555,Champions,0,356.47,514,527,11.08,1184.91,0
16279,21,9,5698.28,2010-04-22 14:09:00,2011-11-18 15:00:00,3683,United Kingdom,4,5,5,455,Champions,0,633.14,575,596,5.51,1046.58,0
16458,3,30,5690.89,2010-05-26 14:38:00,2011-12-07 09:34:00,3395,United Kingdom,5,5,5,555,Champions,0,189.7,559,562,19.48,1108.61,0
13157,49,9,5687.36,2010-03-08 11:59:00,2011-10-21 13:50:00,4762,United Kingdom,4,5,5,455,Champions,0,631.93,592,642,5.12,970.64,0
13901,72,15,5676.34,2010-01-05 09:29:00,2011-09-28 14:48:00,3344,United Kingdom,3,5,5,355,Loyal,0,378.42,631,704,7.78,883.23,0
17672,50,6,5663.74,2010-03-08 13:17:00,2011-10-20 14:18:00,2757,United Kingdom,4,4,5,445,Champions,0,943.96,591,641,3.42,968.5,0
17491,1,17,5653.67,2010-04-28 11:57:00,2011-12-08 16:18:00,3362,United Kingdom,5,5,5,555,Champions,0,332.57,589,591,10.5,1047.6,0
16409,36,12,5652.74,2009-12-13 15:38:00,2011-11-03 16:45:00,3664,United Kingdom,4,5,5,455,Champions,0,471.06,690,726,6.03,852.15,0
13722,132,10,5635.41,2010-03-03 14:13:00,2011-07-31 12:44:00,3059,United Kingdom,3,5,5,355,Loyal,1,563.54,514,646,5.65,955.2,0
16320,172,6,5628.99,2010-01-27 13:29:00,2011-06-20 15:25:00,3319,Unspecified,3,4,5,345,Loyal,1,938.16,509,681,3.22,906.26,0
16003,30,10,5613.83,2009-12-03 18:51:00,2011-11-10 09:57:00,2210,United Kingdom,4,5,5,455,Champions,0,561.38,706,736,4.96,835.33,0
12356,23,6,5611.73,2010-10-11 09:42:00,2011-11-17 08:40:00,3376,Portugal,4,4,5,445,Champions,0,935.29,401,425,5.15,1445.02,0
18145,13,11,5609.74,2009-12-08 12:30:00,2011-11-27 11:22:00,5104,United Kingdom,5,5,5,555,Champions,0,509.98,718,732,5.48,838.41,0
16200,4,12,5608.1,2009-12-02 15:04:00,2011-12-05 14:40:00,3068,United Kingdom,5,5,5,555,Champions,0,467.34,732,737,5.94,832.8,0
17838,27,13,5604.64,2010-03-19 09:53:00,2011-11-13 11:20:00,3491,United Kingdom,4,5,5,455,Champions,0,431.13,604,631,7.52,972.63,0
16011,8,29,5599.31,2009-12-01 12:02:00,2011-12-01 16:31:00,3321,United Kingdom,5,5,5,555,Champions,0,193.08,730,739,14.32,829.47,0
15228,66,6,5580.2699999999995,2010-07-28 10:21:00,2011-10-04 13:56:00,3375,United Kingdom,3,4,5,345,Loyal,1,930.04,433,500,4.38,1222.07,0
15854,4,21,5578.28,2009-12-10 12:08:00,2011-12-05 13:39:00,1691,United Kingdom,5,5,5,555,Champions,0,265.63,725,730,10.5,836.73,0
17203,36,10,5564.09,2010-11-16 12:52:00,2011-11-04 12:27:00,4597,United Kingdom,4,5,5,455,Champions,0,556.41,352,388,9.41,1570.75,0
12500,23,18,5559.21,2010-02-04 15:05:00,2011-11-16 16:20:00,3355,Germany,4,5,5,455,Champions,0,308.85,650,673,9.76,904.31,0
12484,35,9,5557.1,2010-01-27 16:41:00,2011-11-04 15:18:00,3237,Spain,4,5,5,455,Champions,0,617.46,645,681,4.82,892.85,0
14210,106,16,5556.570000000001,2010-01-06 10:17:00,2011-08-26 12:36:00,2511,United Kingdom,3,5,5,355,Loyal,0,347.29,597,703,8.31,865.79,0
15299,67,9,5556.53,2010-01-12 11:34:00,2011-10-03 14:19:00,3355,United Kingdom,3,5,5,355,Loyal,0,617.39,629,697,4.71,872.37,0
15527,19,23,5554.04,2009-12-15 17:31:00,2011-11-21 12:17:00,2210,United Kingdom,5,5,5,555,Champions,0,241.48,705,724,11.6,840.35,0
14907,3,16,5547.72,2010-04-16 13:40:00,2011-12-06 14:14:00,2583,United Kingdom,5,5,5,555,Champions,0,346.73,599,602,9.7,1008.98,0
14572,3,11,5520.9800000000005,2010-03-28 13:47:00,2011-12-06 14:40:00,2876,United Kingdom,5,5,5,555,Champions,0,501.91,618,621,6.47,974.21,0
17069,28,14,5517.2300000000005,2009-12-03 12:27:00,2011-11-11 17:13:00,3230,United Kingdom,4,5,5,455,Champions,0,394.09,708,737,6.93,819.31,0
14732,8,19,5517.07,2009-12-09 10:48:00,2011-12-01 14:34:00,2273,United Kingdom,5,5,5,555,Champions,0,290.37,722,731,9.49,826.68,0
17092,50,11,5511.41,2010-02-02 16:42:00,2011-10-20 19:51:00,3768,United Kingdom,4,5,5,455,Champions,0,501.04,625,675,5.95,894.36,0
17204,175,9,5504.6900000000005,2010-06-10 11:37:00,2011-06-17 14:46:00,2651,United Kingdom,3,5,5,355,Loyal,1,611.63,372,548,5.99,1099.1,0
14189,2,16,5503.15,2010-11-16 09:28:00,2011-12-07 15:55:00,4392,United Kingdom,5,5,5,555,Champions,0,343.95,386,389,15.01,1548.81,0
13115,12,10,5494.7,2010-04-19 13:29:00,2011-11-28 12:38:00,3934,United Kingdom,5,5,5,555,Champions,0,549.47,587,599,6.09,1003.88,0
16609,15,7,5493.46,2011-04-01 10:11:00,2011-11-24 13:32:00,2420,United Kingdom,5,4,5,545,Champions,0,784.78,237,253,10.1,2377.88,0
13593,108,14,5493.29,2010-03-02 16:36:00,2011-08-23 13:35:00,2170,United Kingdom,3,5,5,355,Loyal,0,392.38,538,647,7.9,929.94,0
13769,2,20,5478.12,2009-12-16 11:59:00,2011-12-07 15:08:00,2452,United Kingdom,5,5,5,555,Champions,0,273.91,721,724,10.08,828.3,0
16992,11,13,5476.5,2010-02-11 12:36:00,2011-11-29 11:50:00,2061,United Kingdom,5,5,5,555,Champions,0,421.27,655,667,7.11,898.57,0
17512,29,18,5467.820000000001,2009-12-10 19:35:00,2011-11-11 12:11:00,5434,United Kingdom,4,5,5,455,Champions,0,303.77,700,729,9.01,821.09,0
17685,17,12,5454.95,2010-02-11 13:44:00,2011-11-23 11:36:00,3474,United Kingdom,5,5,5,555,Champions,0,454.58,649,666,6.58,897.34,0
13520,59,11,5446.0,2009-12-17 11:11:00,2011-10-12 10:20:00,3150,Switzerland,4,5,5,455,Champions,0,495.09,663,723,5.55,824.32,0
18198,4,17,5425.56,2011-01-07 13:39:00,2011-12-05 14:49:00,4074,United Kingdom,5,5,5,555,Champions,0,319.15,332,336,18.47,1768.41,0
12664,8,11,5420.04,2009-12-13 10:28:00,2011-12-01 17:07:00,1476,Finland,5,5,5,555,Champions,0,492.73,718,727,5.52,815.96,0
12378,130,2,5416.32,2010-05-26 14:07:00,2011-08-02 10:34:00,3316,Switzerland,3,2,5,325,Needs Attention,1,2708.16,432,562,1.3,1056.18,0
14626,24,11,5410.92,2009-12-10 14:57:00,2011-11-16 10:37:00,3135,United Kingdom,4,5,5,455,Champions,0,491.9,705,729,5.51,813.11,0
14249,411,12,5400.46,2010-01-29 14:21:00,2010-10-25 12:34:00,2382,United Kingdom,1,5,5,155,Can't Lose Them,1,450.04,268,679,6.45,870.83,1
17719,38,15,5396.04,2011-03-29 11:29:00,2011-11-02 10:36:00,2466,United Kingdom,4,5,5,455,Champions,0,359.74,217,256,21.39,2308.45,0
17612,53,18,5394.86,2009-12-17 11:59:00,2011-10-17 14:59:00,3521,United Kingdom,4,5,5,455,Champions,0,299.71,669,723,9.09,817.31,0
13362,9,7,5394.07,2010-10-10 15:27:00,2011-11-30 14:41:00,2481,United Kingdom,5,4,5,545,Champions,0,770.58,415,425,6.01,1389.36,0
13014,11,11,5381.08,2010-10-03 11:35:00,2011-11-29 12:27:00,1979,United Kingdom,5,5,5,555,Champions,0,489.19,422,433,9.27,1360.44,0
14459,155,2,5375.74,2010-02-26 13:26:00,2011-07-07 13:35:00,2302,United Kingdom,3,2,5,325,Needs Attention,1,2687.87,496,651,1.12,903.12,0
14442,205,7,5367.0199999999995,2010-01-18 12:59:00,2011-05-19 11:36:00,1431,Channel Islands,2,4,5,245,Can't Lose Them,1,766.72,485,690,3.7,851.06,1
12615,2,8,5362.98,2010-03-18 14:09:00,2011-12-07 15:02:00,3296,France,5,4,5,545,Champions,0,670.37,629,631,4.63,931.14,0
17863,59,12,5360.48,2010-02-25 12:01:00,2011-10-11 13:45:00,4676,United Kingdom,4,5,5,455,Champions,0,446.71,593,653,6.71,899.23,0
15641,105,12,5345.55,2009-12-06 15:31:00,2011-08-26 14:04:00,4422,United Kingdom,3,5,5,355,Loyal,0,445.46,627,733,5.98,799.16,0
16008,24,15,5339.13,2010-03-19 11:07:00,2011-11-16 10:32:00,3237,United Kingdom,4,5,5,455,Champions,0,355.94,606,631,8.68,926.87,0
15628,5,17,5333.08,2009-12-13 13:39:00,2011-12-05 10:24:00,3569,United Kingdom,5,5,5,555,Champions,0,313.71,721,726,8.55,804.67,0
13842,59,18,5319.34,2010-02-16 15:54:00,2011-10-12 10:51:00,2716,United Kingdom,4,5,5,455,Champions,0,295.52,602,661,9.94,881.24,0
17584,7,6,5309.42,2010-01-25 08:17:00,2011-12-02 17:12:00,2464,United Kingdom,5,4,5,545,Champions,0,884.9,676,684,3.2,849.5,0
16546,291,5,5307.07,2010-09-23 15:43:00,2011-02-22 11:20:00,4211,United Kingdom,2,4,5,245,Can't Lose Them,1,1061.41,151,442,4.13,1315.09,1
16393,2,23,5297.77,2009-12-01 12:13:00,2011-12-07 12:51:00,3001,United Kingdom,5,5,5,555,Champions,0,230.34,736,739,11.36,785.0,0
15394,10,11,5286.8,2009-12-15 19:05:00,2011-11-30 11:49:00,2372,United Kingdom,5,5,5,555,Champions,0,480.62,714,724,5.55,800.23,0
15152,10,14,5263.83,2010-01-07 15:15:00,2011-11-30 12:32:00,2994,United Kingdom,5,5,5,555,Champions,0,375.99,691,701,7.29,822.29,0
13931,96,11,5257.38,2009-12-03 10:26:00,2011-09-05 10:12:00,3488,United Kingdom,3,5,5,355,Loyal,0,477.94,640,737,5.45,781.43,0
13975,31,12,5256.4,2010-02-02 13:13:00,2011-11-08 13:19:00,3884,United Kingdom,4,5,5,455,Champions,0,438.03,644,675,6.49,852.84,0
13107,44,9,5253.07,2010-02-04 10:50:00,2011-10-26 14:52:00,4316,United Kingdom,4,5,5,455,Champions,0,583.67,629,674,4.87,852.74,0
14930,109,6,5236.7300000000005,2010-04-12 11:22:00,2011-08-23 10:31:00,2193,Channel Islands,3,4,5,345,Loyal,1,872.79,497,607,3.61,945.23,0
12755,281,11,5236.259999999999,2010-01-15 11:57:00,2011-03-04 12:42:00,2293,Japan,2,5,5,255,Can't Lose Them,1,476.02,413,694,5.79,826.85,1
15722,36,11,5234.0,2010-03-09 15:05:00,2011-11-04 11:43:00,2279,United Kingdom,4,5,5,455,Champions,0,475.82,604,640,6.27,895.02,0
17061,74,11,5232.2300000000005,2011-04-21 13:29:00,2011-09-27 11:24:00,1526,United Kingdom,3,5,5,355,Loyal,0,475.66,158,232,17.31,2470.1,0
15606,61,17,5230.99,2010-03-02 14:48:00,2011-10-09 15:47:00,1615,United Kingdom,3,5,5,355,Loyal,0,307.71,586,647,9.59,885.28,0
13763,63,3,5217.4400000000005,2010-09-30 17:39:00,2011-10-07 15:13:00,3224,United Kingdom,3,3,5,335,Loyal,1,1739.15,371,435,2.52,1314.8,0
15812,107,12,5201.47,2009-12-15 13:40:00,2011-08-24 14:19:00,3450,United Kingdom,3,5,5,355,Loyal,0,433.46,617,724,6.05,786.73,0
14546,5,11,5184.84,2009-12-06 13:10:00,2011-12-04 13:00:00,2688,United Kingdom,5,5,5,555,Champions,0,471.35,727,733,5.48,774.9,0
17663,26,17,5175.83,2010-03-04 11:42:00,2011-11-14 08:56:00,2297,United Kingdom,4,5,5,455,Champions,0,304.46,619,646,9.61,877.76,0
15796,1,17,5170.63,2010-03-31 13:10:00,2011-12-08 19:55:00,1732,United Kingdom,5,5,5,555,Champions,0,304.15,617,618,10.04,916.1,0
12633,59,7,5156.16,2010-07-02 11:44:00,2011-10-12 11:40:00,3209,Germany,4,4,5,445,Champions,1,736.59,466,526,4.86,1073.95,0
17157,8,19,5151.9,2009-12-04 13:00:00,2011-12-02 09:10:00,2092,United Kingdom,5,5,5,555,Champions,0,271.15,727,735,9.44,767.9,0
16153,50,11,5133.49,2010-05-26 12:41:00,2011-10-21 10:50:00,3693,United Kingdom,4,5,5,455,Champions,0,466.68,512,563,7.13,998.23,0
16308,38,7,5120.0,2009-12-15 15:48:00,2011-11-02 11:24:00,16000,United Kingdom,4,4,5,445,Champions,0,731.43,686,724,3.53,774.58,0
14713,9,21,5115.36,2009-12-03 19:22:00,2011-11-30 16:26:00,3327,United Kingdom,5,5,5,555,Champions,0,243.59,726,736,10.41,760.73,0
15443,2,14,5114.23,2010-03-07 12:10:00,2011-12-08 10:40:00,2699,United Kingdom,5,5,5,555,Champions,0,365.3,640,643,7.95,871.24,0
17861,3,18,5088.29,2009-12-10 11:27:00,2011-12-06 16:21:00,4541,United Kingdom,5,5,5,555,Champions,0,282.68,726,730,9.0,763.24,0
14493,7,10,5087.86,2010-03-08 08:33:00,2011-12-02 16:14:00,3148,United Kingdom,5,5,5,555,Champions,0,508.79,634,642,5.69,868.5,0
15367,57,11,5081.33,2009-12-10 14:20:00,2011-10-13 14:13:00,2944,United Kingdom,4,5,5,455,Champions,0,461.94,671,729,5.51,763.59,0
17469,16,17,5051.25,2009-12-16 15:06:00,2011-11-23 13:15:00,2304,United Kingdom,5,5,5,555,Champions,0,297.13,706,723,8.58,764.81,0
16931,5,23,5032.22,2010-11-07 13:24:00,2011-12-04 13:15:00,3357,United Kingdom,5,5,5,555,Champions,0,218.79,391,397,21.15,1388.22,0
17084,35,3,5001.21,2010-11-08 14:20:00,2011-11-04 14:54:00,3178,United Kingdom,4,3,5,435,Loyal,1,1667.07,361,396,2.77,1385.34,0
14209,11,15,4993.27,2010-01-22 10:28:00,2011-11-29 10:18:00,1739,United Kingdom,5,5,5,555,Champions,0,332.88,675,687,7.97,795.92,0
15898,1,25,4992.7,2009-12-11 16:11:00,2011-12-08 15:23:00,2157,United Kingdom,5,5,5,555,Champions,0,199.71,726,728,12.53,750.71,0
17346,4,26,4991.41,2010-04-18 12:18:00,2011-12-06 12:18:00,3437,United Kingdom,5,5,5,555,Champions,0,191.98,597,601,15.79,909.41,0
13634,33,15,4988.08,2010-01-10 14:26:00,2011-11-06 13:40:00,2085,United Kingdom,4,5,5,455,Champions,0,332.54,664,698,7.84,782.13,0
14639,52,9,4978.96,2010-02-16 12:35:00,2011-10-18 15:06:00,2410,United Kingdom,4,5,5,455,Champions,0,553.22,609,662,4.96,823.19,0
13198,10,8,4974.2300000000005,2010-10-01 13:27:00,2011-11-29 15:17:00,3449,United Kingdom,5,4,5,545,Champions,0,621.78,424,434,6.73,1255.37,0
17758,19,12,4964.03,2010-05-20 13:18:00,2011-11-20 14:45:00,3199,United Kingdom,5,5,5,555,Champions,0,413.67,549,568,7.71,956.82,0
17802,82,10,4946.22,2009-12-13 13:39:00,2011-09-18 14:56:00,2705,United Kingdom,3,5,5,355,Loyal,0,494.62,644,726,5.03,746.38,0
12347,2,8,4921.53,2010-10-31 14:20:00,2011-12-07 15:52:00,2967,Iceland,5,4,5,545,Champions,0,615.19,402,404,7.23,1334.35,0
14970,68,12,4919.35,2010-02-14 13:37:00,2011-10-02 13:44:00,982,United Kingdom,3,5,5,355,Loyal,0,409.95,595,663,6.61,812.93,0
16919,156,24,4909.66,2010-08-19 15:28:00,2011-07-06 13:35:00,2333,United Kingdom,3,5,5,355,Loyal,0,204.57,320,477,18.36,1126.77,0
12727,11,10,4905.53,2010-02-23 09:54:00,2011-11-29 11:46:00,2789,France,5,5,5,555,Champions,0,490.55,644,655,5.57,819.71,0
17314,25,17,4904.43,2009-12-03 11:25:00,2011-11-15 09:41:00,3663,United Kingdom,4,5,5,455,Champions,0,288.5,711,737,8.42,728.75,0
18144,8,19,4892.95,2009-12-16 15:57:00,2011-12-02 12:46:00,2144,United Kingdom,5,5,5,555,Champions,0,257.52,715,723,9.59,740.89,0
15332,366,6,4892.68,2010-07-14 13:01:00,2010-12-08 14:43:00,2306,Lithuania,2,4,5,245,Can't Lose Them,1,815.45,147,513,4.27,1044.59,1
12594,38,14,4890.110000000001,2010-03-03 13:51:00,2011-11-02 12:20:00,2761,Italy,4,5,5,455,Champions,0,349.29,608,646,7.91,828.87,0
16986,30,11,4888.75,2010-02-04 14:46:00,2011-11-10 11:55:00,2539,United Kingdom,4,5,5,455,Champions,0,444.43,643,673,5.97,795.97,0
13021,4,17,4887.24,2009-12-05 12:02:00,2011-12-05 16:37:00,2546,United Kingdom,5,5,5,555,Champions,0,287.48,730,735,8.44,727.9,0
13659,206,12,4884.68,2010-02-17 09:05:00,2011-05-18 12:37:00,2527,United Kingdom,2,5,5,255,Can't Lose Them,1,407.06,455,661,6.63,809.64,1
16686,47,16,4881.07,2009-12-06 15:48:00,2011-10-23 13:49:00,3419,United Kingdom,4,5,5,455,Champions,0,305.07,685,733,7.97,729.42,0
15379,169,8,4877.84,2010-11-04 11:59:00,2011-06-23 13:13:00,3000,United Kingdom,3,4,5,345,Loyal,1,609.73,231,401,7.28,1331.65,0
14107,52,11,4877.3,2009-12-09 14:20:00,2011-10-19 12:12:00,3489,United Kingdom,4,5,5,455,Champions,0,443.39,678,730,5.5,731.59,0
12688,114,1,4873.8099999999995,2011-08-18 08:49:00,2011-08-18 08:49:00,3028,Israel,3,1,5,315,Needs Attention,1,4873.81,0,114,3.2,4678.86,0
17213,40,13,4869.400000000001,2009-12-15 10:28:00,2011-10-30 14:53:00,2087,United Kingdom,4,5,5,455,Champions,0,374.57,684,725,6.54,734.91,0
17652,25,12,4867.72,2011-03-03 14:05:00,2011-11-14 12:55:00,2509,United Kingdom,4,5,5,455,Champions,0,405.64,255,281,15.59,1897.18,0
14081,302,10,4867.57,2009-12-10 18:27:00,2011-02-10 16:17:00,3381,United Kingdom,2,5,5,255,Can't Lose Them,1,486.76,426,729,5.01,731.6,1
17449,2,13,4865.15,2009-12-09 14:16:00,2011-12-07 16:56:00,2482,United Kingdom,5,5,5,555,Champions,0,374.24,728,730,6.5,729.77,0
17059,30,9,4864.57,2010-01-26 14:43:00,2011-11-10 12:27:00,3107,United Kingdom,4,5,5,455,Champions,0,540.51,652,682,4.82,781.58,0
13495,8,10,4863.31,2009-12-07 12:12:00,2011-12-02 11:21:00,2465,United Kingdom,5,5,5,555,Champions,0,486.33,724,733,4.98,726.58,0
13044,291,11,4848.05,2010-01-08 14:46:00,2011-02-21 15:20:00,2548,United Kingdom,2,5,5,255,Can't Lose Them,1,440.73,409,700,5.74,758.94,1
13562,82,8,4838.18,2010-01-14 16:33:00,2011-09-19 10:51:00,1603,United Kingdom,3,4,5,345,Loyal,1,604.77,612,694,4.21,763.82,0
17567,7,9,4838.08,2010-09-24 10:48:00,2011-12-02 15:48:00,2908,United Kingdom,5,5,5,555,Champions,0,537.56,434,442,7.43,1198.22,0
12480,28,7,4834.85,2010-07-20 13:21:00,2011-11-11 14:52:00,2917,Germany,4,4,5,445,Champions,0,690.69,479,507,5.04,1044.32,0
14191,2,15,4817.66,2009-12-11 10:48:00,2011-12-08 09:23:00,3724,United Kingdom,5,5,5,555,Champions,0,321.18,726,729,7.51,723.62,0
13875,54,14,4814.37,2009-12-17 10:30:00,2011-10-17 09:36:00,3072,United Kingdom,4,5,5,455,Champions,0,343.88,668,723,7.07,729.37,0
15485,30,7,4810.92,2009-12-01 17:31:00,2011-11-09 14:31:00,2153,United Kingdom,4,4,5,445,Champions,0,687.27,707,738,3.46,713.39,0
13329,32,8,4808.77,2009-12-04 15:41:00,2011-11-08 10:29:00,3311,United Kingdom,4,4,5,445,Champions,0,601.1,703,735,3.97,715.91,0
15529,23,12,4781.11,2010-11-10 14:26:00,2011-11-17 11:29:00,4270,United Kingdom,4,5,5,455,Champions,0,398.43,371,394,11.12,1329.16,0
17519,17,15,4774.17,2009-12-01 09:57:00,2011-11-22 16:43:00,3230,United Kingdom,5,5,5,555,Champions,0,318.28,721,739,7.41,707.54,0
15187,2,15,4762.18,2011-05-11 13:49:00,2011-12-08 11:56:00,1886,United Kingdom,5,5,5,555,Champions,0,317.48,210,212,25.83,2460.15,0
13988,20,8,4757.8,2010-03-24 11:05:00,2011-11-20 10:15:00,3385,United Kingdom,4,4,5,445,Champions,0,594.72,605,626,4.66,831.42,0
12955,1,11,4757.16,2011-03-17 09:03:00,2011-12-08 16:29:00,3664,United Kingdom,5,5,5,555,Champions,0,432.47,266,268,14.98,1943.52,0
17829,299,5,4756.74,2010-02-22 15:39:00,2011-02-14 12:46:00,3009,United Arab Emirates,2,4,5,245,Can't Lose Them,1,951.35,356,655,2.79,796.28,1
12362,3,10,4737.23,2011-02-17 10:30:00,2011-12-06 15:40:00,2197,Belgium,5,5,5,555,Champions,0,473.72,292,296,12.33,1752.29,0
14825,4,24,4735.08,2010-04-06 14:14:00,2011-12-06 11:38:00,2774,United Kingdom,5,5,5,555,Champions,0,197.3,608,612,14.31,847.01,0
17082,33,6,4732.03,2009-12-15 11:25:00,2011-11-06 15:17:00,2526,United Kingdom,4,4,5,445,Champions,0,788.67,691,725,3.02,714.54,0
14235,75,9,4717.99,2010-03-30 13:36:00,2011-09-25 14:37:00,3014,United Kingdom,3,5,5,355,Loyal,0,524.22,544,619,5.31,835.08,0
13958,380,8,4709.2300000000005,2009-12-05 13:12:00,2010-11-25 10:11:00,2264,United Kingdom,2,4,5,245,Can't Lose Them,1,588.65,354,734,3.98,702.85,1
16905,5,17,4704.27,2009-12-10 20:04:00,2011-12-04 14:01:00,1911,United Kingdom,5,5,5,555,Champions,0,276.72,723,729,8.51,706.47,0
15410,84,10,4685.72,2010-04-19 08:57:00,2011-09-16 14:47:00,1902,United Kingdom,3,5,5,355,Loyal,0,468.57,515,600,6.08,854.67,0
12625,212,4,4678.88,2010-04-22 11:33:00,2011-05-12 09:54:00,3282,Germany,2,3,5,235,At Risk,1,1169.72,384,597,2.45,859.74,1
13971,19,14,4667.57,2010-01-26 09:51:00,2011-11-21 12:06:00,3084,United Kingdom,5,5,5,555,Champions,0,333.4,664,683,7.48,748.15,0
16904,4,20,4656.56,2010-10-24 16:03:00,2011-12-05 13:10:00,2596,United Kingdom,5,5,5,555,Champions,0,232.83,406,411,17.76,1240.52,0
15123,7,5,4656.17,2010-03-16 09:49:00,2011-12-02 13:12:00,2524,United Kingdom,5,4,5,545,Champions,0,931.23,626,634,2.88,804.58,0
15484,1,6,4652.1,2009-12-05 15:18:00,2011-12-08 15:03:00,4074,United Kingdom,5,4,5,545,Champions,0,775.35,732,734,2.98,693.16,0
13124,90,4,4641.66,2010-11-19 15:50:00,2011-09-11 12:45:00,2738,United Kingdom,3,3,5,335,Loyal,1,1160.42,295,385,3.79,1319.4,0
18097,8,11,4627.92,2009-12-17 11:06:00,2011-12-02 11:16:00,2716,United Kingdom,5,5,5,555,Champions,0,420.72,715,723,5.55,700.5,0
16326,6,24,4626.25,2010-01-28 13:23:00,2011-12-04 10:11:00,1082,United Kingdom,5,5,5,555,Champions,0,192.76,674,680,12.88,744.82,0
17400,126,8,4623.28,2009-12-17 15:41:00,2011-08-05 15:38:00,2185,United Kingdom,3,5,5,355,Loyal,1,577.91,595,722,4.04,700.43,0
17442,37,15,4620.3,2010-02-15 15:54:00,2011-11-03 09:17:00,3134,United Kingdom,4,5,5,455,Champions,0,308.02,625,662,8.27,764.2,0
12759,52,8,4618.74,2009-12-04 10:47:00,2011-10-18 14:49:00,3177,Netherlands,4,4,5,445,Champions,0,577.34,683,736,3.97,687.61,0
14441,1,11,4611.6900000000005,2010-01-18 10:40:00,2011-12-09 09:07:00,1260,United Kingdom,5,5,5,555,Champions,0,419.24,689,691,5.81,730.74,0
15245,134,8,4610.84,2010-04-23 14:23:00,2011-07-28 18:56:00,3021,United Kingdom,3,4,5,345,Loyal,1,576.36,461,595,4.91,848.98,0
13851,96,8,4606.46,2010-01-29 11:54:00,2011-09-05 12:36:00,2525,United Kingdom,3,4,5,345,Loyal,1,575.81,584,680,4.29,741.07,0
17402,5,22,4600.5599999999995,2009-12-16 17:40:00,2011-12-05 10:15:00,1449,United Kingdom,5,5,5,555,Champions,0,209.12,718,723,11.11,697.0,0
17188,11,13,4592.93,2009-12-08 19:16:00,2011-11-28 13:53:00,2569,United Kingdom,5,5,5,555,Champions,0,353.3,719,731,6.49,687.88,0
18257,39,12,4585.15,2010-02-18 16:20:00,2011-10-31 14:48:00,2368,United Kingdom,4,5,5,455,Champions,0,382.1,619,659,6.65,762.29,0
17508,281,8,4579.23,2009-12-07 11:46:00,2011-03-04 08:10:00,2891,Greece,2,5,5,255,Can't Lose Them,1,572.4,451,733,3.98,683.45,1
15416,65,7,4572.82,2010-02-01 11:55:00,2011-10-06 09:38:00,2420,United Kingdom,3,4,5,345,Loyal,1,653.26,611,677,3.77,738.84,0
12708,30,18,4559.66,2009-12-18 10:25:00,2011-11-10 09:52:00,2401,Germany,4,5,5,455,Champions,0,253.31,691,722,9.1,691.54,0
13510,1,11,4558.29,2009-12-21 11:53:00,2011-12-08 13:46:00,3044,United Kingdom,5,5,5,555,Champions,0,414.39,717,719,5.58,693.69,0
15365,26,13,4557.13,2010-02-04 16:43:00,2011-11-14 08:29:00,2131,United Kingdom,4,5,5,455,Champions,0,350.55,647,673,7.05,741.41,0
16143,3,12,4555.08,2009-12-10 09:44:00,2011-12-06 14:13:00,1866,United Kingdom,5,5,5,555,Champions,0,379.59,726,730,6.0,683.26,0
14032,2,16,4546.41,2009-12-14 12:02:00,2011-12-07 15:23:00,3740,United Kingdom,5,5,5,555,Champions,0,284.15,723,726,8.04,685.37,0
17613,23,14,4544.55,2011-02-07 11:20:00,2011-11-17 10:51:00,2490,United Kingdom,4,5,5,455,Champions,0,324.61,282,306,16.7,1626.3,0
13527,34,12,4541.29,2010-01-21 12:37:00,2011-11-06 12:04:00,2736,United Kingdom,4,5,5,455,Champions,0,378.44,653,688,6.37,723.2,0
13571,13,26,4537.26,2009-12-08 13:02:00,2011-11-27 10:47:00,3191,United Kingdom,5,5,5,555,Champions,0,174.51,718,731,12.98,679.54,0
14685,576,8,4536.64,2009-12-13 11:32:00,2010-05-12 13:08:00,1969,United Kingdom,1,4,5,145,Can't Lose Them,1,567.08,150,727,4.02,683.9,1
13523,33,6,4534.57,2010-11-02 14:55:00,2011-11-06 15:11:00,1989,United Kingdom,4,4,5,445,Champions,0,755.76,369,402,5.45,1235.67,0
16255,17,15,4530.0,2010-01-24 12:21:00,2011-11-23 12:40:00,2876,United Kingdom,5,5,5,555,Champions,0,302.0,668,685,7.99,723.89,0
15271,7,24,4528.54,2010-08-05 14:57:00,2011-12-02 14:11:00,2412,United Kingdom,5,5,5,555,Champions,0,188.69,483,491,17.84,1009.87,0
12700,8,4,4525.99,2011-05-08 16:10:00,2011-12-02 10:47:00,2944,France,5,3,5,535,Loyal,0,1131.5,207,215,6.79,2304.87,0
14290,11,8,4516.56,2009-12-08 11:44:00,2011-11-28 14:02:00,1600,United Kingdom,5,4,5,545,Champions,0,564.57,720,732,3.99,675.79,0
17308,393,2,4511.76,2010-09-13 09:35:00,2010-11-11 13:19:00,5148,United Kingdom,2,3,5,235,At Risk,1,2255.88,59,453,1.61,1089.59,1
15581,156,34,4505.16,2009-12-02 12:19:00,2011-07-06 14:04:00,3023,United Kingdom,3,5,5,355,Loyal,0,132.5,581,738,16.82,668.6,0
15764,88,8,4503.08,2010-08-18 13:58:00,2011-09-12 17:58:00,2945,United Kingdom,3,4,5,345,Loyal,1,562.88,390,478,6.11,1031.76,0
14625,196,11,4497.88,2009-12-16 13:23:00,2011-05-27 15:32:00,2155,United Kingdom,2,5,5,255,Can't Lose Them,1,408.9,527,723,5.55,680.82,1
17596,23,13,4491.46,2009-12-15 13:21:00,2011-11-16 14:11:00,7010,United Kingdom,4,5,5,455,Champions,0,345.5,701,724,6.55,678.91,0
15122,114,11,4487.27,2010-03-30 14:05:00,2011-08-17 16:48:00,2033,United Kingdom,3,5,5,355,Loyal,1,407.93,505,619,6.49,794.24,0
14701,11,15,4487.11,2010-01-24 12:15:00,2011-11-29 12:38:00,1744,United Kingdom,5,5,5,555,Champions,0,299.14,674,685,7.99,717.04,0
18064,133,11,4481.83,2010-02-01 15:01:00,2011-07-29 16:39:00,2685,United Kingdom,3,5,5,355,Loyal,1,407.44,543,676,5.94,726.06,0
12916,139,7,4479.73,2010-01-24 11:26:00,2011-07-24 10:35:00,1681,United Kingdom,3,4,5,345,Loyal,1,639.96,545,685,3.73,716.12,0
13491,52,27,4467.66,2009-12-07 08:24:00,2011-10-19 08:32:00,2349,United Kingdom,4,5,5,455,Champions,0,165.47,681,733,13.44,667.18,0
14648,416,15,4463.39,2009-12-10 13:59:00,2010-10-19 13:12:00,3259,United Kingdom,1,5,5,155,Can't Lose Them,1,297.56,312,729,7.51,670.4,1
16912,29,15,4460.51,2009-12-09 12:32:00,2011-11-11 12:18:00,1689,United Kingdom,4,5,5,455,Champions,0,297.37,701,731,7.49,668.19,0
15240,45,12,4459.98,2009-12-05 14:57:00,2011-10-26 09:50:00,3214,United Kingdom,4,5,5,455,Champions,0,371.66,689,734,5.97,665.64,0
18093,93,8,4452.71,2010-03-31 10:27:00,2011-09-07 15:43:00,3429,United Kingdom,3,5,5,355,Loyal,1,556.59,525,619,4.72,788.13,0
14341,45,18,4452.02,2009-12-01 12:20:00,2011-10-25 15:48:00,2813,United Kingdom,4,5,5,455,Champions,0,247.33,693,739,8.89,659.63,0
17220,24,21,4451.41,2010-01-20 11:57:00,2011-11-15 13:47:00,2661,United Kingdom,4,5,5,455,Champions,0,211.97,664,689,11.12,707.13,0
17754,1,13,4451.22,2009-12-11 15:52:00,2011-12-09 11:20:00,4366,United Kingdom,5,5,5,555,Champions,0,342.4,727,728,6.52,669.73,0
18069,26,11,4449.02,2010-02-28 16:14:00,2011-11-13 16:03:00,3166,United Kingdom,4,5,5,455,Champions,0,404.46,622,649,6.19,751.08,0
13435,5,9,4447.33,2010-07-27 16:56:00,2011-12-04 14:45:00,2754,United Kingdom,5,5,5,555,Champions,0,494.15,494,500,6.57,973.97,0
12562,8,9,4426.92,2010-09-30 13:13:00,2011-12-01 17:20:00,2297,France,5,5,5,555,Champions,0,491.88,427,435,7.55,1114.11,0
15845,18,11,4426.28,2010-01-26 14:44:00,2011-11-22 09:42:00,2128,United Kingdom,5,5,5,555,Champions,0,402.39,664,682,5.89,711.02,0
17138,276,7,4417.27,2010-02-04 14:19:00,2011-03-09 11:54:00,2024,United Kingdom,2,4,5,245,Can't Lose Them,1,631.04,397,673,3.8,719.39,1
16626,1,17,4413.1,2011-03-18 12:27:00,2011-12-09 11:56:00,2690,United Kingdom,5,5,5,555,Champions,0,259.59,265,267,23.24,1809.86,0
16563,54,6,4412.56,2009-12-01 18:35:00,2011-10-17 11:51:00,2584,United Kingdom,4,4,5,445,Champions,1,735.43,684,738,2.97,655.27,0
14211,53,18,4402.29,2009-12-09 12:48:00,2011-10-17 13:23:00,2575,United Kingdom,4,5,5,455,Champions,0,244.57,677,731,8.99,659.61,0
15203,26,15,4400.18,2009-12-08 18:06:00,2011-11-14 08:16:00,4182,United Kingdom,4,5,5,455,Champions,0,293.35,705,731,7.49,659.16,0
16732,32,4,4387.64,2009-12-08 13:04:00,2011-11-08 09:54:00,2414,United Kingdom,4,4,5,445,Champions,1,1096.91,699,731,2.0,658.15,0
18272,3,9,4385.9800000000005,2010-03-04 12:53:00,2011-12-07 12:43:00,2880,United Kingdom,5,5,5,555,Champions,0,487.33,642,645,5.09,744.15,0
12600,29,20,4385.85,2009-12-07 13:37:00,2011-11-11 10:29:00,1349,Germany,4,5,5,455,Champions,0,219.29,703,732,9.97,655.9,0
14514,61,9,4380.04,2009-12-13 13:21:00,2011-10-09 16:05:00,2362,United Kingdom,3,5,5,355,Loyal,0,486.67,665,726,4.52,659.92,0
16118,653,1,4376.25,2010-02-25 09:40:00,2010-02-25 09:40:00,2851,United Kingdom,1,1,5,115,Hibernating / Lost,1,4376.25,0,653,0.56,735.21,1
13297,8,7,4368.62,2010-06-15 12:35:00,2011-12-02 09:32:00,2694,United Kingdom,5,4,5,545,Champions,0,624.09,534,543,4.71,881.84,0
12752,81,1,4366.78,2011-09-19 13:32:00,2011-09-19 13:32:00,2262,Norway,3,1,5,315,Needs Attention,1,4366.78,0,81,4.51,5908.25,0
15861,12,12,4360.9,2010-01-28 19:41:00,2011-11-27 15:59:00,3833,United Kingdom,5,5,5,555,Champions,0,363.41,667,680,6.44,702.11,0
12432,43,4,4359.32,2011-06-20 13:27:00,2011-10-28 11:43:00,1800,Norway,4,3,5,435,Loyal,1,1089.83,129,172,8.49,2775.8,0
12917,128,6,4359.2,2009-12-09 14:22:00,2011-08-03 16:42:00,1104,United Kingdom,3,4,5,345,Loyal,1,726.53,602,730,3.0,653.88,0
16283,6,8,4348.62,2010-02-28 14:12:00,2011-12-04 12:08:00,2865,United Kingdom,5,5,5,555,Champions,0,543.58,643,649,4.5,733.83,0
17050,96,10,4348.46,2010-01-26 14:54:00,2011-09-04 13:48:00,2431,United Kingdom,3,5,5,355,Loyal,1,434.85,585,682,5.35,697.93,0
15633,509,13,4335.96,2009-12-08 17:51:00,2010-07-18 13:54:00,2048,United Kingdom,1,5,5,155,Can't Lose Them,1,333.54,221,731,6.49,649.4,1
14334,17,12,4318.48,2010-05-20 10:04:00,2011-11-23 10:01:00,2986,United Kingdom,5,5,5,555,Champions,0,359.87,551,569,7.7,831.3,0
17372,41,27,4316.46,2009-12-03 18:41:00,2011-10-30 11:37:00,1859,United Kingdom,4,5,5,455,Champions,0,159.87,695,736,13.39,642.2,0
17191,28,15,4310.34,2009-12-01 16:34:00,2011-11-11 16:58:00,2208,United Kingdom,4,5,5,455,Champions,0,287.36,710,738,7.42,639.66,0
14482,18,12,4306.72,2010-08-26 14:13:00,2011-11-21 13:14:00,2869,United Kingdom,5,5,5,555,Champions,0,358.89,451,470,9.32,1003.46,0
12928,35,12,4304.89,2010-06-08 10:16:00,2011-11-04 14:24:00,2899,United Kingdom,4,5,5,455,Champions,0,358.74,514,550,7.96,856.67,0
14854,78,11,4303.06,2010-01-22 09:48:00,2011-09-22 17:00:00,2987,United Kingdom,3,5,5,355,Loyal,0,391.19,608,687,5.84,685.36,0
17937,9,7,4301.22,2010-12-12 14:43:00,2011-12-01 11:45:00,1754,United Kingdom,5,4,5,545,Champions,0,614.46,353,362,7.06,1301.43,0
13880,21,17,4293.86,2010-05-26 14:29:00,2011-11-18 13:44:00,2535,United Kingdom,4,5,5,455,Champions,0,252.58,540,562,11.04,836.54,0
16858,369,10,4292.59,2009-12-15 11:09:00,2010-12-06 09:52:00,1423,United Kingdom,2,5,5,255,Can't Lose Them,1,429.26,355,725,5.03,647.75,1
16125,367,14,4292.35,2009-12-14 15:38:00,2010-12-07 15:48:00,1819,United Kingdom,2,5,5,255,Can't Lose Them,1,306.6,358,725,7.05,648.46,1
18230,9,9,4291.06,2010-07-02 10:01:00,2011-11-30 13:22:00,1996,United Kingdom,5,5,5,555,Champions,0,476.78,516,526,6.25,893.96,0
14307,89,10,4287.92,2009-12-07 13:06:00,2011-09-12 09:38:00,2816,United Kingdom,3,5,5,355,Loyal,1,428.79,643,732,4.99,641.9,0
12536,59,1,4279.71,2011-10-11 14:52:00,2011-10-11 14:52:00,2801,France,4,1,5,415,New / Promising,1,4279.71,0,59,6.19,7947.42,0
16293,22,15,4279.2,2009-12-11 09:58:00,2011-11-18 09:58:00,1833,United Kingdom,4,5,5,455,Champions,0,285.28,707,729,7.51,642.74,0
16081,56,8,4278.96,2010-02-03 12:46:00,2011-10-14 13:06:00,2177,United Kingdom,4,5,5,455,Champions,0,534.87,618,675,4.33,694.8,0
17930,36,13,4275.22,2010-03-04 10:41:00,2011-11-04 10:23:00,3795,United Kingdom,4,5,5,455,Champions,0,328.86,609,646,7.35,725.14,0
12449,22,5,4274.89,2010-09-27 09:37:00,2011-11-17 13:46:00,2247,Belgium,4,4,5,445,Champions,0,854.98,416,439,4.16,1067.02,0
14466,29,13,4267.15,2009-12-13 15:44:00,2011-11-10 14:07:00,2507,United Kingdom,4,5,5,455,Champions,0,328.24,696,726,6.54,644.01,0
14239,43,21,4263.17,2009-12-05 12:36:00,2011-10-27 14:40:00,1729,United Kingdom,4,5,5,455,Champions,0,203.01,691,735,10.43,635.22,0
16571,27,10,4248.74,2010-03-18 09:12:00,2011-11-13 11:46:00,3703,United Kingdom,4,5,5,455,Champions,0,424.87,605,632,5.78,736.72,0
12935,2,15,4243.86,2010-04-11 15:59:00,2011-12-07 17:25:00,3201,United Kingdom,5,5,5,555,Champions,0,282.92,605,607,9.02,765.58,0
12395,19,15,4241.17,2010-04-16 10:16:00,2011-11-20 15:21:00,3175,Belgium,5,5,5,555,Champions,0,282.74,583,603,9.08,770.18,0
17728,4,5,4238.76,2010-09-12 14:58:00,2011-12-06 08:52:00,2146,United Kingdom,5,4,5,545,Champions,0,847.75,449,453,4.03,1024.93,0
13911,57,20,4234.99,2010-03-01 16:31:00,2011-10-13 15:43:00,4487,United Kingdom,4,5,5,455,Champions,0,211.75,590,648,11.27,715.93,0
16875,67,11,4234.53,2010-01-05 09:16:00,2011-10-03 13:39:00,2099,United Kingdom,3,5,5,355,Loyal,0,384.96,636,704,5.7,658.28,0
14001,46,9,4228.85,2010-08-03 12:49:00,2011-10-25 10:31:00,1779,United Kingdom,4,5,5,455,Champions,0,469.87,447,494,6.65,937.39,0
16712,9,13,4225.22,2010-11-03 15:45:00,2011-11-30 13:48:00,2071,United Kingdom,5,5,5,555,Champions,0,325.02,391,401,11.83,1153.5,0
17412,3,16,4220.22,2009-12-02 13:51:00,2011-12-07 11:36:00,2554,United Kingdom,5,5,5,555,Champions,0,263.76,734,737,7.92,626.69,0
16743,29,14,4212.15,2010-04-22 13:21:00,2011-11-10 13:13:00,3707,United Kingdom,4,5,5,455,Champions,0,300.87,566,596,8.57,773.54,0
15804,1,13,4206.39,2011-05-25 10:12:00,2011-12-09 12:31:00,2565,United Kingdom,5,5,5,555,Champions,0,323.57,198,199,23.84,2314.17,0
18079,45,5,4203.93,2010-08-05 12:19:00,2011-10-25 15:27:00,8730,United Kingdom,4,4,5,445,Champions,1,840.79,446,492,3.71,935.8,0
12598,10,10,4192.09,2010-03-01 09:58:00,2011-11-30 12:18:00,2887,France,5,5,5,555,Champions,0,419.21,639,649,5.62,706.79,0
15518,64,15,4189.99,2009-12-20 12:21:00,2011-10-06 13:05:00,2810,United Kingdom,3,5,5,355,Loyal,0,279.33,655,720,7.6,636.87,0
17406,333,13,4186.95,2009-12-06 13:45:00,2011-01-10 15:07:00,1847,United Kingdom,2,5,5,255,Can't Lose Them,1,322.07,400,733,6.47,625.14,1
14868,3,12,4184.01,2010-10-15 14:52:00,2011-12-06 14:49:00,2230,United Kingdom,5,5,5,555,Champions,0,348.67,416,420,10.43,1090.99,0
17738,19,13,4183.56,2010-03-19 10:07:00,2011-11-20 15:05:00,2776,United Kingdom,5,5,5,555,Champions,0,321.81,611,631,7.52,726.0,0
18287,43,7,4182.99,2010-05-17 11:55:00,2011-10-28 09:29:00,3013,United Kingdom,4,4,5,445,Champions,0,597.57,528,572,4.47,801.34,0
16072,288,4,4180.09,2010-06-08 16:47:00,2011-02-24 14:32:00,1580,United Kingdom,2,4,5,245,Can't Lose Them,1,1045.02,260,549,2.66,833.93,1
12757,16,9,4176.75,2011-05-12 19:01:00,2011-11-24 12:30:00,2387,Portugal,5,5,5,555,Champions,0,464.08,195,211,15.57,2167.72,0
17673,2,13,4173.88,2010-03-19 14:02:00,2011-12-08 12:50:00,3284,United Kingdom,5,5,5,555,Champions,0,321.07,628,630,7.53,725.3,0
18194,82,6,4162.04,2010-01-28 15:30:00,2011-09-18 13:29:00,1774,United Kingdom,3,4,5,345,Loyal,1,693.67,597,680,3.22,670.09,0
14740,197,11,4161.06,2010-02-25 11:40:00,2011-05-26 18:17:00,2081,United Kingdom,2,5,5,255,Can't Lose Them,1,378.28,455,653,6.15,697.93,1
12653,149,3,4160.83,2010-07-01 09:56:00,2011-07-14 10:41:00,1681,Israel,3,3,5,335,Loyal,1,1386.94,378,527,2.08,865.45,0
13461,39,6,4160.0,2010-04-21 16:01:00,2011-11-01 09:01:00,3132,United Kingdom,4,4,5,445,Champions,0,693.33,558,597,3.67,763.36,0
16749,591,2,4157.88,2009-12-15 14:05:00,2010-04-27 13:06:00,1910,United Kingdom,1,2,5,125,Hibernating / Lost,1,2078.94,132,724,1.01,629.92,1
16209,89,9,4146.78,2010-06-11 11:58:00,2011-09-12 11:58:00,1895,United Kingdom,3,5,5,355,Loyal,1,460.75,458,547,6.01,830.73,0
15002,116,9,4138.08,2010-01-12 11:40:00,2011-08-16 10:44:00,2214,United Kingdom,3,5,5,355,Loyal,1,459.79,580,697,4.71,649.68,0
13450,27,13,4120.04,2010-04-15 19:15:00,2011-11-13 11:54:00,4318,United Kingdom,4,5,5,455,Champions,0,316.93,576,603,7.87,748.27,0
15493,33,9,4113.19,2010-02-23 11:14:00,2011-11-07 12:04:00,1205,United Kingdom,4,5,5,455,Champions,0,457.02,622,655,5.02,688.27,0
12553,8,12,4104.75,2010-10-12 13:35:00,2011-12-01 16:38:00,2297,France,5,5,5,555,Champions,0,342.06,415,423,10.35,1062.1,0
14408,11,11,4102.27,2009-12-07 12:18:00,2011-11-29 11:41:00,2438,United Kingdom,5,5,5,555,Champions,0,372.93,721,733,5.48,613.1,0
16477,64,11,4094.37,2010-08-12 09:43:00,2011-10-07 09:44:00,2507,United Kingdom,3,5,5,355,Loyal,0,372.22,421,485,8.28,924.59,0
14566,111,4,4092.0,2010-06-24 10:34:00,2011-08-21 11:05:00,2400,Channel Islands,3,3,5,335,Loyal,1,1023.0,423,534,2.73,837.84,0
15050,25,5,4087.19,2010-08-16 12:00:00,2011-11-14 16:17:00,2600,United Kingdom,4,4,5,445,Champions,0,817.44,455,481,3.79,929.43,0
12444,21,5,4085.46,2011-06-21 14:00:00,2011-11-18 13:23:00,1130,Norway,4,4,5,445,Champions,0,817.09,149,171,10.67,2615.51,0
12627,11,6,4082.53,2011-07-22 13:59:00,2011-11-29 12:07:00,2730,Germany,5,4,5,545,Champions,0,680.42,129,140,15.64,3192.53,0
18077,8,18,4078.79,2009-12-07 11:40:00,2011-12-01 13:32:00,3020,United Kingdom,5,5,5,555,Champions,0,226.6,724,733,8.96,609.1,0
14878,13,25,4076.5,2010-02-21 11:14:00,2011-11-27 11:15:00,2416,United Kingdom,5,5,5,555,Champions,0,163.06,644,657,13.89,679.47,0
14913,36,8,4073.13,2010-08-11 08:40:00,2011-11-04 08:29:00,3955,United Kingdom,4,4,5,445,Champions,0,509.14,449,486,6.01,917.98,0
12483,17,19,4069.1800000000003,2010-01-31 13:28:00,2011-11-22 17:02:00,2131,Sweden,5,5,5,555,Champions,0,214.17,660,677,10.24,657.93,0
17682,10,11,4065.28,2010-03-08 09:49:00,2011-11-29 15:59:00,2281,United Kingdom,5,5,5,555,Champions,0,369.57,631,642,6.25,692.94,0
14025,465,8,4057.9,2010-05-05 09:56:00,2010-09-01 10:11:00,1914,United Kingdom,1,4,5,145,Can't Lose Them,1,507.24,119,584,5.0,760.86,1
17083,109,9,4049.79,2010-02-09 11:46:00,2011-08-22 15:43:00,1955,United Kingdom,3,5,5,355,Loyal,1,449.98,559,669,4.91,662.82,0
13048,14,9,4049.13,2010-01-27 12:55:00,2011-11-25 13:23:00,2661,United Kingdom,5,5,5,555,Champions,0,449.9,667,681,4.82,650.56,0
13421,40,8,4048.25,2010-02-14 14:45:00,2011-10-30 14:21:00,2326,United Kingdom,4,4,5,445,Champions,0,506.03,622,663,4.4,667.96,0
12840,144,7,4041.97,2010-02-03 14:51:00,2011-07-19 09:29:00,2258,United Kingdom,3,4,5,345,Loyal,1,577.42,530,674,3.79,656.53,0
15680,9,10,4028.69,2009-12-02 12:15:00,2011-11-30 13:46:00,2743,United Kingdom,5,5,5,555,Champions,0,402.87,728,738,4.95,598.26,0
12578,21,4,4026.4500000000003,2010-09-22 11:19:00,2011-11-18 13:30:00,2358,Italy,4,3,5,435,Loyal,2,1006.61,422,444,3.29,993.52,0
14824,10,10,4022.9100000000003,2010-03-12 13:07:00,2011-11-29 14:20:00,1954,United Kingdom,5,5,5,555,Champions,0,402.29,627,637,5.73,691.54,0
15782,10,4,4014.1,2010-10-05 15:43:00,2011-11-30 10:49:00,1844,United Kingdom,5,3,5,535,Loyal,2,1003.52,420,430,3.4,1023.59,0
16098,88,14,4010.7,2009-12-15 09:40:00,2011-09-13 09:59:00,2008,United Kingdom,3,5,5,355,Loyal,0,286.48,637,725,7.05,605.91,0
12523,19,23,4010.35,2009-12-07 13:46:00,2011-11-20 12:55:00,2244,France,5,5,5,555,Champions,0,174.36,712,732,11.47,599.97,0
13895,28,6,4008.52,2009-12-03 13:09:00,2011-11-11 16:57:00,2060,United Kingdom,4,4,5,445,Champions,0,668.09,708,736,2.98,597.27,0
16841,37,12,4006.06,2010-01-12 11:32:00,2011-11-03 11:51:00,3478,United Kingdom,4,5,5,455,Champions,0,333.84,660,697,6.28,628.95,0
16150,43,10,4002.17,2009-12-17 15:33:00,2011-10-28 12:39:00,1990,United Kingdom,4,5,5,455,Champions,0,400.22,679,722,5.06,607.53,0
17618,6,11,4001.64,2010-01-24 11:03:00,2011-12-04 11:50:00,1798,United Kingdom,5,5,5,555,Champions,0,363.79,679,685,5.86,639.54,0
17307,395,11,3999.8900000000003,2010-01-19 16:38:00,2010-11-09 13:40:00,3667,United Kingdom,2,5,5,255,Can't Lose Them,1,363.63,293,689,5.83,635.99,1
16455,64,11,3995.57,2010-03-30 10:31:00,2011-10-07 12:17:00,2851,United Kingdom,3,5,5,355,Loyal,0,363.23,556,620,6.48,706.12,0
16241,10,16,3989.81,2010-10-25 13:40:00,2011-11-30 11:08:00,2250,United Kingdom,5,5,5,555,Champions,0,249.36,400,410,14.24,1065.27,0
15665,168,5,3987.07,2010-03-14 15:07:00,2011-06-24 14:57:00,2777,United Kingdom,3,4,5,345,Loyal,1,797.41,466,635,2.87,686.57,0
14547,4,8,3974.75,2011-10-16 14:35:00,2011-12-06 11:06:00,2639,United Kingdom,5,4,5,545,Champions,0,496.84,50,54,54.07,8059.24,0
16218,30,13,3968.67,2010-05-27 16:09:00,2011-11-10 09:59:00,2799,United Kingdom,4,5,5,455,Champions,0,305.28,531,561,8.46,774.8,0
14047,9,14,3968.11,2010-02-01 10:05:00,2011-12-01 11:43:00,1541,United Kingdom,5,5,5,555,Champions,0,283.44,668,677,7.55,641.99,0
15572,5,10,3965.2,2010-04-14 14:38:00,2011-12-05 10:09:00,2089,United Kingdom,5,5,5,555,Champions,0,396.52,599,604,6.04,718.49,0
14817,200,7,3959.86,2010-03-22 12:10:00,2011-05-23 13:35:00,2462,United Kingdom,2,4,5,245,Can't Lose Them,1,565.69,427,628,4.07,690.71,1
13542,377,17,3959.4900000000002,2009-12-10 19:53:00,2010-11-28 11:24:00,804,United Kingdom,2,5,5,255,Can't Lose Them,1,232.91,352,729,8.51,594.62,1
12370,51,7,3956.56,2010-02-09 09:41:00,2011-10-19 14:51:00,2595,Cyprus,4,4,5,445,Champions,1,565.22,617,669,3.82,647.74,0
13982,39,9,3954.29,2010-01-20 14:04:00,2011-10-31 16:24:00,2478,United Kingdom,4,5,5,455,Champions,0,439.37,649,688,4.77,628.74,0
17667,66,9,3950.7,2010-02-23 09:57:00,2011-10-04 14:32:00,2192,United Kingdom,3,5,5,355,Loyal,0,438.97,588,655,5.02,661.09,0
16791,29,15,3944.88,2009-12-03 18:08:00,2011-11-10 19:12:00,1853,United Kingdom,4,5,5,455,Champions,0,262.99,707,736,7.44,586.99,0
18259,25,7,3941.9,2009-12-08 08:38:00,2011-11-15 12:34:00,1274,United Kingdom,4,4,5,445,Champions,0,563.13,707,732,3.49,589.6,0
17526,5,12,3939.24,2009-12-17 16:18:00,2011-12-05 11:05:00,1442,United Kingdom,5,5,5,555,Champions,0,328.27,717,722,6.07,597.78,0
15819,49,10,3934.79,2010-03-18 11:08:00,2011-10-21 14:50:00,2928,United Kingdom,4,5,5,455,Champions,0,393.48,582,632,5.78,682.29,0
15051,23,9,3926.91,2009-12-01 13:29:00,2011-11-16 15:38:00,3052,United Kingdom,4,5,5,455,Champions,0,436.32,715,738,4.45,582.49,0
14465,247,11,3925.85,2010-01-07 15:03:00,2011-04-07 12:38:00,2539,United Kingdom,2,5,5,255,Can't Lose Them,1,356.9,454,701,5.73,613.51,1
15752,40,9,3924.91,2010-09-08 11:56:00,2011-10-31 11:37:00,2792,United Kingdom,4,5,5,455,Champions,0,436.1,417,458,7.17,938.05,0
16771,33,10,3921.1,2009-12-09 11:52:00,2011-11-06 13:28:00,2290,United Kingdom,4,5,5,455,Champions,0,392.11,697,731,4.99,586.99,0
13037,138,12,3914.9500000000003,2009-12-03 17:04:00,2011-07-24 15:46:00,2130,United Kingdom,3,5,5,355,Loyal,1,326.25,597,736,5.95,582.36,0
12853,135,11,3907.5,2010-02-05 11:57:00,2011-07-28 11:29:00,1668,United Kingdom,3,5,5,355,Loyal,1,355.23,537,673,5.97,636.22,0
12408,33,8,3905.77,2010-07-29 13:27:00,2011-11-07 12:27:00,2200,Belgium,4,4,5,445,Champions,0,488.22,465,498,5.86,858.29,0
13995,15,14,3902.01,2009-12-18 12:43:00,2011-11-24 14:22:00,2359,United Kingdom,5,5,5,555,Champions,0,278.72,706,722,7.08,592.0,0
12388,16,8,3901.11,2010-05-06 12:54:00,2011-11-24 12:30:00,2001,Australia,5,4,5,545,Champions,0,487.64,566,582,5.02,734.39,0
14498,43,10,3900.83,2010-06-07 16:05:00,2011-10-28 12:09:00,2120,United Kingdom,4,5,5,455,Champions,0,390.08,507,550,6.64,777.04,0
17646,219,12,3898.79,2009-12-16 09:37:00,2011-05-04 13:17:00,1308,United Kingdom,2,5,5,255,Can't Lose Them,1,324.9,504,724,6.05,589.69,1
15571,12,14,3892.35,2009-12-06 12:10:00,2011-11-28 10:02:00,2411,United Kingdom,5,5,5,555,Champions,0,278.02,721,734,6.96,580.51,0
17218,4,18,3889.39,2010-01-25 16:12:00,2011-12-05 13:52:00,2062,United Kingdom,5,5,5,555,Champions,0,216.08,678,683,9.62,623.61,0
15708,41,9,3887.15,2010-10-10 11:33:00,2011-10-30 10:54:00,1465,United Kingdom,4,5,5,455,Champions,0,431.91,384,426,7.71,999.01,0
13446,430,11,3881.89,2010-02-14 11:52:00,2010-10-05 18:51:00,2403,United Kingdom,1,5,5,155,Can't Lose Them,1,352.9,233,664,6.05,640.51,1
15696,33,13,3881.2200000000003,2010-01-24 14:36:00,2011-11-06 14:02:00,1386,United Kingdom,4,5,5,455,Champions,0,298.56,650,684,6.94,621.6,0
14655,8,7,3878.51,2010-04-22 14:29:00,2011-12-01 16:28:00,2341,United Kingdom,5,4,5,545,Champions,0,554.07,588,596,4.29,713.09,0
15823,729,2,3867.17,2009-12-08 15:12:00,2009-12-10 18:03:00,1773,United Kingdom,1,2,5,125,Hibernating / Lost,1,1933.58,2,731,1.0,580.07,1
15067,78,5,3862.88,2010-04-11 15:54:00,2011-09-22 13:20:00,2151,United Kingdom,3,4,5,345,Loyal,1,772.58,528,607,3.01,697.64,0
12782,5,11,3862.2400000000002,2010-07-08 13:31:00,2011-12-05 09:16:00,1990,Portugal,5,5,5,555,Champions,0,351.11,514,519,7.74,815.28,0
15195,3,1,3861.0,2011-12-07 12:20:00,2011-12-07 12:20:00,1404,United Kingdom,5,1,5,515,New / Promising,2,3861.0,0,30,12.17,14096.51,0
18073,114,12,3859.82,2011-05-26 19:38:00,2011-08-17 14:02:00,3102,United Kingdom,3,5,5,355,Loyal,1,321.65,82,197,22.23,2145.08,0
14565,96,5,3859.2200000000003,2010-08-23 09:48:00,2011-09-05 09:07:00,1940,United Kingdom,3,4,5,345,Loyal,1,771.84,377,474,3.85,891.48,0
16440,8,6,3856.9700000000003,2010-08-03 11:32:00,2011-12-02 12:02:00,2108,United Kingdom,5,4,5,545,Champions,0,642.83,486,494,4.43,854.32,0
16057,16,10,3854.85,2010-01-07 17:11:00,2011-11-23 15:23:00,1691,United Kingdom,5,5,5,555,Champions,0,385.48,684,701,5.21,602.51,0
13213,57,11,3851.52,2010-05-20 14:50:00,2011-10-14 11:42:00,2962,United Kingdom,4,5,5,455,Champions,0,350.14,511,568,7.07,742.65,0
16341,25,7,3850.79,2010-04-09 10:30:00,2011-11-15 09:12:00,3022,United Kingdom,4,4,5,445,Champions,0,550.11,584,610,4.19,691.49,0
14532,236,11,3845.78,2010-01-10 11:47:00,2011-04-17 13:05:00,1111,United Kingdom,2,5,5,255,Can't Lose Them,1,349.62,462,699,5.74,602.05,1
13481,46,11,3830.84,2009-12-04 12:37:00,2011-10-25 09:07:00,2055,United Kingdom,4,5,5,455,Champions,0,348.26,689,736,5.46,570.45,0
17287,26,21,3826.86,2009-12-03 12:45:00,2011-11-13 13:27:00,1955,United Kingdom,4,5,5,455,Champions,0,182.23,710,737,10.4,568.56,0
15421,59,10,3805.34,2009-12-07 15:10:00,2011-10-12 09:20:00,1927,United Kingdom,4,5,5,455,Champions,0,380.53,673,732,4.99,569.65,0
16636,438,4,3802.04,2010-03-03 14:06:00,2010-09-27 13:13:00,2186,United Kingdom,1,4,5,145,Can't Lose Them,1,950.51,207,646,2.26,644.45,1
17954,5,19,3801.83,2009-12-09 13:22:00,2011-12-04 14:15:00,3177,United Kingdom,5,5,5,555,Champions,0,200.1,725,730,9.5,570.28,0
16128,18,11,3801.05,2010-07-16 16:30:00,2011-11-22 11:14:00,2445,United Kingdom,5,5,5,555,Champions,0,345.55,493,511,7.86,814.81,0
16928,80,26,3798.08,2010-02-03 12:30:00,2011-09-20 15:10:00,2563,United Kingdom,3,5,5,355,Loyal,0,146.08,594,675,14.06,616.17,0
13357,257,5,3795.0099999999998,2010-03-22 14:30:00,2011-03-27 13:56:00,2087,United Kingdom,2,4,5,245,Can't Lose Them,1,759.0,369,627,2.91,662.61,1
17071,28,13,3793.71,2010-01-24 13:05:00,2011-11-11 16:31:00,1934,United Kingdom,4,5,5,455,Champions,0,291.82,656,684,6.94,607.57,0
14309,8,11,3780.81,2010-06-07 10:24:00,2011-12-01 13:33:00,2583,United Kingdom,5,5,5,555,Champions,0,343.71,542,551,7.29,751.69,0
13126,5,13,3774.81,2010-03-02 12:24:00,2011-12-05 10:00:00,3289,United Kingdom,5,5,5,555,Champions,0,290.37,642,648,7.32,637.65,0
17211,27,13,3773.35,2009-12-13 13:17:00,2011-11-13 12:03:00,2141,United Kingdom,4,5,5,455,Champions,0,290.26,699,726,6.54,569.49,0
16466,34,15,3767.09,2010-03-07 14:31:00,2011-11-06 11:35:00,1777,United Kingdom,4,5,5,455,Champions,0,251.14,608,642,8.53,642.67,0
17173,5,8,3766.6,2011-07-31 15:26:00,2011-12-04 14:40:00,1122,United Kingdom,5,5,5,555,Champions,0,470.82,125,131,22.29,3148.37,0
15834,70,7,3761.89,2010-10-11 14:05:00,2011-09-30 14:41:00,1813,United Kingdom,3,4,5,345,Loyal,1,537.41,354,424,6.03,972.17,0
17553,130,4,3757.6,2010-04-08 09:44:00,2011-08-02 10:00:00,2288,United Kingdom,3,4,5,345,Loyal,1,939.4,481,611,2.39,673.55,0
12876,58,4,3751.79,2010-04-28 13:26:00,2011-10-13 12:26:00,3025,Belgium,4,3,5,435,Loyal,1,937.95,532,590,2.47,695.02,0
17293,8,17,3750.63,2009-12-03 15:09:00,2011-12-01 14:37:00,2228,United Kingdom,5,5,5,555,Champions,0,220.63,727,736,8.43,557.97,0
15370,41,8,3739.01,2010-10-25 12:08:00,2011-10-30 10:58:00,1397,United Kingdom,4,4,5,445,Champions,0,467.38,369,411,7.1,995.52,0
15704,140,6,3734.6600000000003,2010-05-05 14:51:00,2011-07-22 13:35:00,1709,United Kingdom,3,4,5,345,Loyal,1,622.44,442,583,3.76,702.11,0
14515,18,12,3724.06,2010-06-07 12:37:00,2011-11-22 11:37:00,1893,United Kingdom,5,5,5,555,Champions,0,310.34,532,551,7.95,740.16,0
16240,24,2,3718.8,2011-09-23 13:44:00,2011-11-15 14:30:00,1641,United Kingdom,4,2,5,425,New / Promising,2,1859.4,53,77,9.48,5288.13,0
14364,109,8,3717.35,2011-05-12 12:56:00,2011-08-23 11:01:00,1967,United Kingdom,3,4,5,345,Loyal,1,464.67,102,211,13.84,1929.31,0
15532,25,10,3717.2,2010-06-08 14:52:00,2011-11-14 14:51:00,1328,United Kingdom,4,5,5,455,Champions,0,371.72,523,549,6.65,741.58,0
14540,10,11,3709.64,2009-12-07 13:00:00,2011-11-30 10:15:00,1595,United Kingdom,5,5,5,555,Champions,0,337.24,722,732,5.48,554.42,0
14776,51,15,3708.3,2010-09-19 14:12:00,2011-10-19 15:34:00,4658,United Kingdom,4,5,5,455,Champions,0,247.22,395,446,12.28,910.76,0
15288,43,10,3706.53,2010-02-12 15:27:00,2011-10-27 16:58:00,1333,United Kingdom,4,5,5,455,Champions,0,370.65,622,665,5.49,610.46,0
15255,67,9,3706.02,2009-12-03 09:10:00,2011-10-04 12:43:00,2214,United Kingdom,3,5,5,355,Loyal,1,411.78,670,737,4.46,550.96,0
15494,21,5,3702.6,2009-12-10 20:16:00,2011-11-18 14:51:00,3052,United Kingdom,4,4,5,445,Champions,0,740.52,707,729,2.5,555.39,0
16772,423,3,3698.0499999999997,2009-12-18 10:50:00,2010-10-12 13:19:00,687,United Kingdom,1,3,5,135,At Risk,1,1232.68,298,722,1.52,562.1,1
17096,15,11,3697.93,2010-06-02 14:48:00,2011-11-24 15:01:00,1559,United Kingdom,5,5,5,555,Champions,0,336.18,540,555,7.23,729.17,0
16094,12,11,3695.56,2010-04-16 14:00:00,2011-11-28 12:45:00,2020,United Kingdom,5,5,5,555,Champions,0,335.96,590,602,6.67,672.26,0
12726,28,11,3690.6,2010-03-25 16:25:00,2011-11-11 13:35:00,4600,France,4,5,5,455,Champions,0,335.51,595,624,6.43,647.2,0
12857,211,6,3688.0,2010-01-25 15:37:00,2011-05-13 10:20:00,1420,United Kingdom,2,4,5,245,Can't Lose Them,1,614.67,472,683,3.21,591.93,1
12349,19,3,3678.69,2010-04-29 13:20:00,2011-11-21 09:51:00,1621,Italy,5,3,5,535,Loyal,2,1226.23,570,589,1.86,684.24,0
14744,16,14,3660.08,2010-05-18 14:06:00,2011-11-23 12:51:00,2399,United Kingdom,5,5,5,555,Champions,0,261.43,553,570,8.96,702.72,0
14593,22,12,3658.0299999999997,2009-12-09 12:57:00,2011-11-18 12:48:00,1846,United Kingdom,4,5,5,455,Champions,0,304.84,708,730,6.0,548.71,0
14857,60,7,3651.85,2010-03-15 11:00:00,2011-10-11 09:23:00,2080,United Kingdom,3,4,5,345,Loyal,1,521.69,574,635,4.02,629.16,0
14649,5,9,3651.19,2010-01-20 13:10:00,2011-12-05 12:30:00,2415,United Kingdom,5,5,5,555,Champions,0,405.69,683,688,4.77,580.54,0
14640,24,10,3649.36,2010-01-22 15:44:00,2011-11-15 13:07:00,1645,United Kingdom,4,5,5,455,Champions,0,364.94,661,686,5.32,582.44,0
13632,25,8,3645.81,2010-04-07 10:59:00,2011-11-15 10:51:00,1633,United Kingdom,4,4,5,445,Champions,0,455.73,586,612,4.77,652.15,0
12422,96,12,3639.35,2009-12-18 12:44:00,2011-09-05 09:48:00,2579,Switzerland,3,5,5,355,Loyal,0,303.28,625,722,6.07,552.27,0
17063,21,13,3638.53,2009-12-01 12:36:00,2011-11-18 16:19:00,1899,United Kingdom,4,5,5,455,Champions,0,279.89,717,739,6.42,539.07,0
14770,232,8,3637.64,2010-02-25 18:58:00,2011-04-21 14:21:00,1598,United Kingdom,2,4,5,245,Can't Lose Them,1,454.7,419,652,4.48,611.12,1
16748,18,14,3637.33,2009-12-10 12:28:00,2011-11-22 10:17:00,2127,United Kingdom,5,5,5,555,Champions,0,259.81,711,730,7.0,545.6,0
12721,32,8,3635.08,2010-08-25 11:07:00,2011-11-08 12:13:00,2634,France,4,4,5,445,Champions,0,454.38,440,472,6.19,843.78,0
16053,33,6,3634.84,2010-04-08 11:11:00,2011-11-07 11:21:00,3067,United Kingdom,4,4,5,445,Champions,0,605.81,578,611,3.58,650.64,0
13505,73,4,3633.63,2011-04-21 12:07:00,2011-09-28 11:56:00,2467,Switzerland,3,3,5,335,Loyal,1,908.41,159,233,6.27,1708.72,0
17528,1,8,3628.5,2011-09-29 13:04:00,2011-12-08 13:27:00,2138,United Kingdom,5,5,5,555,Champions,0,453.56,70,71,41.13,5596.48,0
16444,46,17,3625.88,2010-03-24 14:06:00,2011-10-24 13:50:00,1945,United Kingdom,4,5,5,455,Champions,0,213.29,578,625,9.93,635.39,0
15079,213,11,3625.4,2009-12-08 11:22:00,2011-05-11 12:45:00,1459,United Kingdom,2,5,5,255,Can't Lose Them,1,329.58,519,732,5.48,541.83,1
13305,4,16,3616.41,2010-03-10 14:49:00,2011-12-05 15:15:00,2228,United Kingdom,5,5,5,555,Champions,0,226.03,635,639,9.14,619.77,0
16503,107,11,3614.34,2010-06-21 14:07:00,2011-08-25 11:46:00,1535,United Kingdom,3,5,5,355,Loyal,1,328.58,429,536,7.49,738.32,0
12360,52,6,3612.89,2010-02-22 09:32:00,2011-10-18 15:22:00,2443,Austria,4,4,5,445,Champions,1,602.15,603,656,3.34,603.35,0
15505,53,5,3610.96,2011-07-07 13:33:00,2011-10-18 07:56:00,2390,United Kingdom,4,4,5,445,Champions,1,722.19,102,155,11.77,2550.05,0
15791,44,5,3608.34,2010-03-08 09:41:00,2011-10-27 10:14:00,1970,United Kingdom,4,4,5,445,Champions,1,721.67,598,642,2.84,614.86,0
18242,72,8,3605.21,2010-01-11 08:49:00,2011-09-28 13:43:00,2021,United Kingdom,3,5,5,355,Loyal,1,450.65,625,698,4.18,565.12,0
15827,73,28,3603.14,2010-01-08 11:25:00,2011-09-27 15:35:00,1715,United Kingdom,3,5,5,355,Loyal,0,128.68,627,701,14.58,562.85,0
13750,54,11,3602.1800000000003,2010-04-01 14:49:00,2011-10-17 12:16:00,1370,United Kingdom,4,5,5,455,Champions,0,327.47,563,617,6.51,639.55,0
16325,47,12,3597.5,2009-12-04 13:21:00,2011-10-24 08:48:00,2464,United Kingdom,4,5,5,455,Champions,0,299.79,688,735,5.96,536.02,0
17422,16,11,3594.76,2010-06-23 10:19:00,2011-11-23 13:27:00,3538,United Kingdom,5,5,5,555,Champions,0,326.8,518,535,7.5,735.3,0
15480,116,3,3592.25,2010-02-01 14:52:00,2011-08-15 14:32:00,1850,Malta,3,3,5,335,Loyal,1,1197.42,559,676,1.62,581.95,0
17659,17,14,3586.9900000000002,2010-11-18 14:20:00,2011-11-22 13:29:00,1752,United Kingdom,5,5,5,555,Champions,0,256.21,368,386,13.24,1017.67,0
17019,11,11,3586.99,2009-12-02 11:52:00,2011-11-28 13:06:00,2390,United Kingdom,5,5,5,555,Champions,0,326.09,726,738,5.44,532.18,0
14132,2,11,3586.0299999999997,2011-06-09 12:04:00,2011-12-07 13:35:00,3368,United Kingdom,5,5,5,555,Champions,0,326.0,181,184,21.82,2134.0,0
15569,104,10,3583.45,2010-02-28 10:55:00,2011-08-28 10:15:00,1734,United Kingdom,3,5,5,355,Loyal,1,358.34,545,650,5.62,604.16,0
17679,53,7,3577.61,2009-12-03 17:32:00,2011-10-18 07:43:00,1755,United Kingdom,4,4,5,445,Champions,1,511.09,683,736,3.47,532.04,0
17311,78,6,3566.56,2010-02-03 12:38:00,2011-09-22 14:11:00,2755,United Kingdom,3,4,5,345,Loyal,1,594.43,596,675,3.24,577.79,0
15024,10,16,3559.39,2010-10-11 16:14:00,2011-11-30 12:06:00,1924,United Kingdom,5,5,5,555,Champions,0,222.46,414,424,13.77,918.98,0
14737,4,4,3554.17,2010-11-04 11:29:00,2011-12-06 10:16:00,1071,United Kingdom,5,3,5,535,Loyal,2,888.54,396,401,3.64,970.29,0
15858,16,13,3552.41,2009-12-10 11:42:00,2011-11-24 12:48:00,2715,United Kingdom,5,5,5,555,Champions,0,273.26,714,730,6.5,532.86,0
15222,319,11,3550.91,2009-12-16 13:49:00,2011-01-25 08:03:00,4458,United Kingdom,2,5,5,255,Can't Lose Them,1,322.81,404,723,5.55,537.48,1
14882,27,14,3546.65,2010-03-30 15:02:00,2011-11-13 12:47:00,1614,United Kingdom,4,5,5,455,Champions,0,253.33,592,619,8.26,627.75,0
14503,3,6,3543.26,2011-06-14 10:00:00,2011-12-06 13:30:00,2004,United Kingdom,5,4,5,545,Champions,0,590.54,175,179,12.23,2166.69,0
17848,81,30,3538.46,2009-12-06 13:19:00,2011-09-19 16:49:00,1372,United Kingdom,3,5,5,355,Loyal,0,117.95,652,733,14.94,528.65,0
16950,57,10,3533.77,2010-01-24 11:26:00,2011-10-14 09:06:00,2424,United Kingdom,4,5,5,455,Champions,0,353.38,627,685,5.33,565.05,0
17722,96,5,3520.2200000000003,2010-11-29 09:44:00,2011-09-04 15:22:00,2412,United Kingdom,3,4,5,345,Loyal,1,704.04,279,376,4.85,1024.38,0
16336,421,4,3517.69,2010-03-18 08:05:00,2010-10-15 12:32:00,1473,United Kingdom,1,4,5,145,Can't Lose Them,1,879.42,211,632,2.31,609.44,1
16395,61,14,3517.56,2009-12-06 12:26:00,2011-10-10 12:50:00,2900,United Kingdom,3,5,5,355,Loyal,0,251.25,673,734,6.96,524.61,0
15113,10,3,3509.04,2011-10-16 15:27:00,2011-11-30 08:23:00,2343,United Kingdom,5,3,5,535,Loyal,2,1169.68,44,54,20.28,7116.33,0
16719,15,14,3508.62,2009-12-13 10:59:00,2011-11-25 09:27:00,2306,United Kingdom,5,5,5,555,Champions,0,250.62,711,727,7.03,528.56,0
18044,4,18,3505.61,2010-05-28 15:31:00,2011-12-05 14:26:00,1598,United Kingdom,5,5,5,555,Champions,0,194.76,555,560,11.73,685.36,0
14934,82,5,3503.5,2010-09-24 12:08:00,2011-09-19 10:10:00,2100,Channel Islands,3,4,5,345,Loyal,1,700.7,359,442,4.13,868.17,0
13929,169,11,3494.1,2010-01-14 07:25:00,2011-06-23 15:26:00,1566,United Kingdom,3,5,5,355,Loyal,1,317.65,525,695,5.78,550.81,0
16983,13,11,3490.5299999999997,2010-09-19 12:38:00,2011-11-27 12:10:00,2315,United Kingdom,5,5,5,555,Champions,0,317.32,433,447,8.98,854.86,0
15059,41,19,3490.4,2009-12-06 12:17:00,2011-10-30 11:35:00,1597,United Kingdom,4,5,5,455,Champions,0,183.71,692,734,9.45,520.82,0
15306,64,9,3484.73,2010-02-18 17:12:00,2011-10-06 12:56:00,3074,United Kingdom,3,5,5,355,Loyal,1,387.19,594,659,4.98,578.46,0
13577,25,11,3484.28,2009-12-14 16:10:00,2011-11-14 15:19:00,1660,United Kingdom,4,5,5,455,Champions,0,316.75,699,725,5.54,526.44,0
17597,214,5,3484.09,2010-05-05 15:33:00,2011-05-10 11:54:00,2215,United Kingdom,2,4,5,245,Can't Lose Them,1,696.82,369,583,3.13,654.31,1
15712,9,12,3472.4100000000003,2009-12-01 11:17:00,2011-11-30 14:09:00,1277,United Kingdom,5,5,5,555,Champions,0,289.37,729,739,5.93,514.79,0
13849,52,5,3469.3,2010-03-25 12:03:00,2011-10-19 10:59:00,1883,United Kingdom,4,4,5,445,Champions,1,693.86,572,625,2.92,607.82,0
14533,25,11,3466.37,2010-04-08 12:13:00,2011-11-15 12:05:00,6038,United Kingdom,4,5,5,455,Champions,0,315.12,585,611,6.57,621.1,0
14837,90,9,3460.32,2010-01-24 10:20:00,2011-09-11 10:58:00,3030,United Kingdom,3,5,5,355,Loyal,1,384.48,595,685,4.8,553.65,0
16360,5,6,3450.41,2011-09-12 13:50:00,2011-12-05 12:16:00,2110,United Kingdom,5,4,5,545,Champions,0,575.07,83,88,24.89,4294.05,0
12358,2,5,3447.07,2009-12-08 07:59:00,2011-12-08 10:26:00,1068,Austria,5,4,5,545,Champions,0,689.41,730,732,2.49,514.99,0
13313,22,12,3445.32,2009-12-02 16:18:00,2011-11-17 16:48:00,2308,United Kingdom,4,5,5,455,Champions,0,287.11,715,737,5.94,511.63,0
13536,1,7,3444.39,2011-09-25 13:30:00,2011-12-08 16:38:00,2126,United Kingdom,5,4,5,545,Champions,0,492.06,74,75,34.07,5029.35,0
16347,11,11,3442.96,2010-03-12 12:41:00,2011-11-28 13:14:00,1715,United Kingdom,5,5,5,555,Champions,0,313.0,626,638,6.29,590.63,0
15974,39,7,3442.15,2011-02-24 10:10:00,2011-10-31 13:13:00,2262,United Kingdom,4,4,5,445,Champions,0,491.74,249,289,8.84,1304.09,0
16208,45,10,3440.45,2010-02-24 14:24:00,2011-10-26 11:36:00,1541,United Kingdom,4,5,5,455,Champions,0,344.04,608,653,5.59,576.96,0
15953,15,18,3440.3399999999997,2009-12-03 14:00:00,2011-11-24 15:32:00,1741,United Kingdom,5,5,5,555,Champions,0,191.13,721,736,8.93,512.04,0
17725,16,11,3439.08,2011-03-17 19:47:00,2011-11-23 16:34:00,2162,United Kingdom,5,5,5,555,Champions,0,312.64,250,267,15.04,1410.63,0
12670,10,7,3436.29,2010-02-11 10:13:00,2011-11-29 15:23:00,1609,France,5,4,5,545,Champions,0,490.9,656,667,3.83,564.04,0
15676,19,3,3435.76,2011-03-01 10:19:00,2011-11-21 12:40:00,2252,United Kingdom,5,3,5,535,Loyal,2,1145.25,265,284,3.86,1326.2,0
18168,176,16,3435.5,2009-12-03 17:29:00,2011-06-16 19:21:00,1995,United Kingdom,3,5,5,355,Loyal,1,214.72,560,736,7.93,510.82,0
16045,120,8,3434.9300000000003,2010-07-29 12:50:00,2011-08-12 12:41:00,2108,United Kingdom,3,5,5,355,Loyal,1,429.37,378,499,5.85,753.54,0
15351,12,10,3430.22,2010-10-03 12:18:00,2011-11-27 12:52:00,1350,United Kingdom,5,5,5,555,Champions,0,343.02,420,433,8.43,867.5,0
14409,71,9,3427.29,2010-05-21 16:45:00,2011-09-29 18:18:00,2233,United Kingdom,3,5,5,355,Loyal,1,380.81,496,567,5.79,661.47,0
17913,59,14,3425.09,2009-12-03 13:02:00,2011-10-12 10:45:00,1715,United Kingdom,4,5,5,455,Champions,0,244.65,677,736,6.94,509.36,0
17876,400,3,3424.02,2010-02-02 13:00:00,2010-11-05 10:52:00,1958,United Kingdom,2,3,5,235,At Risk,1,1141.34,275,675,1.62,554.69,1
16281,72,3,3424.02,2010-01-26 13:41:00,2011-09-28 14:57:00,1570,United Kingdom,3,3,5,335,Loyal,1,1141.34,610,682,1.61,551.27,0
13437,14,7,3408.06,2011-06-02 14:30:00,2011-11-25 14:00:00,1283,United Kingdom,5,4,5,545,Champions,0,486.87,175,190,13.45,1964.52,0
14653,1,11,3404.8,2009-12-02 11:51:00,2011-12-08 13:45:00,1967,United Kingdom,5,5,5,555,Champions,0,309.53,736,738,5.44,505.15,0
13823,19,7,3403.4500000000003,2009-12-15 14:34:00,2011-11-21 10:22:00,1564,United Kingdom,5,4,5,545,Champions,0,486.21,705,724,3.53,514.9,0
17931,134,14,3402.24,2010-02-16 15:47:00,2011-07-28 18:33:00,1919,United Kingdom,3,5,5,355,Loyal,1,243.02,527,661,7.73,563.56,0
15114,30,12,3400.12,2010-10-14 16:44:00,2011-11-09 15:05:00,3532,United Kingdom,4,5,5,455,Champions,0,283.34,390,421,10.4,884.02,0
15811,22,7,3392.55,2010-11-16 16:46:00,2011-11-17 15:31:00,1733,United Kingdom,4,4,5,445,Champions,0,484.65,365,388,6.59,958.15,0
13425,108,5,3390.4300000000003,2010-05-09 14:35:00,2011-08-23 17:13:00,2358,United Kingdom,3,4,5,345,Loyal,1,678.09,471,579,3.15,640.8,0
15058,25,16,3387.58,2010-02-24 14:07:00,2011-11-14 14:57:00,1645,United Kingdom,4,5,5,455,Champions,0,211.72,628,653,8.94,567.83,0
12530,60,9,3381.26,2010-03-07 14:37:00,2011-10-11 12:34:00,2692,Germany,3,5,5,355,Loyal,0,375.7,582,642,5.12,577.08,0
17723,127,7,3378.4000000000005,2010-11-29 10:35:00,2011-08-04 18:37:00,912,United Kingdom,3,4,5,345,Loyal,1,482.63,248,376,6.8,984.57,0
13979,73,7,3373.63,2009-12-03 10:02:00,2011-09-27 13:32:00,2241,United Kingdom,3,4,5,345,Loyal,1,481.95,663,737,3.47,501.71,0
13135,197,2,3371.45,2010-08-05 17:28:00,2011-05-27 10:52:00,4423,United Kingdom,2,2,5,225,Hibernating / Lost,1,1685.72,294,491,1.49,753.52,1
16271,16,8,3367.82,2010-03-07 12:03:00,2011-11-24 12:12:00,2357,United Kingdom,5,5,5,555,Champions,0,420.98,627,643,4.54,573.37,0
14898,23,14,3365.95,2009-12-03 16:40:00,2011-11-16 14:54:00,2207,United Kingdom,4,5,5,455,Champions,0,240.42,712,736,6.94,500.55,0
13707,267,5,3365.86,2010-06-21 11:57:00,2011-03-17 18:03:00,2210,United Kingdom,2,4,5,245,Can't Lose Them,1,673.17,269,537,3.4,686.63,1
13285,23,6,3364.59,2010-03-25 14:26:00,2011-11-16 13:19:00,2457,United Kingdom,4,4,5,445,Champions,0,560.76,600,624,3.51,590.48,0
15538,538,6,3358.3999999999996,2010-02-14 12:38:00,2010-06-20 10:49:00,1016,United Kingdom,1,4,5,145,Can't Lose Them,1,559.73,125,664,3.3,554.13,1
18219,3,17,3352.7000000000003,2009-12-07 13:17:00,2011-12-07 11:43:00,1586,United Kingdom,5,5,5,555,Champions,0,197.22,729,732,8.48,501.73,0
13246,18,11,3351.75,2010-07-02 13:36:00,2011-11-21 16:50:00,2796,United Kingdom,5,5,5,555,Champions,0,304.7,507,525,7.65,699.29,0
16818,11,11,3349.57,2011-05-18 11:42:00,2011-11-29 10:41:00,2164,United Kingdom,5,5,5,555,Champions,0,304.51,194,206,19.49,1780.47,0
12371,60,4,3347.38,2010-03-04 18:23:00,2011-10-11 10:43:00,1418,Switzerland,3,3,5,335,Loyal,1,836.84,585,645,2.26,567.38,0
17183,8,6,3347.31,2011-08-26 15:25:00,2011-12-02 10:07:00,1296,United Kingdom,5,4,5,545,Champions,0,557.88,97,105,20.86,3491.21,0
15265,151,4,3345.64,2009-12-01 17:08:00,2011-07-11 14:46:00,1570,United Kingdom,3,3,5,335,Loyal,1,836.41,586,738,1.98,496.83,0
14608,4,10,3342.94,2009-12-06 12:34:00,2011-12-05 16:52:00,926,United Kingdom,5,5,5,555,Champions,0,334.29,729,734,4.97,498.43,0
12424,163,4,3340.03,2010-06-09 15:15:00,2011-06-30 12:06:00,2025,Australia,3,3,5,335,Loyal,1,835.01,385,548,2.66,666.34,0
16351,333,13,3330.0299999999997,2009-12-04 16:12:00,2011-01-11 10:26:00,2165,United Kingdom,2,5,5,255,Can't Lose Them,1,256.16,402,735,6.46,496.44,1
15065,38,5,3326.86,2010-10-25 09:13:00,2011-11-02 09:45:00,1446,United Kingdom,4,4,5,445,Champions,1,665.37,373,411,4.44,886.27,0
12865,26,4,3323.47,2010-08-20 12:20:00,2011-11-13 14:31:00,1973,Austria,4,3,5,435,Loyal,2,830.87,450,477,3.06,762.74,0
12631,57,6,3321.57,2010-01-15 14:50:00,2011-10-13 13:53:00,1603,Finland,4,4,5,445,Champions,1,553.6,635,693,3.16,524.81,0
13431,67,8,3316.24,2010-02-18 11:53:00,2011-10-03 13:49:00,1570,United Kingdom,3,4,5,345,Loyal,1,414.53,592,660,4.42,549.67,0
12623,276,7,3315.84,2010-01-12 11:45:00,2011-03-08 13:50:00,1947,Germany,2,4,5,245,Can't Lose Them,1,473.69,420,697,3.67,521.53,1
13824,33,12,3314.76,2010-03-12 15:17:00,2011-11-07 12:41:00,1442,United Kingdom,4,5,5,455,Champions,0,276.23,604,637,6.88,570.14,0
13131,23,7,3313.77,2010-02-09 09:47:00,2011-11-16 13:21:00,1523,United Kingdom,4,4,5,445,Champions,0,473.4,645,669,3.82,542.52,0
14217,2,23,3298.59,2010-06-30 12:54:00,2011-12-08 11:53:00,1230,United Kingdom,5,5,5,555,Champions,0,143.42,525,527,15.93,685.4,0
13611,89,10,3297.9300000000003,2009-12-03 07:57:00,2011-09-11 14:51:00,1988,United Kingdom,3,5,5,355,Loyal,1,329.79,647,737,4.95,489.74,0
12589,29,6,3294.91,2010-01-19 12:26:00,2011-11-11 10:19:00,1741,France,4,4,5,445,Champions,0,549.15,660,690,3.17,522.24,0
13031,407,5,3292.84,2010-06-03 14:57:00,2010-10-28 15:34:00,2309,United Kingdom,2,4,5,245,Can't Lose Them,1,658.57,147,554,3.29,650.01,1
17768,8,7,3292.73,2009-12-02 12:26:00,2011-12-01 13:22:00,2339,United Kingdom,5,4,5,545,Champions,0,470.39,729,738,3.46,488.26,0
16539,3,10,3289.66,2010-06-25 15:24:00,2011-12-07 08:41:00,1014,United Kingdom,5,5,5,555,Champions,0,328.97,529,532,6.86,677.02,0
13650,17,10,3288.0,2010-01-26 08:44:00,2011-11-23 12:22:00,1746,United Kingdom,5,5,5,555,Champions,0,328.8,666,683,5.34,526.74,0
15632,16,8,3285.31,2011-03-10 08:29:00,2011-11-24 09:51:00,2109,United Kingdom,5,4,5,545,Champions,0,410.66,259,275,10.62,1308.36,0
14285,21,8,3284.42,2009-12-08 14:13:00,2011-11-18 14:50:00,954,United Kingdom,4,4,5,445,Champions,0,410.55,710,731,3.99,491.43,0
12872,327,12,3283.96,2009-12-03 20:03:00,2011-01-17 10:52:00,1642,United Kingdom,2,5,5,255,Can't Lose Them,1,273.66,409,736,5.95,488.48,1
18188,15,6,3280.59,2010-03-26 11:37:00,2011-11-24 16:46:00,1888,United Kingdom,5,4,5,545,Champions,0,546.76,608,624,3.51,575.74,0
15978,77,3,3279.42,2010-03-05 14:39:00,2011-09-23 15:21:00,2444,United Kingdom,3,3,5,335,Loyal,1,1093.14,567,644,1.7,557.5,0
17774,97,9,3272.83,2010-02-08 16:06:00,2011-09-04 12:49:00,1583,United Kingdom,3,5,5,355,Loyal,1,363.65,572,669,4.91,535.66,0
13291,156,11,3270.79,2010-02-11 18:36:00,2011-07-07 10:36:00,1600,United Kingdom,3,5,5,355,Loyal,1,297.34,510,666,6.03,537.89,0
16067,563,3,3269.11,2010-02-02 18:01:00,2010-05-26 12:33:00,1236,United Kingdom,1,3,5,135,At Risk,1,1089.7,112,675,1.62,529.59,1
12377,315,4,3266.32,2010-04-29 15:34:00,2011-01-28 15:45:00,2101,Switzerland,2,3,5,235,At Risk,1,816.58,274,589,2.48,607.54,1
13214,418,7,3264.23,2010-03-03 14:10:00,2010-10-18 10:00:00,2966,United Kingdom,1,4,5,145,Can't Lose Them,1,466.32,228,646,3.96,553.99,1
14064,29,15,3260.24,2010-01-21 13:22:00,2011-11-10 13:14:00,3911,United Kingdom,4,5,5,455,Champions,0,217.35,657,687,7.97,519.68,0
14451,60,12,3258.68,2010-01-17 10:35:00,2011-10-10 13:38:00,1737,United Kingdom,3,5,5,355,Loyal,0,271.56,631,692,6.33,515.69,0
17924,12,8,3257.7000000000003,2010-10-21 12:17:00,2011-11-28 09:11:00,1208,United Kingdom,5,5,5,555,Champions,0,407.21,402,415,7.04,860.03,0
15057,275,5,3255.96,2009-12-05 15:27:00,2011-03-09 15:17:00,1394,United Kingdom,2,4,5,245,Can't Lose Them,1,651.19,458,734,2.49,486.44,1
14215,12,9,3250.33,2009-12-08 09:35:00,2011-11-28 12:19:00,2181,United Kingdom,5,5,5,555,Champions,0,361.15,720,732,4.49,486.47,0
15380,9,11,3248.96,2009-12-01 13:50:00,2011-12-01 12:13:00,954,United Kingdom,5,5,5,555,Champions,0,295.36,729,738,5.44,482.03,0
12770,211,2,3246.45,2010-09-09 11:43:00,2011-05-13 09:33:00,1843,Japan,2,2,5,225,Hibernating / Lost,1,1623.22,245,457,1.6,779.15,1
16612,33,9,3245.43,2009-12-03 15:54:00,2011-11-07 07:38:00,1419,United Kingdom,4,5,5,455,Champions,0,360.6,703,736,4.46,482.48,0
15140,52,8,3243.69,2010-09-23 13:07:00,2011-10-18 14:07:00,2010,United Kingdom,4,4,5,445,Champions,1,405.46,390,442,6.61,804.03,0
17353,129,4,3242.0,2010-03-25 12:52:00,2011-08-02 17:19:00,2168,United Kingdom,3,4,5,345,Loyal,1,810.5,495,624,2.34,568.97,0
15356,31,13,3239.57,2010-10-13 13:12:00,2011-11-08 13:11:00,1892,United Kingdom,4,5,5,455,Champions,0,249.2,390,422,11.24,840.3,0
12468,188,5,3238.74,2010-01-26 10:09:00,2011-06-05 11:36:00,2177,Germany,2,4,5,245,Can't Lose Them,1,647.75,495,683,2.67,518.85,1
15625,104,9,3236.4,2010-06-15 15:23:00,2011-08-28 10:21:00,3020,United Kingdom,3,5,5,355,Loyal,1,359.6,438,542,6.06,653.75,0
12963,8,12,3235.79,2010-07-08 14:45:00,2011-12-01 12:55:00,1637,United Kingdom,5,5,5,555,Champions,0,269.65,510,519,8.44,682.75,0
16101,71,4,3229.16,2010-05-27 12:50:00,2011-09-30 10:18:00,1844,United Kingdom,3,4,5,345,Loyal,1,807.29,490,562,2.6,629.69,0
14669,242,7,3216.78,2009-12-02 13:06:00,2011-04-12 11:43:00,2043,United Kingdom,2,4,5,245,Can't Lose Them,1,459.54,495,737,3.47,478.38,1
14507,24,11,3216.7400000000002,2009-12-10 17:04:00,2011-11-16 12:21:00,1491,United Kingdom,4,5,5,455,Champions,0,292.43,705,729,5.51,483.39,0
12645,34,8,3215.3,2010-02-09 10:49:00,2011-11-06 12:38:00,2107,Germany,4,4,5,445,Champions,0,401.91,635,669,4.36,525.7,0
12951,9,15,3213.7200000000003,2010-01-10 12:43:00,2011-12-01 12:14:00,1662,United Kingdom,5,5,5,555,Champions,0,214.25,689,699,7.83,503.27,0
16918,50,16,3206.54,2009-12-03 12:27:00,2011-10-21 12:50:00,2066,United Kingdom,4,5,5,455,Champions,0,200.41,687,737,7.92,476.17,0
16107,18,7,3204.1600000000003,2011-06-09 18:42:00,2011-11-22 09:40:00,1176,United Kingdom,5,4,5,545,Champions,0,457.74,165,183,13.96,1917.02,0
17147,23,9,3199.95,2010-01-11 09:38:00,2011-11-17 12:32:00,1308,United Kingdom,4,5,5,455,Champions,0,355.55,675,698,4.71,502.39,0
14315,45,8,3197.82,2010-03-15 12:49:00,2011-10-26 12:06:00,1344,United Kingdom,4,4,5,445,Champions,0,399.73,589,635,4.6,551.63,0
15027,31,10,3195.6,2010-03-25 14:39:00,2011-11-09 10:16:00,2782,United Kingdom,4,5,5,455,Champions,0,319.56,593,624,5.85,560.83,0
12597,19,4,3195.22,2011-03-16 14:00:00,2011-11-20 13:33:00,2214,Spain,5,3,5,535,Loyal,2,798.8,248,268,5.45,1306.04,0
13868,7,2,3192.54,2011-11-01 12:45:00,2011-12-02 16:32:00,1964,United Kingdom,5,2,5,525,New / Promising,2,1596.27,31,39,18.72,8964.65,0
13397,73,10,3191.87,2010-01-20 09:50:00,2011-09-28 10:56:00,1336,United Kingdom,3,5,5,355,Loyal,1,319.19,616,689,5.3,507.51,0
16515,52,10,3179.06,2010-06-17 12:17:00,2011-10-18 13:10:00,1573,United Kingdom,4,5,5,455,Champions,0,317.91,488,541,6.75,643.77,0
17621,21,6,3175.12,2010-10-04 09:37:00,2011-11-18 17:11:00,1110,United Kingdom,4,4,5,445,Champions,0,529.19,410,432,5.07,804.9,0
16837,31,11,3170.98,2011-04-08 08:48:00,2011-11-08 14:27:00,1563,United Kingdom,4,5,5,455,Champions,0,288.27,214,246,16.32,1411.37,0
17640,87,6,3168.94,2010-03-23 09:15:00,2011-09-14 09:13:00,1692,United Kingdom,3,4,5,345,Loyal,1,528.16,539,627,3.49,552.98,0
16365,18,15,3167.34,2009-12-11 12:41:00,2011-11-22 11:24:00,1034,United Kingdom,5,5,5,555,Champions,0,211.16,710,729,7.51,475.74,0
16041,31,3,3166.4,2011-07-21 16:27:00,2011-11-09 12:25:00,1584,United Kingdom,4,3,5,435,Loyal,2,1055.47,110,141,7.77,2460.3,0
13804,31,9,3161.12,2010-09-29 10:26:00,2011-11-09 12:32:00,1797,United Kingdom,4,5,5,455,Champions,0,351.24,406,437,7.52,792.4,0
12976,212,8,3156.38,2010-02-12 15:46:00,2011-05-12 09:55:00,2684,United Kingdom,2,4,5,245,Can't Lose Them,1,394.55,453,665,4.39,519.62,1
16584,80,5,3156.17,2010-02-16 10:41:00,2011-09-20 13:45:00,1913,United Kingdom,3,4,5,345,Loyal,1,631.23,581,662,2.76,522.66,0
13268,18,10,3152.71,2011-03-17 13:20:00,2011-11-22 11:34:00,3548,United Kingdom,5,5,5,555,Champions,0,315.27,249,267,13.67,1292.92,0
12569,2,32,3152.69,2011-04-01 13:47:00,2011-12-07 16:24:00,1747,Germany,5,5,5,555,Champions,0,98.52,250,252,46.35,1369.92,0
14306,51,6,3151.4,2010-01-31 13:42:00,2011-10-19 13:23:00,2065,United Kingdom,4,4,5,445,Champions,1,525.23,625,677,3.23,508.95,0
15614,438,4,3147.36,2010-03-23 11:13:00,2010-09-28 10:46:00,1632,United Kingdom,1,3,5,135,At Risk,1,786.84,188,627,2.33,550.0,1
15916,16,13,3145.2400000000002,2009-12-10 16:21:00,2011-11-23 13:46:00,1618,United Kingdom,5,5,5,555,Champions,0,241.94,712,729,6.51,472.51,0
17702,30,6,3144.04,2010-11-04 12:09:00,2011-11-09 16:03:00,2153,United Kingdom,4,4,5,445,Champions,0,524.01,370,401,5.46,858.33,0
15095,104,10,3141.64,2010-01-21 09:37:00,2011-08-28 12:01:00,2233,United Kingdom,3,5,5,355,Loyal,1,314.16,584,688,5.31,500.46,0
14897,8,8,3140.54,2009-12-15 17:05:00,2011-12-02 10:32:00,1162,United Kingdom,5,4,5,545,Champions,0,392.57,716,724,4.03,474.62,0
15602,8,16,3137.96,2009-12-02 09:35:00,2011-12-01 14:14:00,2292,United Kingdom,5,5,5,555,Champions,0,196.12,729,738,7.91,465.39,0
17354,51,4,3133.96,2010-10-07 13:22:00,2011-10-20 10:34:00,2531,United Kingdom,4,4,5,445,Champions,1,783.49,377,428,3.41,801.51,0
13786,367,6,3127.99,2009-12-03 15:32:00,2010-12-07 13:53:00,1515,United Kingdom,2,4,5,245,Can't Lose Them,1,521.33,368,736,2.98,466.07,1
14963,10,12,3123.57,2010-07-02 12:43:00,2011-11-30 12:16:00,2287,United Kingdom,5,5,5,555,Champions,0,260.3,515,526,8.33,650.49,0
15199,59,10,3122.4,2010-05-13 10:14:00,2011-10-11 15:12:00,894,United Kingdom,4,5,5,455,Champions,0,312.24,516,576,6.34,593.88,0
17145,513,4,3120.91,2010-02-19 12:07:00,2010-07-15 09:02:00,2591,United Kingdom,1,4,5,145,Can't Lose Them,1,780.23,145,659,2.22,519.63,1
13685,3,7,3119.44,2011-10-10 12:59:00,2011-12-07 11:41:00,5056,United Kingdom,5,4,5,545,Champions,0,445.63,57,60,42.58,5692.48,0
13052,212,7,3118.48,2010-02-23 12:31:00,2011-05-11 14:12:00,1423,United Kingdom,2,4,5,245,Can't Lose Them,1,445.5,442,655,3.9,521.24,1
13692,25,5,3114.4,2010-10-15 13:28:00,2011-11-15 11:17:00,2101,United Kingdom,4,4,5,445,Champions,2,622.88,395,420,4.35,812.86,0
14978,72,10,3112.19,2010-04-28 10:50:00,2011-09-28 13:07:00,736,United Kingdom,3,5,5,355,Loyal,1,311.22,518,591,6.18,577.0,0
15983,22,8,3110.37,2009-12-06 12:52:00,2011-11-17 17:34:00,1872,United Kingdom,4,5,5,455,Champions,0,388.8,711,733,3.98,464.23,0
16678,3,12,3109.99,2011-03-02 09:24:00,2011-12-07 12:17:00,2397,United Kingdom,5,5,5,555,Champions,0,259.17,280,283,15.48,1203.59,0
13742,17,12,3107.87,2011-01-23 14:59:00,2011-11-23 11:07:00,1115,United Kingdom,5,5,5,555,Champions,0,258.99,303,320,13.69,1063.67,0
12909,40,8,3103.19,2010-02-24 12:14:00,2011-10-31 12:43:00,1948,United Kingdom,4,4,5,445,Champions,0,387.9,614,654,4.46,519.01,0
13538,43,12,3103.13,2010-02-02 12:47:00,2011-10-27 16:34:00,959,United Kingdom,4,5,5,455,Champions,0,258.59,632,676,6.48,502.7,0
15031,4,14,3102.94,2009-12-08 13:38:00,2011-12-05 14:19:00,1576,United Kingdom,5,5,5,555,Champions,0,221.64,727,731,6.99,464.78,0
15491,95,6,3100.09,2011-04-18 10:04:00,2011-09-05 15:56:00,1646,United Kingdom,3,4,5,345,Loyal,1,516.68,140,236,9.28,1438.44,0
13772,34,8,3100.02,2010-02-23 13:55:00,2011-11-06 11:43:00,1446,United Kingdom,4,4,5,445,Champions,0,387.5,620,654,4.46,518.48,0
16933,1,9,3099.3,2009-12-09 15:03:00,2011-12-08 12:54:00,1533,United Kingdom,5,5,5,555,Champions,0,344.37,728,730,4.5,464.9,0
13464,58,6,3097.64,2010-03-31 15:22:00,2011-10-12 15:01:00,1440,United Kingdom,4,4,5,445,Champions,1,516.27,559,618,3.54,548.28,0
12937,15,9,3097.61,2009-12-03 15:43:00,2011-11-24 15:05:00,1983,United Kingdom,5,5,5,555,Champions,0,344.18,720,736,4.46,460.51,0
15105,18,9,3094.91,2010-03-23 12:18:00,2011-11-21 16:54:00,1747,United Kingdom,5,5,5,555,Champions,0,343.88,608,627,5.24,540.58,0
14312,47,11,3090.29,2010-07-23 15:05:00,2011-10-24 09:46:00,1904,United Kingdom,4,5,5,455,Champions,0,280.94,457,504,7.97,671.73,0
12619,16,9,3085.7,2010-05-28 12:52:00,2011-11-23 14:52:00,3500,Germany,5,5,5,555,Champions,0,342.86,544,560,5.87,603.78,0
15373,8,17,3084.54,2010-05-02 11:57:00,2011-12-01 15:05:00,726,United Kingdom,5,5,5,555,Champions,0,181.44,578,587,10.57,575.35,0
12511,429,1,3084.02,2010-10-07 10:39:00,2010-10-07 10:39:00,1753,Greece,1,1,5,115,Hibernating / Lost,1,3084.02,0,429,0.85,786.43,1
17929,11,12,3082.1,2009-12-09 11:40:00,2011-11-28 16:01:00,434,United Kingdom,5,5,5,555,Champions,0,256.84,719,731,5.99,461.54,0
17090,4,13,3080.1800000000003,2010-07-19 16:02:00,2011-12-05 13:44:00,1344,United Kingdom,5,5,5,555,Champions,0,236.94,503,508,9.34,663.91,0
14700,32,5,3076.06,2010-08-11 12:19:00,2011-11-07 14:40:00,1606,United Kingdom,4,4,5,445,Champions,1,615.21,453,486,3.76,693.96,0
14044,27,10,3073.95,2010-01-24 15:14:00,2011-11-13 12:05:00,2099,United Kingdom,4,5,5,455,Champions,0,307.4,657,684,5.34,492.45,0
12469,523,2,3070.54,2010-06-21 10:30:00,2010-07-05 12:40:00,2552,Thailand,1,2,5,125,Hibernating / Lost,1,1535.27,14,537,1.36,626.39,1
13631,100,11,3070.42,2011-03-17 17:13:00,2011-09-01 09:57:00,467,United Kingdom,3,5,5,355,Loyal,1,279.13,167,267,15.04,1259.43,0
14038,78,5,3069.88,2010-02-04 08:56:00,2011-09-22 13:37:00,1708,United Kingdom,3,4,5,345,Loyal,1,613.98,595,674,2.71,499.17,0
13196,11,7,3068.84,2010-04-01 12:54:00,2011-11-28 13:54:00,2006,United Kingdom,5,4,5,545,Champions,0,438.41,606,617,4.14,544.51,0
16400,95,9,3059.85,2009-12-08 12:38:00,2011-09-06 12:27:00,2066,United Kingdom,3,5,5,355,Loyal,1,339.98,636,732,4.49,457.95,0
16059,66,12,3053.57,2010-05-19 13:04:00,2011-10-05 09:56:00,1431,United Kingdom,3,5,5,355,Loyal,0,254.46,503,569,7.7,587.8,0
16007,48,7,3053.06,2010-06-14 13:18:00,2011-10-23 11:05:00,2631,United Kingdom,4,4,5,445,Champions,1,436.15,495,543,4.71,616.28,0
15241,67,11,3050.16,2010-02-23 13:59:00,2011-10-04 09:05:00,3328,United Kingdom,3,5,5,355,Loyal,0,277.29,587,654,6.14,510.77,0
16560,27,8,3048.38,2009-12-08 12:05:00,2011-11-13 10:35:00,1603,United Kingdom,4,5,5,455,Champions,0,381.05,704,732,3.99,456.12,0
14916,71,8,3042.95,2010-04-01 10:57:00,2011-09-30 09:20:00,2415,United Kingdom,3,4,5,345,Loyal,1,380.37,546,618,4.72,538.6,0
13647,10,8,3041.68,2010-04-15 12:55:00,2011-11-30 12:00:00,1795,United Kingdom,5,4,5,545,Champions,0,380.21,593,603,4.84,552.06,0
12510,143,7,3039.03,2009-12-04 13:47:00,2011-07-20 10:15:00,2021,Spain,3,4,5,345,Loyal,1,434.15,592,735,3.48,453.25,0
15754,51,9,3037.61,2010-02-22 13:31:00,2011-10-19 14:40:00,1762,United Kingdom,4,5,5,455,Champions,0,337.51,604,655,5.02,508.29,0
14673,3,7,3037.32,2010-10-26 10:14:00,2011-12-06 14:31:00,1822,United Kingdom,5,4,5,545,Champions,0,433.9,406,410,6.23,810.96,0
13557,28,13,3032.26,2009-12-08 17:41:00,2011-11-11 15:24:00,2398,United Kingdom,4,5,5,455,Champions,0,233.25,702,731,6.49,454.14,0
12609,78,9,3021.86,2009-12-20 13:30:00,2011-09-22 16:34:00,1530,Germany,3,5,5,355,Loyal,1,335.76,641,719,4.57,460.33,0
12849,31,6,3015.98,2010-04-27 13:44:00,2011-11-08 13:41:00,1834,United Kingdom,4,4,5,445,Champions,0,502.66,559,591,3.71,559.46,0
13485,233,11,3015.2200000000003,2009-12-03 13:46:00,2011-04-20 13:58:00,1797,United Kingdom,2,5,5,255,Can't Lose Them,1,274.11,503,736,5.46,448.99,1
13848,92,8,3015.0,2009-12-09 16:17:00,2011-09-08 12:58:00,9200,United Kingdom,3,4,5,345,Loyal,1,376.88,637,730,4.0,452.26,0
14456,5,9,3014.32,2011-07-20 13:06:00,2011-12-04 13:59:00,2848,United Kingdom,5,5,5,555,Champions,0,334.92,137,142,23.13,2324.01,0
12754,236,3,3010.74,2011-02-04 10:31:00,2011-04-18 09:00:00,6481,Japan,2,3,5,235,At Risk,1,1003.58,72,309,3.54,1065.8,1
16718,369,5,3006.08,2009-12-06 13:07:00,2010-12-05 13:03:00,1924,United Kingdom,2,4,5,245,Can't Lose Them,1,601.22,363,733,2.49,449.11,1
14621,1,9,3000.57,2010-01-25 09:08:00,2011-12-08 16:22:00,1706,United Kingdom,5,5,5,555,Champions,0,333.4,682,684,4.8,480.1,0
13635,68,4,2999.16,2009-12-01 09:46:00,2011-10-03 10:55:00,1884,United Kingdom,3,3,5,335,Loyal,1,749.79,671,739,1.98,445.38,0
15810,79,8,2999.04,2010-02-04 18:18:00,2011-09-22 09:38:00,1653,United Kingdom,3,4,5,345,Loyal,1,374.88,594,673,4.34,488.09,0
15182,154,11,2998.9500000000003,2010-02-21 12:03:00,2011-07-08 13:37:00,1184,United Kingdom,3,5,5,355,Loyal,1,272.63,502,657,6.11,499.73,0
14161,216,7,2996.93,2009-12-13 11:46:00,2011-05-08 11:41:00,1480,United Kingdom,2,4,5,245,Can't Lose Them,1,428.13,510,727,3.51,450.82,1
12502,96,5,2995.87,2011-02-03 10:41:00,2011-09-05 11:52:00,794,Spain,3,4,5,345,Loyal,1,599.17,214,310,5.89,1058.73,0
14590,425,20,2993.37,2009-12-07 14:10:00,2010-10-11 12:06:00,901,United Kingdom,1,5,5,155,Can't Lose Them,1,149.67,307,732,9.97,447.66,1
15687,9,9,2993.1,2011-01-13 15:13:00,2011-12-01 08:33:00,1310,United Kingdom,5,5,5,555,Champions,0,332.57,321,330,9.95,992.72,0
14344,127,20,2993.05,2010-03-23 15:47:00,2011-08-04 13:51:00,1546,United Kingdom,3,5,5,355,Loyal,0,149.65,498,626,11.66,523.48,0
15681,25,14,2989.7,2010-05-24 14:18:00,2011-11-14 16:30:00,1392,United Kingdom,4,5,5,455,Champions,0,213.55,539,564,9.06,580.43,0
18241,10,21,2986.9900000000002,2010-04-01 11:55:00,2011-11-30 12:10:00,1471,United Kingdom,5,5,5,555,Champions,0,142.24,608,618,12.4,529.13,0
14226,29,6,2985.13,2010-09-24 14:32:00,2011-11-11 11:34:00,1714,United Kingdom,4,4,5,445,Champions,0,497.52,412,441,4.97,741.8,0
16012,35,5,2978.59,2010-06-28 11:39:00,2011-11-04 13:25:00,1760,United Kingdom,4,4,5,445,Champions,1,595.72,494,530,3.44,614.78,0
17655,11,9,2976.38,2010-10-19 10:20:00,2011-11-29 11:34:00,1268,United Kingdom,5,5,5,555,Champions,0,330.71,406,417,7.88,781.8,0
15611,10,24,2976.28,2010-01-25 14:50:00,2011-11-30 12:36:00,745,United Kingdom,5,5,5,555,Champions,0,124.01,673,683,12.83,477.31,0
12838,34,10,2975.91,2010-04-26 09:59:00,2011-11-06 12:20:00,1606,United Kingdom,4,5,5,455,Champions,0,297.59,559,593,6.16,549.95,0
12854,79,7,2970.9700000000003,2009-12-11 12:55:00,2011-09-22 12:15:00,1630,United Kingdom,3,4,5,345,Loyal,1,424.42,649,728,3.51,446.91,0
16120,59,6,2967.51,2010-10-13 15:07:00,2011-10-11 14:22:00,2161,United Kingdom,4,4,5,445,Champions,1,494.58,362,422,5.19,770.06,0
15967,23,12,2966.0,2009-12-01 13:29:00,2011-11-16 15:41:00,1183,United Kingdom,4,5,5,455,Champions,0,247.17,715,738,5.93,439.72,0
17692,127,12,2960.44,2010-06-17 11:14:00,2011-08-04 14:01:00,2290,United Kingdom,3,5,5,355,Loyal,1,246.7,413,541,8.1,599.48,0
14506,17,7,2960.25,2010-04-19 08:27:00,2011-11-22 13:02:00,936,United Kingdom,5,4,5,545,Champions,0,422.89,582,600,4.26,540.45,0
15329,39,11,2958.83,2009-12-14 12:18:00,2011-10-31 15:36:00,1217,United Kingdom,4,5,5,455,Champions,0,268.98,686,726,5.53,446.24,0
16416,27,9,2957.88,2010-02-23 12:00:00,2011-11-13 12:50:00,2198,United Kingdom,4,5,5,455,Champions,0,328.65,628,655,5.02,494.95,0
13012,9,11,2957.83,2010-04-26 14:14:00,2011-11-30 13:05:00,1559,United Kingdom,5,5,5,555,Champions,0,268.89,582,592,6.78,546.92,0
13110,31,12,2957.4700000000003,2009-12-01 14:14:00,2011-11-08 14:30:00,763,United Kingdom,4,5,5,455,Champions,0,246.46,707,738,5.93,438.45,0
16736,506,5,2956.56,2009-12-03 16:12:00,2010-07-22 10:09:00,1050,United Kingdom,1,4,5,145,Can't Lose Them,1,591.31,230,736,2.48,439.93,1
14867,186,16,2952.06,2009-12-05 15:47:00,2011-06-07 11:39:00,996,United Kingdom,3,5,5,355,Loyal,1,184.5,548,734,7.96,440.59,1
13253,157,4,2951.11,2010-01-05 12:13:00,2011-07-06 10:09:00,3015,United Kingdom,3,3,5,335,Loyal,1,737.78,546,704,2.07,458.16,0
12877,4,20,2942.14,2010-01-18 10:23:00,2011-12-06 10:30:00,2237,United Kingdom,5,5,5,555,Champions,0,147.11,687,691,10.56,466.04,0
15757,66,6,2940.36,2010-06-10 13:47:00,2011-10-05 12:14:00,1757,United Kingdom,3,4,5,345,Loyal,1,490.06,481,547,4.0,588.07,0
17588,100,7,2939.55,2010-03-12 12:34:00,2011-08-31 13:37:00,1379,United Kingdom,3,4,5,345,Loyal,1,419.94,537,638,4.0,503.93,0
14544,24,3,2938.53,2010-08-26 16:00:00,2011-11-15 15:06:00,2412,United Kingdom,4,3,5,435,Loyal,2,979.51,445,470,2.33,684.68,0
12967,358,3,2938.52,2010-11-21 11:03:00,2010-12-16 19:10:00,912,United Kingdom,2,3,5,235,At Risk,1,979.51,25,384,2.85,837.48,1
15312,75,12,2930.19,2009-12-16 09:23:00,2011-09-25 13:10:00,1693,United Kingdom,3,5,5,355,Loyal,0,244.18,648,724,6.05,443.19,0
13890,1,14,2927.38,2009-12-06 15:15:00,2011-12-08 15:36:00,1392,United Kingdom,5,5,5,555,Champions,0,209.1,732,733,6.97,437.23,0
12906,12,5,2919.81,2011-09-22 15:03:00,2011-11-28 09:55:00,1749,United Kingdom,5,4,5,545,Champions,2,583.96,66,78,23.4,4099.4,0
16358,1,5,2919.65,2010-11-10 11:36:00,2011-12-08 15:09:00,2065,United Kingdom,5,4,5,545,Champions,0,583.93,393,395,4.62,809.33,0
15392,5,7,2911.62,2010-10-04 12:50:00,2011-12-05 11:01:00,2144,United Kingdom,5,4,5,545,Champions,0,415.95,426,432,5.91,737.48,0
13784,10,14,2910.23,2010-09-15 12:27:00,2011-11-30 09:33:00,2827,United Kingdom,5,5,5,555,Champions,0,207.87,440,451,11.33,706.55,0
14524,32,13,2909.86,2010-10-19 11:44:00,2011-11-08 12:29:00,1169,United Kingdom,4,5,5,455,Champions,0,223.84,385,417,11.38,764.19,0
13764,71,6,2908.67,2010-03-07 12:56:00,2011-09-30 12:03:00,2080,United Kingdom,3,4,5,345,Loyal,1,484.78,571,642,3.41,495.93,0
14233,49,7,2904.27,2010-03-05 16:35:00,2011-10-21 15:54:00,1261,United Kingdom,4,4,5,445,Champions,1,414.9,594,644,3.97,494.15,0
14293,3,9,2903.01,2009-12-10 10:57:00,2011-12-06 15:17:00,1558,United Kingdom,5,5,5,555,Champions,0,322.56,726,730,4.5,435.46,0
17032,603,5,2896.69,2009-12-10 15:36:00,2010-04-15 14:14:00,1664,United Kingdom,1,4,5,145,Can't Lose Them,1,579.34,125,729,2.5,434.51,1
17242,108,5,2889.28,2010-01-24 10:27:00,2011-08-23 14:55:00,1459,United Kingdom,3,4,5,345,Loyal,1,577.86,576,685,2.66,461.13,0
16383,75,7,2887.99,2010-02-04 13:18:00,2011-09-26 12:45:00,1590,United Kingdom,3,4,5,345,Loyal,1,412.57,598,673,3.8,470.33,0
13501,288,3,2885.11,2010-05-18 13:24:00,2011-02-24 18:59:00,1253,Switzerland,2,3,4,234,At Risk,1,961.7,282,570,1.92,553.94,1
16633,17,6,2883.1,2011-04-19 14:36:00,2011-11-22 13:41:00,1138,United Kingdom,5,4,4,544,Champions,0,480.52,216,234,9.36,1349.3,0
14251,2,5,2879.7000000000003,2011-10-13 12:46:00,2011-12-08 08:32:00,1674,United Kingdom,5,4,4,544,Champions,0,575.94,55,58,31.47,5437.45,0
18170,33,9,2878.0,2010-01-08 14:10:00,2011-11-06 14:35:00,1184,United Kingdom,4,5,4,454,Champions,0,319.78,667,700,4.69,449.93,0
14005,10,5,2874.72,2011-05-08 10:33:00,2011-11-30 12:41:00,2478,United Kingdom,5,4,4,544,Champions,2,574.94,206,216,8.45,1457.47,0
16467,509,7,2869.16,2009-12-02 11:59:00,2010-07-19 11:49:00,7384,United Kingdom,1,4,4,144,Can't Lose Them,1,409.88,228,738,3.46,425.46,1
16711,3,9,2868.48,2009-12-02 13:22:00,2011-12-06 16:32:00,1212,United Kingdom,5,5,4,554,Champions,0,318.72,734,737,4.46,426.45,0
16229,87,6,2867.86,2010-05-24 12:59:00,2011-09-13 17:16:00,1292,United Kingdom,3,4,4,344,Loyal,1,477.98,477,564,3.88,556.37,0
17961,21,100,2866.74,2009-12-01 14:48:00,2011-11-18 16:55:00,1491,United Kingdom,4,5,4,454,Champions,0,28.67,717,738,49.46,425.41,0
14758,145,7,2864.97,2010-04-08 08:27:00,2011-07-18 08:21:00,840,United Kingdom,3,4,4,344,Loyal,1,409.28,465,611,4.18,513.24,0
16755,114,7,2864.68,2009-12-09 14:25:00,2011-08-17 13:21:00,1985,United Kingdom,3,4,4,344,Loyal,1,409.24,615,730,3.5,429.7,0
16062,10,8,2863.45,2010-06-21 13:32:00,2011-11-30 12:15:00,2035,United Kingdom,5,5,4,554,Champions,0,357.93,526,536,5.45,585.22,0
14875,108,3,2862.4,2010-09-24 10:28:00,2011-08-24 12:20:00,1332,United Kingdom,3,3,4,334,Loyal,1,954.13,334,442,2.48,709.87,0
13963,308,17,2860.57,2010-04-21 16:20:00,2011-02-04 14:43:00,2007,United Kingdom,2,5,4,254,Can't Lose Them,1,168.27,288,597,10.39,524.5,1
16979,4,9,2859.74,2010-09-15 14:30:00,2011-12-06 12:21:00,1451,United Kingdom,5,5,4,554,Champions,0,317.75,446,450,7.3,695.87,0
16225,45,15,2859.31,2010-02-07 12:41:00,2011-10-26 08:30:00,1281,United Kingdom,4,5,4,454,Champions,0,190.62,625,671,8.16,466.64,0
15043,31,6,2855.3199999999997,2010-06-24 15:50:00,2011-11-08 14:26:00,1007,United Kingdom,4,4,4,444,Champions,1,475.89,501,533,4.11,586.77,0
13728,37,16,2855.17,2009-12-09 17:13:00,2011-11-03 10:49:00,1269,United Kingdom,4,5,4,454,Champions,0,178.45,693,730,8.0,428.28,0
14935,297,2,2849.83,2010-03-30 11:48:00,2011-02-15 14:44:00,1931,Channel Islands,2,2,4,224,Hibernating / Lost,1,1424.92,322,620,1.18,504.42,1
16554,42,8,2841.72,2009-12-15 09:42:00,2011-10-28 14:51:00,1346,United Kingdom,4,5,4,454,Champions,0,355.22,682,725,4.03,429.46,0
14711,10,11,2839.62,2011-03-22 13:32:00,2011-11-29 14:58:00,966,United Kingdom,5,5,4,554,Champions,0,258.15,252,262,15.32,1186.46,0
14842,44,4,2824.69,2011-02-04 15:32:00,2011-10-27 12:37:00,1166,United Kingdom,4,3,4,434,Loyal,1,706.17,264,308,4.74,1004.17,0
16775,10,16,2820.84,2010-09-23 17:34:00,2011-11-29 15:22:00,957,United Kingdom,5,5,4,554,Champions,0,176.3,431,442,13.21,698.68,0
15563,22,6,2820.46,2010-01-28 11:36:00,2011-11-17 12:59:00,2945,United Kingdom,4,4,4,444,Champions,0,470.08,658,681,3.22,454.1,0
17228,16,13,2820.03,2010-03-12 11:54:00,2011-11-24 10:24:00,2354,United Kingdom,5,5,4,554,Champions,0,216.93,621,638,7.44,484.19,0
13477,38,11,2819.17,2010-01-25 11:52:00,2011-11-02 12:04:00,2091,United Kingdom,4,5,4,454,Champions,0,256.29,646,684,5.87,451.33,0
13032,52,9,2815.96,2010-09-05 14:01:00,2011-10-18 15:54:00,1274,United Kingdom,4,5,4,454,Champions,0,312.88,408,460,7.14,670.19,0
17386,8,7,2812.77,2010-11-19 13:40:00,2011-12-02 11:28:00,1955,United Kingdom,5,4,4,544,Champions,0,401.82,377,385,6.64,800.43,0
16871,22,6,2812.34,2011-03-14 10:31:00,2011-11-17 19:27:00,1253,United Kingdom,4,4,4,444,Champions,0,468.72,248,271,8.08,1136.18,0
15797,113,5,2806.08,2010-01-27 13:12:00,2011-08-18 17:04:00,1280,United Kingdom,3,4,4,344,Loyal,1,561.22,568,681,2.68,451.22,0
13799,117,9,2803.57,2010-03-05 16:39:00,2011-08-15 12:07:00,1539,United Kingdom,3,5,4,354,Loyal,1,311.51,527,644,5.1,476.61,0
13205,443,1,2803.2,2010-09-22 16:26:00,2010-09-22 16:26:00,256,United Kingdom,1,1,4,114,Hibernating / Lost,1,2803.2,0,443,0.82,689.59,1
12826,3,12,2800.75,2009-12-18 10:43:00,2011-12-07 10:25:00,1915,United Kingdom,5,5,4,554,Champions,0,233.4,718,722,6.07,425.02,0
13330,93,6,2796.1,2010-02-23 10:12:00,2011-09-08 12:27:00,1951,United Kingdom,3,4,4,344,Loyal,1,466.02,562,655,3.34,466.95,0
14903,21,5,2795.33,2011-03-06 11:50:00,2011-11-18 16:07:00,1531,United Kingdom,4,4,4,444,Champions,2,559.07,257,279,6.54,1096.9,0
14035,29,9,2794.75,2010-04-06 12:39:00,2011-11-11 10:03:00,1405,United Kingdom,4,5,4,454,Champions,0,310.53,583,613,5.36,499.33,0
15353,255,7,2794.4700000000003,2009-12-02 11:33:00,2011-03-30 12:15:00,1391,United Kingdom,2,4,4,244,Can't Lose Them,1,399.21,483,738,3.46,414.38,1
12863,52,6,2792.5499999999997,2010-04-29 13:54:00,2011-10-18 14:15:00,895,United Kingdom,4,4,4,444,Champions,1,465.42,537,589,3.72,519.41,0
16764,4,13,2790.9500000000003,2011-07-19 17:17:00,2011-12-06 11:41:00,1253,United Kingdom,5,5,4,554,Champions,0,214.69,139,143,33.18,2137.02,0
15073,10,8,2788.02,2010-01-27 08:48:00,2011-11-30 10:44:00,1410,United Kingdom,5,4,4,544,Champions,0,348.5,672,682,4.28,447.47,0
17530,1,12,2787.1,2009-12-06 16:17:00,2011-12-08 18:42:00,1738,United Kingdom,5,5,4,554,Champions,0,232.26,732,733,5.98,416.67,0
17552,60,12,2786.77,2010-03-22 09:19:00,2011-10-10 17:00:00,1951,United Kingdom,3,5,4,354,Loyal,0,232.23,567,628,6.97,485.59,0
13719,15,11,2782.1,2010-05-17 14:36:00,2011-11-24 15:26:00,1586,United Kingdom,5,5,4,554,Champions,0,252.92,556,571,7.03,533.41,0
14121,4,4,2780.15,2011-10-11 10:39:00,2011-12-06 12:19:00,2082,United Kingdom,5,3,4,534,Loyal,2,695.04,56,60,24.33,5073.1,0
17790,27,20,2779.41,2010-06-13 13:30:00,2011-11-13 11:30:00,1387,United Kingdom,4,5,4,454,Champions,0,138.97,517,544,13.42,559.49,0
14869,9,6,2778.14,2009-12-16 11:43:00,2011-12-01 12:36:00,2130,United Kingdom,5,4,4,544,Champions,0,463.02,715,724,3.02,419.5,0
16104,62,9,2774.46,2009-12-06 10:41:00,2011-10-09 10:23:00,1047,United Kingdom,3,5,4,354,Loyal,1,308.27,671,734,4.48,414.31,0
17031,12,6,2773.85,2010-05-07 14:52:00,2011-11-28 10:23:00,1595,United Kingdom,5,4,4,544,Champions,0,462.31,569,581,3.77,522.87,0
15235,218,16,2772.76,2010-11-16 12:48:00,2011-05-06 09:44:00,1676,United Kingdom,2,5,4,254,Can't Lose Them,1,173.3,170,389,15.01,780.37,1
15965,17,13,2771.94,2009-12-03 11:45:00,2011-11-22 16:44:00,1313,United Kingdom,5,5,4,554,Champions,0,213.23,719,737,6.44,411.96,0
13695,31,16,2770.73,2010-05-11 11:07:00,2011-11-08 14:26:00,1791,United Kingdom,4,5,4,454,Champions,0,173.17,546,578,10.1,524.71,0
15993,9,7,2768.97,2011-10-26 16:21:00,2011-12-01 10:45:00,2031,United Kingdom,5,4,4,544,Champions,0,395.57,35,44,58.07,6891.22,0
18210,2,7,2768.83,2010-11-22 09:39:00,2011-12-08 11:02:00,1499,United Kingdom,5,4,4,544,Champions,0,395.55,381,383,6.67,791.5,0
15817,421,3,2766.4,2010-06-14 13:31:00,2010-10-15 11:07:00,1596,United Kingdom,1,3,4,134,At Risk,1,922.13,122,543,2.02,558.81,1
16407,13,14,2761.65,2010-10-03 13:56:00,2011-11-27 11:05:00,1448,United Kingdom,5,5,4,554,Champions,0,197.26,419,432,11.83,700.08,0
17115,8,7,2761.4900000000002,2009-12-05 12:13:00,2011-12-01 14:30:00,885,United Kingdom,5,4,4,544,Champions,0,394.5,726,735,3.48,411.86,0
17368,23,14,2758.29,2009-12-15 17:45:00,2011-11-16 15:26:00,2319,United Kingdom,4,5,4,454,Champions,0,197.02,700,724,7.06,417.29,0
16335,552,7,2753.52,2009-12-04 10:18:00,2010-06-06 11:35:00,1004,United Kingdom,1,4,4,144,Can't Lose Them,1,393.36,184,736,3.47,409.49,1
17870,2,13,2753.29,2010-11-23 11:39:00,2011-12-07 15:07:00,1699,United Kingdom,5,5,4,554,Champions,0,211.79,379,382,12.42,789.13,0
13736,5,7,2752.47,2009-12-06 12:07:00,2011-12-04 15:19:00,1549,United Kingdom,5,4,4,544,Champions,0,393.21,728,734,3.48,410.51,0
17490,1,9,2750.5,2010-05-19 12:40:00,2011-12-09 09:08:00,1531,United Kingdom,5,5,4,554,Champions,0,305.61,568,570,5.76,528.09,0
14665,61,7,2749.65,2010-04-26 11:17:00,2011-10-10 09:14:00,1144,United Kingdom,3,4,4,344,Loyal,1,392.81,531,593,4.31,507.9,0
12982,243,8,2744.81,2010-04-12 13:50:00,2011-04-11 11:51:00,1729,United Kingdom,2,4,4,244,Can't Lose Them,1,343.1,363,606,4.82,496.12,1
15841,73,9,2742.41,2009-12-10 08:29:00,2011-09-28 12:15:00,2391,United Kingdom,3,5,4,354,Loyal,1,304.71,657,730,4.5,411.36,0
13077,1,11,2740.65,2009-12-11 11:17:00,2011-12-08 19:24:00,2468,United Kingdom,5,5,4,554,Champions,0,249.15,727,729,5.51,411.84,0
17241,385,12,2736.64,2010-02-15 14:47:00,2010-11-19 13:01:00,859,United Kingdom,2,5,4,254,Can't Lose Them,1,228.05,276,662,6.62,452.91,1
15389,172,5,2733.8,2010-01-27 12:44:00,2011-06-20 16:18:00,3940,United Kingdom,3,4,4,344,Loyal,1,546.76,509,682,2.68,439.6,0
12986,429,10,2729.84,2010-01-21 10:45:00,2010-10-07 11:57:00,1164,United Kingdom,1,5,4,154,Can't Lose Them,1,272.98,259,688,5.31,434.86,1
15596,101,9,2727.72,2010-07-28 11:46:00,2011-08-31 10:55:00,1208,United Kingdom,3,5,4,354,Loyal,1,303.08,398,500,6.57,597.37,0
12391,22,6,2724.84,2010-02-15 10:12:00,2011-11-18 12:07:00,1204,Cyprus,4,4,4,444,Champions,0,454.14,641,663,3.3,449.6,0
14404,34,13,2724.13,2009-12-20 14:40:00,2011-11-06 12:30:00,1577,United Kingdom,4,5,4,454,Champions,0,209.55,685,719,6.6,414.91,0
16190,40,8,2723.55,2009-12-14 11:59:00,2011-10-30 15:59:00,1231,United Kingdom,4,5,4,454,Champions,0,340.44,685,726,4.02,410.57,0
14125,11,3,2720.63,2011-09-22 15:40:00,2011-11-29 12:47:00,1628,United Kingdom,5,3,4,534,Loyal,2,906.88,67,78,14.04,3819.78,0
14808,40,8,2718.6,2011-06-20 12:53:00,2011-10-31 12:21:00,2120,United Kingdom,4,4,4,444,Champions,0,339.82,132,172,16.98,1731.04,0
15985,123,7,2715.28,2010-05-27 15:51:00,2011-08-08 16:31:00,2750,United Kingdom,3,4,4,344,Loyal,1,387.9,438,561,4.55,529.48,0
16232,44,7,2712.97,2010-06-07 14:04:00,2011-10-27 12:16:00,1849,United Kingdom,4,4,4,444,Champions,1,387.57,506,550,4.65,540.66,0
16359,7,16,2697.75,2010-02-16 10:39:00,2011-12-02 17:04:00,1764,United Kingdom,5,5,4,554,Champions,0,168.61,654,662,8.82,446.14,0
18173,87,5,2696.36,2010-04-06 10:43:00,2011-09-14 11:26:00,1730,United Kingdom,3,4,4,344,Loyal,1,539.27,526,613,2.98,482.11,0
17884,4,20,2693.47,2009-12-04 16:23:00,2011-12-06 11:33:00,2748,United Kingdom,5,5,4,554,Champions,0,134.67,731,735,9.93,401.18,0
12820,3,11,2689.52,2009-12-05 13:37:00,2011-12-06 15:12:00,1964,United Kingdom,5,5,4,554,Champions,0,244.5,731,734,5.47,401.22,0
16086,59,10,2687.73,2009-12-02 13:20:00,2011-10-11 13:09:00,1450,United Kingdom,4,5,4,454,Champions,0,268.77,677,737,4.95,399.12,0
14748,29,10,2681.9,2010-03-04 17:08:00,2011-11-10 18:33:00,2422,United Kingdom,4,5,4,454,Champions,0,268.19,616,645,5.66,455.39,0
17388,78,11,2675.37,2009-12-10 11:45:00,2011-09-23 10:31:00,2555,United Kingdom,3,5,4,354,Loyal,1,243.22,651,730,5.5,401.31,0
16434,29,12,2673.69,2010-01-17 14:51:00,2011-11-10 14:28:00,1310,United Kingdom,4,5,4,454,Champions,0,222.81,661,691,6.34,423.78,0
12374,25,3,2669.22,2010-04-30 14:01:00,2011-11-14 15:37:00,1354,Austria,4,3,4,434,Loyal,2,889.74,563,588,1.86,496.47,0
17720,26,10,2666.91,2010-05-10 09:58:00,2011-11-13 15:04:00,1589,United Kingdom,4,5,4,454,Champions,0,266.69,552,579,6.3,504.04,0
15910,1,15,2661.17,2010-01-21 11:51:00,2011-12-09 10:51:00,2158,United Kingdom,5,5,4,554,Champions,0,177.41,686,688,7.96,423.66,0
18283,4,22,2658.95,2010-02-19 17:16:00,2011-12-06 12:02:00,1677,United Kingdom,5,5,4,554,Champions,0,120.86,654,658,12.2,442.35,0
13473,61,8,2657.7599999999998,2009-12-15 19:02:00,2011-10-10 11:20:00,1000,United Kingdom,3,4,4,344,Loyal,1,332.22,663,724,4.03,401.65,0
15671,19,7,2657.13,2011-03-14 09:37:00,2011-11-21 12:43:00,1699,United Kingdom,5,4,4,544,Champions,0,379.59,252,271,9.43,1073.86,0
16369,18,7,2654.48,2010-04-07 16:52:00,2011-11-21 16:25:00,1585,United Kingdom,5,4,4,544,Champions,0,379.21,592,611,4.18,475.53,0
15157,4,5,2654.11,2009-12-10 14:44:00,2011-12-06 11:28:00,3466,United Kingdom,5,4,4,544,Champions,2,530.82,725,729,2.5,398.12,0
14756,15,3,2653.76,2010-10-11 11:50:00,2011-11-24 18:13:00,1423,United Kingdom,5,3,4,534,Loyal,2,884.59,409,425,2.58,684.67,0
17744,4,7,2649.14,2010-11-24 09:34:00,2011-12-06 12:11:00,3826,United Kingdom,5,4,4,544,Champions,0,378.45,377,381,6.71,761.82,0
13203,10,10,2648.25,2009-12-17 14:15:00,2011-11-30 10:45:00,2413,United Kingdom,5,5,4,554,Champions,0,264.82,712,722,5.06,402.0,0
16618,31,5,2647.59,2011-01-21 11:55:00,2011-11-08 13:52:00,1363,United Kingdom,4,4,4,444,Champions,1,529.52,291,323,5.65,897.54,0
13819,302,6,2642.35,2009-12-01 16:18:00,2011-02-11 10:38:00,2309,United Kingdom,2,4,4,244,Can't Lose Them,1,440.39,436,738,2.97,392.39,1
15814,17,6,2634.44,2010-04-15 14:31:00,2011-11-23 08:17:00,1728,United Kingdom,5,4,4,544,Champions,0,439.07,586,603,3.63,478.15,0
14410,92,11,2630.9,2010-09-28 15:46:00,2011-09-08 15:08:00,1367,United Kingdom,3,5,4,354,Loyal,1,239.17,344,437,9.19,659.39,0
16276,177,3,2629.3900000000003,2010-04-11 12:02:00,2011-06-16 09:34:00,1467,United Kingdom,3,3,4,334,Loyal,1,876.46,430,608,1.8,473.29,0
17470,45,11,2626.47,2010-07-19 16:16:00,2011-10-26 12:42:00,2731,United Kingdom,4,5,4,454,Champions,0,238.77,463,508,7.9,565.88,0
13422,64,1,2626.3,2011-10-06 13:42:00,2011-10-06 13:42:00,1326,United Kingdom,3,1,4,314,Needs Attention,2,2626.3,0,64,5.7,4490.97,0
12635,90,4,2624.41,2010-09-09 10:50:00,2011-09-11 11:04:00,1932,Germany,3,3,4,334,Loyal,1,656.1,367,457,3.19,627.89,0
13644,16,4,2624.26,2011-08-26 11:53:00,2011-11-23 14:07:00,2067,United Kingdom,5,3,4,534,Loyal,2,656.06,89,106,13.77,2710.18,0
12671,606,1,2622.48,2010-04-12 16:30:00,2010-04-12 16:30:00,1459,Germany,1,1,4,114,Hibernating / Lost,1,2622.48,0,606,0.6,472.05,1
15142,46,6,2619.92,2010-07-27 09:05:00,2011-10-24 12:51:00,2155,United Kingdom,4,4,4,444,Champions,1,436.65,454,501,4.37,572.45,0
13211,10,10,2618.77,2009-12-06 15:24:00,2011-11-29 14:43:00,1845,United Kingdom,5,5,4,554,Champions,0,261.88,722,733,4.98,391.25,0
14262,8,8,2618.23,2011-04-13 12:23:00,2011-12-01 14:17:00,1645,United Kingdom,5,4,4,544,Champions,0,327.28,232,241,12.12,1189.99,0
14195,202,6,2615.6,2010-03-15 17:12:00,2011-05-22 10:29:00,2144,United Kingdom,2,4,4,244,Can't Lose Them,1,435.93,432,634,3.45,451.19,1
14431,303,4,2614.2,2010-01-21 10:49:00,2011-02-10 10:40:00,1202,United Kingdom,2,3,4,234,At Risk,1,653.55,384,688,2.12,415.66,1
14397,3,19,2612.96,2011-05-10 12:25:00,2011-12-07 09:22:00,1890,United Kingdom,5,5,4,554,Champions,0,137.52,210,214,32.41,1337.11,0
14564,435,2,2605.62,2009-12-04 09:27:00,2010-10-01 09:02:00,1295,Channel Islands,1,2,4,124,Hibernating / Lost,1,1302.81,300,736,0.99,386.93,1
15660,25,15,2603.69,2010-02-05 16:01:00,2011-11-14 16:58:00,1783,United Kingdom,4,5,4,454,Champions,0,173.58,647,672,8.15,424.4,0
17317,46,3,2600.34,2011-09-11 12:45:00,2011-10-24 17:19:00,1146,United Kingdom,4,3,4,434,Loyal,1,866.78,43,90,12.17,3164.61,0
15826,56,4,2598.28,2010-05-20 17:00:00,2011-10-14 16:05:00,1824,United Kingdom,4,4,4,444,Champions,1,649.57,511,568,2.57,500.82,0
13700,26,13,2596.9700000000003,2010-02-07 10:53:00,2011-11-13 13:00:00,2786,United Kingdom,4,5,4,454,Champions,0,199.77,644,671,7.07,423.71,0
14163,87,5,2594.62,2010-09-03 17:15:00,2011-09-13 15:18:00,950,United Kingdom,3,4,4,344,Loyal,1,518.92,374,462,3.95,614.92,0
14229,52,7,2594.04,2010-08-25 11:47:00,2011-10-19 10:04:00,934,United Kingdom,4,4,4,444,Champions,1,370.58,419,472,5.41,601.45,0
17043,32,8,2593.65,2009-12-09 15:20:00,2011-11-07 15:33:00,1616,United Kingdom,4,5,4,454,Champions,0,324.21,698,730,4.0,389.05,0
14129,2,9,2591.34,2010-05-09 14:54:00,2011-12-08 11:02:00,1414,United Kingdom,5,5,4,554,Champions,0,287.93,577,579,5.67,489.77,0
14147,78,9,2590.2,2010-03-09 13:43:00,2011-09-22 18:10:00,995,United Kingdom,3,5,4,354,Loyal,1,287.8,562,640,5.13,442.92,0
12473,54,3,2585.73,2011-06-01 10:15:00,2011-10-17 11:27:00,2394,Germany,4,3,4,434,Loyal,1,861.91,138,192,5.7,1473.87,0
15062,71,8,2585.62,2010-04-08 15:41:00,2011-09-29 16:51:00,1872,United Kingdom,3,4,4,344,Loyal,1,323.2,539,610,4.79,464.44,0
12456,44,3,2581.04,2011-03-30 09:12:00,2011-10-26 14:41:00,1618,Switzerland,4,3,4,434,Loyal,1,860.35,210,255,4.29,1107.27,0
16499,360,8,2578.34,2010-06-11 12:22:00,2010-12-14 13:31:00,1364,United Kingdom,2,5,4,254,Can't Lose Them,1,322.29,186,547,5.34,516.31,1
16206,55,13,2577.12,2010-01-24 15:25:00,2011-10-16 10:41:00,1378,United Kingdom,4,5,4,454,Champions,0,198.24,629,684,6.94,412.74,0
12685,28,6,2575.08,2011-09-07 10:28:00,2011-11-11 13:46:00,1507,France,4,4,4,444,Champions,0,429.18,65,94,23.3,2999.97,0
17095,23,7,2572.25,2009-12-15 12:32:00,2011-11-17 12:21:00,1695,United Kingdom,4,4,4,444,Champions,0,367.46,701,725,3.52,388.04,0
17002,86,7,2571.55,2010-03-08 15:46:00,2011-09-15 12:40:00,1265,United Kingdom,3,4,4,344,Loyal,1,367.36,555,641,3.99,439.73,0
15434,8,11,2567.06,2010-01-24 15:35:00,2011-12-01 13:33:00,1423,United Kingdom,5,5,4,554,Champions,0,233.37,675,684,5.87,410.96,0
16817,3,13,2560.7,2010-10-04 09:06:00,2011-12-07 11:03:00,1401,United Kingdom,5,5,4,554,Champions,0,196.98,429,432,10.98,648.85,0
12806,572,2,2558.96,2010-04-30 10:44:00,2010-05-16 13:49:00,2084,Netherlands,1,2,4,124,Hibernating / Lost,1,1279.48,16,589,1.24,475.97,1
17284,60,7,2558.6,2010-11-15 17:14:00,2011-10-10 14:38:00,2068,United Kingdom,3,4,4,344,Loyal,1,365.51,328,389,6.57,720.42,0
13192,95,6,2558.58,2010-01-22 08:37:00,2011-09-05 14:13:00,1629,United Kingdom,3,4,4,344,Loyal,1,426.43,591,687,3.19,408.09,0
16036,87,4,2556.84,2010-03-29 14:47:00,2011-09-13 14:53:00,1369,United Kingdom,3,4,4,344,Loyal,1,639.21,533,620,2.35,450.64,0
13862,18,9,2556.09,2010-11-15 13:43:00,2011-11-21 16:24:00,1927,United Kingdom,5,5,4,554,Champions,0,284.01,371,389,8.44,719.11,0
12457,66,7,2555.91,2010-09-30 17:59:00,2011-10-04 13:13:00,1083,Switzerland,3,4,4,344,Loyal,1,365.13,368,435,5.87,642.99,0
15033,5,10,2553.88,2011-01-14 13:28:00,2011-12-05 12:40:00,1670,United Kingdom,5,5,4,554,Champions,0,255.39,324,329,11.09,849.68,0
16115,10,12,2553.8,2010-05-14 11:59:00,2011-11-30 11:32:00,1589,United Kingdom,5,5,4,554,Champions,0,212.82,564,575,7.62,486.51,0
14745,113,12,2551.41,2010-03-12 10:33:00,2011-08-19 10:05:00,1969,United Kingdom,3,5,4,354,Loyal,1,212.62,524,638,6.87,438.21,0
18179,9,8,2547.55,2010-02-14 15:51:00,2011-11-30 16:23:00,1811,United Kingdom,5,5,4,554,Champions,0,318.44,654,663,4.4,420.34,0
17465,426,7,2542.79,2009-12-03 13:25:00,2010-10-10 11:56:00,1477,United Kingdom,1,4,4,144,Can't Lose Them,1,363.26,310,736,3.47,378.15,1
14548,151,9,2541.29,2009-12-06 14:00:00,2011-07-12 12:19:00,986,United Kingdom,3,5,4,354,Loyal,1,282.37,582,733,4.48,379.51,0
17463,16,7,2535.26,2010-04-29 17:57:00,2011-11-23 13:40:00,1480,United Kingdom,5,4,4,544,Champions,0,362.18,572,589,4.34,471.56,0
13623,31,10,2533.06,2009-12-02 13:57:00,2011-11-09 12:00:00,1010,United Kingdom,4,5,4,454,Champions,0,253.31,706,737,4.95,376.17,0
15906,20,10,2530.19,2010-09-15 12:17:00,2011-11-20 12:24:00,749,United Kingdom,4,5,4,454,Champions,0,253.02,431,451,8.09,614.08,0
14659,9,9,2529.93,2011-01-28 12:43:00,2011-12-01 12:17:00,1195,United Kingdom,5,5,4,554,Champions,0,281.1,306,316,10.4,877.03,0
16889,195,6,2526.65,2010-05-23 10:46:00,2011-05-29 11:05:00,1611,United Kingdom,2,4,4,244,Can't Lose Them,1,421.11,371,566,3.87,488.91,1
14790,17,10,2526.62,2009-12-11 14:37:00,2011-11-23 09:28:00,2642,United Kingdom,5,5,4,554,Champions,0,252.66,711,728,5.01,379.75,0
13344,68,3,2511.69,2011-03-07 10:28:00,2011-10-03 09:45:00,952,United Kingdom,3,3,4,334,Loyal,1,837.23,209,278,3.94,989.61,0
15862,8,13,2507.14,2009-12-17 11:33:00,2011-12-01 13:28:00,1515,United Kingdom,5,5,4,554,Champions,0,192.86,714,723,6.56,379.55,0
17101,10,7,2507.05,2010-06-07 15:12:00,2011-11-29 13:57:00,1175,United Kingdom,5,4,4,544,Champions,0,358.15,539,550,4.65,499.62,0
17550,197,9,2506.64,2010-02-07 15:07:00,2011-05-26 14:09:00,968,United Kingdom,2,5,4,254,Can't Lose Them,1,278.52,472,670,4.9,409.42,1
12978,385,5,2502.82,2009-12-10 12:10:00,2010-11-19 14:29:00,1394,United Kingdom,2,4,4,244,Can't Lose Them,1,500.56,344,730,2.5,375.42,1
16202,361,9,2501.9900000000002,2009-12-02 10:48:00,2010-12-14 10:43:00,1307,United Kingdom,2,5,4,254,Can't Lose Them,1,278.0,376,738,4.45,371.13,1
13471,1,4,2501.84,2011-10-23 13:10:00,2011-12-08 15:44:00,1583,United Kingdom,5,3,4,534,Loyal,2,625.46,46,47,31.06,5828.04,0
15021,9,12,2500.59,2010-07-29 16:35:00,2011-12-01 11:53:00,1079,United Kingdom,5,5,4,554,Champions,0,208.38,489,498,8.8,550.12,0
15747,13,9,2499.81,2010-01-18 11:21:00,2011-11-27 12:26:00,1344,United Kingdom,5,5,4,554,Champions,0,277.76,678,691,4.75,395.81,0
16987,3,11,2499.45,2009-12-02 14:34:00,2011-12-06 17:26:00,670,United Kingdom,5,5,4,554,Champions,0,227.22,734,737,5.45,371.5,0
17594,85,4,2497.88,2010-04-14 08:53:00,2011-09-15 16:34:00,1368,United Kingdom,3,4,4,344,Loyal,1,624.47,519,605,2.41,451.49,0
15932,4,8,2495.87,2011-02-23 14:50:00,2011-12-05 17:13:00,2325,United Kingdom,5,5,4,554,Champions,0,311.98,285,289,10.1,945.3,0
13414,134,6,2494.14,2010-04-15 17:00:00,2011-07-29 11:45:00,2702,United Kingdom,3,4,4,344,Loyal,1,415.69,469,603,3.63,452.69,0
14541,59,14,2491.38,2010-01-07 11:59:00,2011-10-12 10:08:00,1123,United Kingdom,4,5,4,454,Champions,0,177.96,642,702,7.28,388.66,0
17262,52,11,2488.76,2009-12-15 11:26:00,2011-10-18 12:56:00,635,United Kingdom,4,5,4,454,Champions,0,226.25,672,725,5.54,376.03,0
15227,37,9,2488.4900000000002,2010-03-16 08:23:00,2011-11-03 11:59:00,1217,United Kingdom,4,5,4,454,Champions,0,276.5,597,634,5.18,429.68,0
15117,15,8,2485.9700000000003,2010-03-15 13:39:00,2011-11-25 08:12:00,3093,United Kingdom,5,4,4,544,Champions,0,310.75,619,634,4.61,429.77,0
15716,146,11,2482.7400000000002,2009-12-07 12:42:00,2011-07-17 11:59:00,1373,United Kingdom,3,5,4,354,Loyal,1,225.7,586,733,5.48,371.05,0
13507,3,4,2479.16,2011-07-17 11:50:00,2011-12-06 13:13:00,1597,United Kingdom,5,3,4,534,Loyal,2,619.79,142,146,10.0,1859.37,0
13588,16,9,2478.95,2011-03-29 15:53:00,2011-11-24 10:42:00,2606,United Kingdom,5,5,4,554,Champions,0,275.44,239,255,12.88,1064.3,0
13134,86,6,2475.23,2010-10-19 13:21:00,2011-09-15 10:35:00,1364,United Kingdom,3,4,4,344,Loyal,1,412.54,330,416,5.26,650.99,0
14696,4,8,2473.28,2010-10-14 11:43:00,2011-12-05 13:43:00,1867,United Kingdom,5,4,4,544,Champions,0,309.16,417,422,6.92,641.82,0
13762,219,5,2472.48,2010-01-10 12:13:00,2011-05-05 09:15:00,2608,United Kingdom,2,4,4,244,Can't Lose Them,1,494.5,479,699,2.61,387.19,1
14421,57,6,2469.37,2010-01-17 11:30:00,2011-10-13 13:24:00,1342,United Kingdom,4,4,4,444,Champions,1,411.56,634,692,3.16,390.16,0
17288,9,11,2468.43,2010-11-10 14:44:00,2011-11-30 16:09:00,1699,United Kingdom,5,5,4,554,Champions,0,224.4,385,394,10.19,685.99,0
17164,33,7,2467.35,2011-03-11 14:26:00,2011-11-07 09:14:00,1501,United Kingdom,4,4,4,444,Champions,0,352.48,240,273,9.36,989.76,0
12438,14,2,2466.85,2011-07-22 13:29:00,2011-11-25 13:28:00,1169,Norway,5,2,4,524,New / Promising,2,1233.42,125,140,5.21,1927.84,0
17131,5,5,2463.17,2011-09-25 12:42:00,2011-12-04 12:52:00,983,United Kingdom,5,4,4,544,Champions,2,492.63,70,76,24.01,3548.41,0
12924,88,12,2461.45,2009-12-09 12:40:00,2011-09-12 13:55:00,1422,United Kingdom,3,5,4,354,Loyal,1,205.12,642,731,5.99,368.6,0
14256,260,5,2460.79,2010-01-14 10:35:00,2011-03-24 13:17:00,1147,United Kingdom,2,4,4,244,Can't Lose Them,1,492.16,434,695,2.63,388.31,1
17629,6,10,2455.52,2010-10-14 13:35:00,2011-12-04 10:56:00,1903,United Kingdom,5,5,4,554,Champions,0,245.55,415,421,8.67,638.68,0
13151,296,3,2454.71,2010-03-22 10:26:00,2011-02-17 12:29:00,788,United Kingdom,2,3,4,234,At Risk,1,818.24,332,628,1.74,427.12,1
17676,4,10,2448.64,2010-03-30 10:49:00,2011-12-05 15:16:00,1764,United Kingdom,5,5,4,554,Champions,0,244.86,615,620,5.89,432.67,0
13338,158,4,2445.62,2010-01-05 12:25:00,2011-07-05 09:06:00,1151,United Kingdom,3,3,4,334,Loyal,1,611.4,545,704,2.07,379.68,0
17320,100,6,2444.85,2010-01-21 16:29:00,2011-08-31 13:31:00,1182,United Kingdom,3,4,4,344,Loyal,1,407.48,586,687,3.19,389.96,0
15111,29,5,2442.37,2010-04-26 13:12:00,2011-11-10 16:58:00,1058,United Kingdom,4,4,4,444,Champions,2,488.47,563,592,3.08,451.35,0
18171,59,9,2437.31,2010-01-05 10:46:00,2011-10-12 09:13:00,991,United Kingdom,4,5,4,454,Champions,1,270.81,644,704,4.67,379.4,0
15623,141,8,2437.05,2009-12-10 14:46:00,2011-07-21 17:26:00,1087,United Kingdom,3,4,4,344,Loyal,1,304.63,588,729,4.01,366.47,0
17505,162,5,2435.48,2010-04-13 16:33:00,2011-07-01 12:50:00,1242,United Kingdom,3,4,4,344,Loyal,1,487.1,443,605,3.02,441.31,0
13085,158,8,2433.28,2009-12-01 07:45:00,2011-07-05 12:11:00,944,United Kingdom,3,4,4,344,Loyal,1,304.16,581,739,3.95,360.43,0
17348,15,9,2430.99,2010-03-10 12:13:00,2011-11-25 11:25:00,2736,United Kingdom,5,5,4,554,Champions,0,270.11,624,640,5.13,415.7,0
15077,495,2,2428.08,2009-12-09 17:10:00,2010-08-02 11:13:00,528,United Kingdom,1,2,4,124,Hibernating / Lost,1,1214.04,235,730,1.0,364.21,1
13949,3,6,2427.32,2011-09-06 11:55:00,2011-12-07 09:35:00,2474,United Kingdom,5,4,4,544,Champions,0,404.55,91,95,23.05,2797.46,0
14502,20,11,2426.79,2011-01-30 15:52:00,2011-11-20 11:50:00,1464,United Kingdom,4,5,4,454,Champions,0,220.62,293,313,12.83,849.17,0
12733,234,4,2424.02,2010-01-19 13:23:00,2011-04-19 16:19:00,895,USA,2,3,4,234,At Risk,1,606.0,455,689,2.12,385.42,1
15215,47,7,2422.43,2010-04-06 11:21:00,2011-10-24 11:41:00,776,United Kingdom,4,4,4,444,Champions,1,346.06,566,613,4.17,432.92,0
12739,99,2,2421.23,2010-11-10 14:27:00,2011-09-01 17:45:00,948,United Arab Emirates,3,2,4,324,Needs Attention,1,1210.62,295,394,1.85,671.89,0
15089,10,6,2420.84,2011-08-03 14:14:00,2011-11-29 16:31:00,1359,United Kingdom,5,4,4,544,Champions,0,403.47,118,128,17.11,2071.01,0
15489,23,8,2419.61,2010-01-15 16:58:00,2011-11-17 08:53:00,1264,United Kingdom,4,4,4,444,Champions,0,302.45,670,693,4.21,381.99,0
16040,65,7,2416.9,2010-04-09 10:12:00,2011-10-05 13:47:00,1185,United Kingdom,3,4,4,344,Loyal,1,345.27,544,610,4.19,434.0,0
13878,55,4,2416.9,2010-04-14 13:50:00,2011-10-16 12:19:00,927,United Kingdom,4,3,4,434,Loyal,1,604.22,549,604,2.42,438.66,0
16470,52,11,2416.85,2009-12-11 12:21:00,2011-10-19 12:11:00,1335,United Kingdom,4,5,4,454,Champions,0,219.71,676,729,5.51,363.18,0
13118,20,9,2415.41,2010-09-26 15:46:00,2011-11-20 12:46:00,834,United Kingdom,4,5,4,454,Champions,0,268.38,419,439,7.48,602.24,0
14205,17,9,2414.2,2010-03-07 12:20:00,2011-11-23 10:55:00,1342,United Kingdom,5,5,4,554,Champions,0,268.24,625,643,5.11,411.21,0
16833,1,6,2409.04,2010-03-26 15:31:00,2011-12-08 14:39:00,878,United Kingdom,5,4,4,544,Champions,0,401.51,621,623,3.52,423.99,0
16163,232,6,2407.98,2009-12-02 10:00:00,2011-04-21 15:15:00,676,United Kingdom,2,4,4,244,Can't Lose Them,1,401.33,505,738,2.97,357.59,1
12412,75,6,2404.93,2010-06-18 13:22:00,2011-09-26 10:16:00,1986,Denmark,3,4,4,344,Loyal,1,400.82,464,539,4.06,488.2,0
15341,81,2,2402.7200000000003,2010-09-16 16:41:00,2011-09-20 09:40:00,1008,United Kingdom,3,2,4,324,Needs Attention,1,1201.36,368,449,1.63,587.47,0
15793,15,8,2399.57,2009-12-01 12:54:00,2011-11-25 09:31:00,1685,United Kingdom,5,4,4,544,Champions,0,299.95,723,738,3.96,356.34,0
12393,72,6,2399.4500000000003,2010-10-07 13:49:00,2011-09-28 15:41:00,1311,Australia,3,4,4,344,Loyal,1,399.91,356,428,5.12,614.26,0
14414,92,8,2399.33,2010-11-30 10:12:00,2011-09-09 12:09:00,2877,United Kingdom,3,4,4,344,Loyal,1,299.92,283,375,7.79,700.91,0
16147,134,5,2398.91,2010-02-05 12:26:00,2011-07-29 09:57:00,1395,United Kingdom,3,4,4,344,Loyal,1,479.78,538,673,2.71,390.06,0
17921,64,10,2394.36,2010-07-15 20:05:00,2011-10-06 18:56:00,991,United Kingdom,3,5,4,354,Loyal,1,239.44,447,512,7.13,512.16,0
16812,361,4,2392.0,2010-11-22 14:36:00,2010-12-14 12:35:00,1116,United Kingdom,2,4,4,244,Can't Lose Them,1,598.0,21,382,3.82,685.31,1
13173,4,11,2389.82,2009-12-10 12:52:00,2011-12-05 15:51:00,1479,United Kingdom,5,5,4,554,Champions,0,217.26,725,729,5.51,359.13,0
17444,152,2,2389.1,2011-06-20 09:04:00,2011-07-11 10:33:00,2118,Canada,3,3,4,334,Loyal,1,1194.55,21,173,4.22,1512.3,0
15366,75,7,2389.08,2010-02-26 10:10:00,2011-09-25 15:01:00,2447,United Kingdom,3,4,4,344,Loyal,1,341.3,576,652,3.92,401.37,0
13813,40,8,2387.4700000000003,2009-12-06 10:16:00,2011-10-31 10:38:00,1271,Germany,4,4,4,444,Champions,0,298.43,694,734,3.98,356.33,0
16105,249,5,2386.19,2010-04-14 13:27:00,2011-04-05 10:13:00,2125,United Kingdom,2,4,4,244,Can't Lose Them,1,477.24,355,604,3.02,432.38,1
16638,23,15,2380.13,2010-08-18 13:33:00,2011-11-17 11:09:00,1627,United Kingdom,4,5,4,454,Champions,0,158.68,455,478,11.45,545.07,0
17827,5,6,2376.17,2010-03-28 12:20:00,2011-12-04 15:00:00,1582,United Kingdom,5,4,4,544,Champions,0,396.03,616,622,3.52,418.21,0
17434,2,7,2373.82,2011-09-15 13:54:00,2011-12-07 13:16:00,1693,United Kingdom,5,4,4,544,Champions,0,339.12,82,85,30.06,3058.18,0
13908,80,4,2369.55,2011-03-08 12:04:00,2011-09-21 11:49:00,1478,United Kingdom,3,3,4,334,Loyal,1,592.39,196,277,5.27,936.57,0
17623,33,7,2365.77,2009-12-14 14:36:00,2011-11-07 11:32:00,799,United Kingdom,4,4,4,444,Champions,0,337.97,692,725,3.52,356.9,0
16005,12,10,2365.07,2010-09-15 13:21:00,2011-11-27 13:47:00,1267,United Kingdom,5,5,4,554,Champions,0,236.51,438,450,8.11,575.43,0
14496,312,7,2363.89,2010-03-16 13:15:00,2011-02-01 09:01:00,905,United Kingdom,2,4,4,244,Can't Lose Them,1,337.7,321,633,4.04,409.29,1
16676,34,6,2361.9,2010-10-17 13:07:00,2011-11-06 12:01:00,927,United Kingdom,4,4,4,444,Champions,1,393.65,384,418,5.24,618.82,0
15860,41,17,2358.8,2009-12-06 12:31:00,2011-10-30 11:25:00,1258,United Kingdom,4,5,4,454,Champions,0,138.75,692,734,8.45,351.73,0
17634,36,9,2358.59,2011-01-06 12:45:00,2011-11-03 13:09:00,838,United Kingdom,4,5,4,454,Champions,0,262.07,301,338,9.72,764.2,0
17969,166,20,2354.29,2009-12-06 13:53:00,2011-06-26 13:00:00,1014,United Kingdom,3,5,4,354,Loyal,1,117.71,566,733,9.96,351.72,0
14810,41,13,2354.03,2010-10-06 13:12:00,2011-10-30 11:19:00,1162,United Kingdom,4,5,4,454,Champions,0,181.08,388,429,11.06,600.82,0
14295,40,4,2352.91,2009-12-09 13:06:00,2011-10-30 15:50:00,1028,United Kingdom,4,3,4,434,Loyal,1,588.23,690,730,2.0,352.94,0
16083,101,4,2351.42,2010-11-16 11:53:00,2011-08-31 10:47:00,1514,United Kingdom,3,4,4,344,Loyal,1,587.86,287,389,3.75,661.34,0
12520,79,5,2346.2599999999998,2011-03-11 11:35:00,2011-09-21 15:23:00,1423,Germany,3,4,4,344,Loyal,1,469.25,194,274,6.66,937.56,0
15015,501,13,2344.47,2009-12-14 14:46:00,2010-07-26 13:50:00,1559,United Kingdom,1,5,4,154,Can't Lose Them,1,180.34,223,725,6.54,353.83,1
17591,73,8,2339.32,2010-01-17 16:09:00,2011-09-27 13:42:00,1028,United Kingdom,3,5,4,354,Loyal,1,292.42,617,691,4.23,371.08,0
16742,493,13,2334.97,2009-12-16 17:22:00,2010-08-04 10:52:00,2557,United Kingdom,1,5,4,154,Can't Lose Them,1,179.61,230,723,6.56,353.47,1
12676,25,10,2333.09,2010-08-13 13:29:00,2011-11-15 12:25:00,1854,Sweden,4,5,4,454,Champions,0,233.31,458,483,7.56,529.15,0
13614,24,6,2332.74,2010-06-06 13:42:00,2011-11-15 14:47:00,821,United Kingdom,4,4,4,444,Champions,2,388.79,527,551,3.97,463.05,0
16496,9,6,2330.77,2010-07-18 13:42:00,2011-12-01 10:31:00,1764,United Kingdom,5,4,4,544,Champions,0,388.46,500,509,4.3,501.11,0
15549,77,8,2330.41,2010-01-11 13:16:00,2011-09-23 16:22:00,933,United Kingdom,3,4,4,344,Loyal,1,291.3,620,697,4.19,366.16,0
17313,31,1,2328.84,2011-11-08 15:45:00,2011-11-08 15:45:00,1402,United Kingdom,4,2,4,424,New / Promising,2,2328.84,0,31,11.77,8223.13,0
16085,23,12,2324.71,2010-01-20 14:03:00,2011-11-16 13:24:00,1379,United Kingdom,4,5,4,454,Champions,0,193.73,664,688,6.37,370.22,0
17004,46,4,2324.36,2010-10-11 15:43:00,2011-10-24 14:25:00,1233,United Kingdom,4,4,4,444,Champions,1,581.09,377,424,3.44,599.68,0
14938,562,2,2322.43,2010-05-26 13:35:00,2010-05-26 13:38:00,1369,Channel Islands,1,2,4,124,Hibernating / Lost,1,1161.21,0,562,1.3,452.87,1
13055,78,4,2321.11,2010-10-06 08:17:00,2011-09-22 14:26:00,1821,United Kingdom,3,3,4,334,Loyal,1,580.28,351,430,3.4,591.89,0
16628,30,7,2318.1,2010-03-08 12:24:00,2011-11-10 12:45:00,1260,United Kingdom,4,4,4,444,Champions,0,331.16,612,642,3.98,395.41,0
12948,16,9,2317.43,2009-12-02 12:28:00,2011-11-23 17:10:00,1304,United Kingdom,5,5,4,554,Champions,0,257.49,721,738,4.45,343.75,0
14346,121,5,2315.75,2010-07-30 10:44:00,2011-08-11 09:47:00,1878,United Kingdom,3,4,4,344,Loyal,1,463.15,376,498,3.66,508.54,0
17193,36,9,2310.04,2009-12-02 10:02:00,2011-11-04 12:47:00,1668,United Kingdom,4,5,4,454,Champions,0,256.67,702,738,4.45,342.65,0
17282,130,5,2308.54,2010-06-09 12:07:00,2011-08-01 14:29:00,2332,United Kingdom,3,4,4,344,Loyal,1,461.71,418,549,3.32,459.86,0
13704,5,9,2308.06,2011-09-12 14:40:00,2011-12-04 15:13:00,1531,United Kingdom,5,5,4,554,Champions,0,256.45,83,88,37.33,2871.98,0
17113,574,6,2305.59,2010-01-11 10:14:00,2010-05-14 13:59:00,913,United Kingdom,1,4,4,144,Can't Lose Them,1,384.27,123,698,3.14,361.98,1
15946,503,3,2304.18,2010-03-16 10:49:00,2010-07-25 12:18:00,1614,United Kingdom,1,3,4,134,At Risk,1,768.06,131,634,1.73,398.62,1
17894,72,18,2304.16,2010-08-27 14:13:00,2011-09-29 09:23:00,936,United Kingdom,3,5,4,354,Loyal,0,128.01,397,469,14.01,538.03,0
14555,57,6,2304.03,2009-12-18 11:39:00,2011-10-13 16:24:00,842,United Kingdom,4,4,4,444,Champions,1,384.01,664,722,3.03,349.07,0
18095,313,5,2303.09,2010-04-19 14:09:00,2011-01-31 12:50:00,1623,United Kingdom,2,4,4,244,Can't Lose Them,1,460.62,286,599,3.05,421.47,1
12517,28,4,2301.6,2011-06-02 15:13:00,2011-11-11 13:57:00,1351,Germany,4,3,4,434,Loyal,2,575.4,161,190,7.68,1325.72,0
12423,1,10,2301.39,2010-08-31 09:31:00,2011-12-09 10:10:00,1772,Belgium,5,5,4,554,Champions,0,230.14,465,466,7.83,540.6,0
16077,626,1,2300.4,2010-03-24 10:42:00,2010-03-24 10:42:00,840,United Kingdom,1,1,4,114,Hibernating / Lost,1,2300.4,0,626,0.58,400.27,1
16531,22,11,2298.33,2010-09-24 09:49:00,2011-11-17 16:29:00,1863,United Kingdom,4,5,4,454,Champions,0,208.94,419,442,9.08,569.15,0
13371,505,2,2297.66,2010-03-17 15:29:00,2010-07-22 17:33:00,1019,United Kingdom,1,2,4,124,Hibernating / Lost,1,1148.83,127,632,1.16,399.79,1
13280,122,7,2293.33,2010-03-05 09:07:00,2011-08-09 13:14:00,1489,United Kingdom,3,4,4,344,Loyal,1,327.62,522,645,3.96,389.21,0
13059,250,10,2291.77,2010-03-31 12:23:00,2011-04-04 10:40:00,860,United Kingdom,2,5,4,254,Can't Lose Them,1,229.18,368,619,5.9,405.65,1
17047,85,6,2289.23,2009-12-08 08:48:00,2011-09-15 13:27:00,1184,United Kingdom,3,4,4,344,Loyal,1,381.54,646,732,2.99,342.24,0
12516,78,4,2288.62,2010-04-19 14:14:00,2011-09-23 09:13:00,1932,Germany,3,3,4,334,Loyal,1,572.16,521,599,2.44,418.82,0
17018,41,6,2287.7,2009-12-05 10:27:00,2011-10-30 11:42:00,456,United Kingdom,4,4,4,444,Champions,1,381.28,694,735,2.98,340.86,0
16485,77,5,2287.19,2009-12-06 12:28:00,2011-09-23 15:50:00,1153,United Kingdom,3,4,4,344,Loyal,1,457.44,656,734,2.49,341.71,0
14481,165,5,2284.69,2010-01-31 12:43:00,2011-06-28 10:38:00,1568,United Kingdom,3,4,4,344,Loyal,1,456.94,512,678,2.69,368.75,0
18051,634,7,2282.28,2009-12-09 12:17:00,2010-03-15 13:58:00,1661,United Kingdom,1,4,4,144,Can't Lose Them,1,326.04,96,731,3.5,342.34,1
13655,114,6,2280.51,2010-04-27 09:59:00,2011-08-17 14:25:00,1225,United Kingdom,3,4,4,344,Loyal,1,380.08,477,592,3.7,421.89,0
14554,10,4,2279.4900000000002,2011-10-18 13:04:00,2011-11-29 16:44:00,1443,United Kingdom,5,3,4,534,Loyal,2,569.87,42,52,28.08,4800.58,0
13994,4,6,2274.14,2011-07-14 18:28:00,2011-12-06 11:05:00,932,United Kingdom,5,4,4,544,Champions,0,379.02,144,148,14.8,1682.85,0
15638,379,6,2265.2,2010-04-08 14:37:00,2010-11-26 11:52:00,1134,United Kingdom,2,4,4,244,Can't Lose Them,1,377.53,231,610,3.59,406.6,1
17994,122,11,2264.0299999999997,2010-03-29 10:37:00,2011-08-10 11:41:00,2178,United Kingdom,3,5,4,354,Loyal,1,205.82,499,621,6.47,399.5,0
15734,115,4,2263.3,2010-06-10 14:25:00,2011-08-17 10:50:00,516,United Kingdom,3,3,4,334,Loyal,1,565.83,432,547,2.67,453.23,0
13652,46,5,2262.05,2010-02-25 17:37:00,2011-10-25 08:51:00,1458,United Kingdom,4,4,4,444,Champions,1,452.41,606,652,2.8,380.02,0
13814,92,3,2257.32,2010-06-30 14:12:00,2011-09-08 13:48:00,1214,Germany,3,3,4,334,Loyal,1,752.44,434,527,2.08,469.52,0
13117,22,18,2255.66,2010-03-26 13:50:00,2011-11-18 12:02:00,1852,United Kingdom,4,5,4,454,Champions,0,125.31,601,623,10.55,396.61,0
12584,4,9,2254.15,2011-03-04 15:15:00,2011-12-06 09:35:00,413,Italy,5,5,4,554,Champions,0,250.46,276,280,11.73,881.37,0
16350,21,9,2253.89,2010-10-07 16:33:00,2011-11-18 15:53:00,1077,United Kingdom,4,5,4,454,Champions,0,250.43,406,428,7.68,576.99,0
17414,44,6,2249.52,2009-12-03 16:49:00,2011-10-27 12:13:00,6256,United Kingdom,4,4,4,444,Champions,1,374.92,692,736,2.98,335.18,0
14432,10,6,2248.5,2011-09-11 14:09:00,2011-11-30 08:04:00,2013,United Kingdom,5,4,4,544,Champions,0,374.75,79,89,24.61,2766.78,0
12701,80,6,2248.41,2010-03-16 13:23:00,2011-09-21 10:47:00,1716,Germany,3,4,4,344,Loyal,1,374.73,553,633,3.46,388.97,0
14644,68,7,2247.72,2009-12-03 16:24:00,2011-10-03 08:30:00,770,United Kingdom,3,4,4,344,Loyal,1,321.1,668,736,3.47,334.27,0
16177,50,8,2247.31,2010-03-02 14:03:00,2011-10-20 12:57:00,1021,United Kingdom,4,5,4,454,Champions,1,280.91,596,647,4.51,380.07,0
16174,126,7,2246.75,2010-04-15 15:12:00,2011-08-05 13:26:00,1431,United Kingdom,3,4,4,344,Loyal,1,320.96,476,603,4.24,408.26,0
16883,187,19,2246.06,2009-12-04 12:07:00,2011-06-05 12:51:00,1016,United Kingdom,3,5,4,354,Loyal,1,118.21,548,736,9.42,334.06,1
13627,59,7,2245.9,2010-03-09 14:03:00,2011-10-11 14:20:00,1632,United Kingdom,4,4,4,444,Champions,1,320.84,581,640,3.99,384.05,0
16042,22,8,2245.32,2010-09-12 12:00:00,2011-11-17 17:50:00,1430,United Kingdom,4,5,4,454,Champions,0,280.67,431,454,6.43,541.41,0
13407,579,3,2244.7,2010-02-16 11:13:00,2010-05-10 12:41:00,1690,United Kingdom,1,3,4,134,At Risk,1,748.23,83,662,1.65,370.37,1
16823,227,7,2243.09,2009-12-02 09:57:00,2011-04-26 15:00:00,1166,United Kingdom,2,4,4,244,Can't Lose Them,1,320.44,510,738,3.46,332.62,1
15865,41,5,2241.42,2010-01-05 13:58:00,2011-10-30 12:43:00,1141,United Kingdom,4,4,4,444,Champions,1,448.28,662,703,2.6,349.66,0
15629,450,4,2240.9,2010-06-25 11:39:00,2010-09-15 13:46:00,1518,United Kingdom,1,3,4,134,At Risk,1,560.22,82,533,2.74,460.5,1
14462,66,12,2237.81,2010-10-03 14:13:00,2011-10-04 15:55:00,1061,United Kingdom,3,5,4,354,Loyal,0,186.48,366,432,10.14,567.27,0
16551,96,7,2237.12,2009-12-13 16:12:00,2011-09-05 09:38:00,2076,United Kingdom,3,4,4,344,Loyal,1,319.59,630,726,3.52,337.49,0
17180,56,11,2236.77,2010-01-21 17:43:00,2011-10-14 15:46:00,1809,United Kingdom,4,5,4,454,Champions,0,203.34,630,687,5.84,356.25,0
17075,18,10,2236.63,2009-12-14 11:24:00,2011-11-22 11:58:00,785,United Kingdom,5,5,4,554,Champions,0,223.66,708,726,5.03,337.5,0
16108,85,4,2235.92,2010-03-18 14:14:00,2011-09-16 11:48:00,1473,United Kingdom,3,4,4,344,Loyal,1,558.98,546,631,2.31,387.37,0
16076,3,10,2234.73,2011-05-15 12:31:00,2011-12-06 14:59:00,1435,United Kingdom,5,5,4,554,Champions,0,223.47,205,209,17.46,1170.54,0
13662,86,11,2233.61,2010-02-19 13:21:00,2011-09-15 12:04:00,1169,United Kingdom,3,5,4,354,Loyal,1,203.06,572,658,6.1,371.6,0
18215,89,5,2232.4900000000002,2010-03-26 13:03:00,2011-09-11 16:05:00,1131,United Kingdom,3,4,4,344,Loyal,1,446.5,534,623,2.93,392.47,0
14449,19,8,2230.96,2010-09-29 13:15:00,2011-11-21 12:06:00,1604,United Kingdom,5,4,4,544,Champions,0,278.87,417,436,6.7,560.53,0
13365,34,2,2225.37,2011-05-06 12:00:00,2011-11-06 12:36:00,1247,United Kingdom,4,2,4,424,New / Promising,2,1112.68,184,218,3.35,1118.24,0
14321,11,7,2218.06,2010-08-23 12:56:00,2011-11-29 09:47:00,3275,United Kingdom,5,4,4,544,Champions,0,316.87,462,473,5.4,513.33,0
17648,61,5,2216.37,2010-11-19 16:41:00,2011-10-10 09:41:00,954,United Kingdom,3,4,4,344,Loyal,1,443.27,324,385,4.74,630.33,0
18177,31,9,2216.32,2009-12-15 18:57:00,2011-11-08 14:44:00,1238,United Kingdom,4,5,4,454,Champions,0,246.26,692,724,4.54,335.41,0
13478,469,5,2215.78,2010-01-31 15:51:00,2010-08-27 13:23:00,1189,United Kingdom,1,4,4,144,Can't Lose Them,1,443.16,207,677,2.7,358.96,1
12397,36,2,2214.9,2011-07-27 14:21:00,2011-11-04 09:52:00,1250,Belgium,4,2,4,424,New / Promising,2,1107.45,99,135,5.41,1797.39,0
13455,25,6,2212.9900000000002,2009-12-09 08:58:00,2011-11-15 11:21:00,795,United Kingdom,4,4,4,444,Champions,2,368.83,706,731,3.0,331.95,0
13320,78,6,2211.6,2010-08-18 10:29:00,2011-09-22 18:07:00,1509,United Kingdom,3,4,4,344,Loyal,1,368.6,400,479,4.57,505.35,0
15550,4,12,2211.05,2009-12-03 15:15:00,2011-12-05 15:38:00,1139,United Kingdom,5,5,4,554,Champions,0,184.25,732,736,5.95,328.89,0
15476,380,4,2209.98,2010-09-23 14:00:00,2010-11-24 15:17:00,1174,United Kingdom,2,3,4,234,At Risk,1,552.5,62,442,3.3,546.98,1
14177,86,13,2209.69,2010-02-26 11:59:00,2011-09-14 15:11:00,1043,United Kingdom,3,5,4,354,Loyal,1,169.98,565,652,7.28,371.24,0
13094,21,13,2209.44,2010-11-15 14:15:00,2011-11-18 14:07:00,1896,United Kingdom,4,5,4,454,Champions,0,169.96,367,389,12.2,622.05,0
14834,18,7,2206.16,2010-10-28 17:37:00,2011-11-22 10:30:00,872,United Kingdom,5,4,4,544,Champions,0,315.17,389,407,6.28,593.78,0
14467,18,12,2203.2400000000002,2009-12-02 12:44:00,2011-11-22 12:48:00,1187,United Kingdom,5,5,4,554,Champions,0,183.6,720,738,5.93,326.62,0
13410,24,9,2201.96,2009-12-08 13:43:00,2011-11-15 15:33:00,1244,United Kingdom,4,5,4,454,Champions,0,244.66,707,731,4.49,329.56,0
14006,116,7,2196.67,2010-02-25 09:45:00,2011-08-16 09:39:00,2181,United Kingdom,3,4,4,344,Loyal,1,313.81,536,653,3.91,368.1,0
15100,334,7,2193.8999999999996,2010-01-07 14:33:00,2011-01-10 10:35:00,270,United Kingdom,2,4,4,244,Can't Lose Them,1,313.41,367,701,3.64,342.24,1
16317,120,5,2192.51,2010-05-04 10:17:00,2011-08-12 12:46:00,1236,United Kingdom,3,4,4,344,Loyal,1,438.5,465,585,3.12,410.44,0
15934,418,2,2190.66,2010-10-06 12:08:00,2010-10-18 10:13:00,2166,United Kingdom,1,2,4,124,Hibernating / Lost,1,1095.33,11,430,1.7,558.62,1
14212,90,2,2190.14,2010-09-20 11:48:00,2011-09-11 12:45:00,2046,United Kingdom,3,2,4,324,Needs Attention,1,1095.07,356,446,1.64,538.77,0
12802,187,5,2186.42,2010-05-25 09:34:00,2011-06-06 09:36:00,1956,Netherlands,3,4,4,344,Loyal,1,437.28,377,564,3.24,425.04,1
14597,11,6,2184.63,2010-09-28 13:17:00,2011-11-28 13:13:00,1436,United Kingdom,5,4,4,544,Champions,2,364.1,425,437,5.01,547.24,0
15864,22,7,2180.76,2010-11-23 15:02:00,2011-11-17 13:32:00,1486,United Kingdom,4,4,4,444,Champions,0,311.54,358,381,6.71,627.13,0
17324,18,12,2171.07,2009-12-18 15:29:00,2011-11-22 10:34:00,1485,United Kingdom,5,5,4,554,Champions,0,180.92,703,721,6.07,329.46,0
12856,8,6,2170.78,2011-10-07 12:38:00,2011-12-02 10:52:00,1076,United Kingdom,5,4,4,544,Champions,0,361.8,55,64,34.22,3714.24,0
17905,71,13,2168.37,2010-01-28 17:54:00,2011-09-29 17:33:00,1274,United Kingdom,3,5,4,354,Loyal,0,166.8,608,680,6.98,349.28,0
17732,373,8,2166.42,2010-08-09 08:41:00,2010-12-02 09:29:00,1058,United Kingdom,2,5,4,254,Can't Lose Them,1,270.8,115,488,5.98,485.82,1
14595,20,8,2164.45,2010-01-20 13:59:00,2011-11-20 12:12:00,1228,United Kingdom,4,4,4,444,Champions,0,270.56,668,688,4.24,344.15,0
15944,277,4,2164.24,2009-12-13 12:57:00,2011-03-08 10:33:00,859,United Kingdom,2,4,4,244,Can't Lose Them,1,541.06,449,726,2.01,326.26,1
14573,180,13,2163.12,2010-01-08 16:34:00,2011-06-13 11:15:00,683,United Kingdom,3,5,4,354,Loyal,1,166.39,520,700,6.78,338.44,0
17460,94,16,2157.9700000000003,2010-01-22 13:25:00,2011-09-06 15:04:00,954,United Kingdom,3,5,4,354,Loyal,0,134.87,592,686,8.51,344.32,0
16379,4,4,2157.4,2011-09-22 09:33:00,2011-12-05 15:38:00,1410,United Kingdom,5,4,4,544,Champions,2,539.35,74,79,18.48,2990.16,0
13643,31,10,2156.77,2009-12-08 12:48:00,2011-11-08 15:37:00,902,United Kingdom,4,5,4,454,Champions,0,215.68,700,732,4.99,322.87,0
15426,19,9,2156.35,2010-05-02 15:10:00,2011-11-20 15:36:00,1041,United Kingdom,5,5,4,554,Champions,0,239.59,567,586,5.61,403.23,0
16966,8,7,2154.97,2011-04-13 14:17:00,2011-12-01 13:40:00,1981,United Kingdom,5,4,4,544,Champions,0,307.85,231,240,10.65,983.58,0
17822,420,5,2154.08,2010-05-28 12:15:00,2010-10-15 13:47:00,1372,United Kingdom,1,4,4,144,Can't Lose Them,1,430.82,140,561,3.25,420.05,1
16600,4,13,2153.41,2009-12-18 12:59:00,2011-12-05 16:00:00,2420,United Kingdom,5,5,4,554,Champions,0,165.65,717,721,6.58,326.99,0
13224,60,2,2152.95,2011-07-11 14:10:00,2011-10-10 14:55:00,1515,United Kingdom,3,2,4,324,Needs Attention,1,1076.47,91,151,4.83,1559.81,0
16275,197,3,2151.11,2010-03-08 14:41:00,2011-05-27 12:41:00,1268,United Kingdom,2,3,4,234,At Risk,1,717.04,444,641,1.71,367.84,1
14216,3,5,2150.04,2010-10-21 15:07:00,2011-12-06 14:56:00,712,United Kingdom,5,4,4,544,Champions,2,430.01,410,414,4.41,568.9,0
16716,267,3,2149.6800000000003,2010-03-19 11:05:00,2011-03-18 10:03:00,912,United Kingdom,2,3,4,234,At Risk,1,716.56,363,631,1.74,374.04,1
17272,42,4,2148.63,2011-03-22 12:05:00,2011-10-28 16:37:00,1778,United Kingdom,4,4,4,444,Champions,1,537.16,220,263,5.55,894.37,0
16520,186,6,2148.38,2010-03-02 16:50:00,2011-06-06 13:24:00,1045,United Kingdom,3,4,4,344,Loyal,1,358.06,460,647,3.38,363.07,1
16004,475,5,2146.39,2010-01-25 13:56:00,2010-08-22 11:48:00,1076,United Kingdom,1,4,4,144,Can't Lose Them,1,429.28,208,683,2.67,343.85,1
13152,417,7,2146.38,2010-01-14 10:01:00,2010-10-18 13:44:00,977,United Kingdom,1,4,4,144,Can't Lose Them,1,306.63,277,695,3.68,338.52,1
16134,22,5,2145.34,2010-06-17 09:48:00,2011-11-18 10:05:00,1637,United Kingdom,4,4,4,444,Champions,2,429.07,519,541,3.37,433.79,0
18009,235,8,2144.23,2010-02-25 11:49:00,2011-04-18 13:36:00,651,United Kingdom,2,5,4,254,Can't Lose Them,1,268.03,417,653,4.47,359.43,1
14407,107,5,2142.73,2011-03-08 11:59:00,2011-08-24 14:02:00,1414,United Kingdom,3,4,4,344,Loyal,1,428.55,169,277,6.59,847.24,0
13092,71,12,2140.28,2010-02-10 08:44:00,2011-09-30 11:18:00,664,United Kingdom,3,5,4,354,Loyal,1,178.36,597,668,6.56,351.01,0
17029,111,7,2137.3,2010-02-14 10:19:00,2011-08-21 11:06:00,1265,United Kingdom,3,4,4,344,Loyal,1,305.33,553,664,3.85,352.66,0
17305,649,1,2135.46,2010-03-01 12:47:00,2010-03-01 12:47:00,1006,United Kingdom,1,2,4,124,Hibernating / Lost,1,2135.46,0,649,0.56,358.76,1
16493,80,7,2132.09,2010-03-26 13:05:00,2011-09-21 11:10:00,1988,United Kingdom,3,4,4,344,Loyal,1,304.58,543,623,4.1,374.63,0
18116,68,13,2130.89,2010-10-24 15:29:00,2011-10-03 11:00:00,1249,United Kingdom,3,5,4,354,Loyal,0,163.91,343,411,11.55,567.95,0
13517,60,3,2128.42,2011-06-13 08:44:00,2011-10-11 11:43:00,1369,United Kingdom,3,3,4,334,Loyal,1,709.47,120,180,6.08,1294.07,0
14634,438,4,2124.46,2010-06-16 09:48:00,2010-09-28 10:40:00,1906,United Kingdom,1,3,4,134,At Risk,1,531.12,104,542,2.69,428.61,1
16807,143,6,2123.88,2010-03-26 14:38:00,2011-07-20 12:00:00,1433,United Kingdom,3,4,4,344,Loyal,1,353.98,480,623,3.52,373.8,0
16996,30,9,2123.61,2010-10-18 12:24:00,2011-11-09 16:43:00,919,United Kingdom,4,5,4,454,Champions,0,235.96,387,418,7.86,556.39,0
14472,104,9,2118.72,2010-01-19 13:09:00,2011-08-28 11:01:00,1271,United Kingdom,3,5,4,354,Loyal,1,235.41,585,689,4.77,336.87,0
14360,32,4,2118.03,2011-09-06 11:58:00,2011-11-08 09:12:00,1139,United Kingdom,4,3,4,434,Loyal,2,529.51,62,95,15.37,2441.57,0
15658,190,8,2117.27,2009-12-03 11:19:00,2011-06-02 15:22:00,627,United Kingdom,2,4,4,244,Can't Lose Them,1,264.66,546,737,3.96,314.42,1
14691,31,5,2114.33,2011-05-11 09:55:00,2011-11-09 12:30:00,707,United Kingdom,4,4,4,444,Champions,2,422.87,182,213,8.57,1087.2,0
16201,3,5,2112.12,2010-10-20 12:00:00,2011-12-06 16:02:00,1421,United Kingdom,5,4,4,544,Champions,2,422.42,412,416,4.39,556.33,0
16054,145,4,2111.88,2010-04-01 18:37:00,2011-07-17 13:08:00,791,United Kingdom,3,4,4,344,Loyal,1,527.97,471,617,2.37,375.39,0
12997,22,8,2110.91,2010-04-06 11:06:00,2011-11-17 15:47:00,1186,United Kingdom,4,4,4,444,Champions,0,263.86,590,613,4.76,376.79,0
14399,394,8,2108.21,2010-02-03 13:09:00,2010-11-10 13:23:00,965,United Kingdom,2,4,4,244,Can't Lose Them,1,263.53,280,674,4.33,342.33,1
13755,4,9,2108.06,2011-10-07 15:45:00,2011-12-06 12:26:00,1242,United Kingdom,5,5,4,554,Champions,0,234.23,59,63,52.14,3663.83,0
15252,36,5,2103.41,2010-04-07 10:24:00,2011-11-03 13:30:00,1430,United Kingdom,4,4,4,444,Champions,1,420.68,575,612,2.98,376.09,0
14276,99,7,2102.68,2010-02-17 13:10:00,2011-09-02 09:45:00,1406,United Kingdom,3,4,4,344,Loyal,1,300.38,561,660,3.87,348.74,0
13610,12,14,2102.46,2010-01-05 14:12:00,2011-11-27 15:38:00,868,United Kingdom,5,5,4,554,Champions,0,150.18,691,703,7.27,327.54,0
14499,26,7,2101.79,2010-08-27 11:57:00,2011-11-13 13:01:00,1231,United Kingdom,4,4,4,444,Champions,0,300.26,443,470,5.44,490.02,0
15815,64,5,2100.6,2011-03-25 08:43:00,2011-10-07 12:42:00,1856,United Kingdom,3,4,4,344,Loyal,1,420.12,196,260,7.02,884.77,0
12975,437,6,2100.09,2009-12-06 10:38:00,2010-09-29 09:46:00,911,United Kingdom,1,4,4,144,Can't Lose Them,1,350.02,296,734,2.98,312.92,1
17159,22,5,2099.59,2010-03-04 14:53:00,2011-11-18 10:52:00,1348,United Kingdom,4,4,4,444,Champions,2,419.92,623,645,2.83,356.51,0
17742,113,11,2098.48,2009-12-01 13:16:00,2011-08-18 15:28:00,653,United Kingdom,3,5,4,354,Loyal,1,190.77,625,738,5.44,311.34,0
12649,107,8,2096.65,2010-01-12 17:24:00,2011-08-24 14:41:00,1948,Germany,3,4,4,344,Loyal,1,262.08,588,696,4.2,330.22,0
13753,288,4,2094.57,2009-12-03 10:20:00,2011-02-25 12:48:00,1450,United Kingdom,2,3,4,234,At Risk,1,523.64,449,737,1.98,311.04,1
13591,65,7,2093.94,2009-12-14 15:44:00,2011-10-06 12:26:00,850,United Kingdom,3,4,4,344,Loyal,1,299.13,660,725,3.52,315.88,0
14469,416,4,2093.46,2010-01-29 11:12:00,2010-10-19 14:30:00,973,United Kingdom,1,3,4,134,At Risk,1,523.36,263,680,2.15,337.57,1
13265,53,5,2092.66,2011-03-11 09:54:00,2011-10-17 15:02:00,1740,United Kingdom,4,4,4,444,Champions,1,418.53,220,274,6.66,836.22,0
15456,283,10,2091.52,2009-12-08 12:54:00,2011-03-01 13:51:00,2727,United Kingdom,2,5,4,254,Can't Lose Them,1,209.15,448,731,4.99,313.1,1
15151,423,2,2085.61,2010-07-18 12:19:00,2010-10-12 16:37:00,795,United Kingdom,1,2,4,124,Hibernating / Lost,1,1042.8,86,510,1.43,447.36,1
17705,3,11,2083.9,2010-05-12 09:47:00,2011-12-06 13:45:00,1301,United Kingdom,5,5,4,554,Champions,0,189.45,573,577,6.96,395.57,0
12724,5,7,2083.52,2010-06-22 14:00:00,2011-12-04 16:02:00,1366,France,5,4,4,544,Champions,0,297.65,530,535,4.78,426.83,0
16016,3,11,2083.4,2010-11-02 13:27:00,2011-12-06 14:35:00,881,United Kingdom,5,5,4,554,Champions,0,189.4,399,402,9.99,567.63,0
16934,55,6,2083.14,2010-03-28 12:43:00,2011-10-16 12:40:00,936,United Kingdom,4,4,4,444,Champions,1,347.19,566,622,3.52,366.63,0
14443,54,5,2082.97,2010-11-25 14:18:00,2011-10-17 10:10:00,1357,United Kingdom,4,4,4,444,Champions,1,416.59,325,379,4.82,602.39,0
18026,501,2,2074.07,2010-07-22 16:21:00,2010-07-27 10:37:00,530,United Kingdom,1,3,4,134,At Risk,1,1037.04,4,505,1.45,451.11,1
12684,8,6,2073.63,2011-05-10 12:55:00,2011-12-02 09:53:00,1973,France,5,4,4,544,Champions,2,345.6,205,213,10.28,1065.83,0
17048,118,7,2071.68,2010-01-18 13:55:00,2011-08-14 11:49:00,1068,United Kingdom,3,4,4,344,Loyal,1,295.95,572,690,3.7,328.5,0
17585,109,7,2064.71,2010-08-18 16:39:00,2011-08-22 13:30:00,2510,United Kingdom,3,4,4,344,Loyal,1,294.96,368,478,5.35,473.41,0
13748,96,9,2064.35,2009-12-01 16:44:00,2011-09-05 09:45:00,1028,United Kingdom,3,5,4,354,Loyal,1,229.37,642,738,4.45,306.21,0
16726,26,7,2063.88,2010-10-24 16:09:00,2011-11-13 14:53:00,1323,United Kingdom,4,4,4,444,Champions,0,294.84,384,411,6.22,550.17,0
12576,36,8,2062.72,2010-07-01 13:46:00,2011-11-04 10:11:00,1492,Poland,4,4,4,444,Champions,0,257.84,490,526,5.55,429.3,0
12586,17,4,2062.67,2009-12-16 13:15:00,2011-11-22 16:24:00,687,Italy,5,3,4,534,Loyal,2,515.67,706,723,2.02,312.5,0
16795,365,3,2062.41,2010-01-25 13:14:00,2010-12-09 14:08:00,1214,United Kingdom,2,3,4,234,At Risk,1,687.47,318,683,1.6,329.99,1
15221,366,4,2062.2000000000003,2010-03-12 10:40:00,2010-12-08 13:08:00,244,United Kingdom,2,3,4,234,At Risk,1,515.55,271,638,2.29,354.18,1
13476,179,5,2061.4700000000003,2010-03-05 09:39:00,2011-06-14 12:00:00,713,United Kingdom,3,4,4,344,Loyal,1,412.29,466,645,2.83,350.03,0
18258,464,6,2059.67,2010-05-16 11:35:00,2010-09-01 14:20:00,1981,United Kingdom,1,4,4,144,Can't Lose Them,1,343.28,108,573,3.82,393.4,1
17633,31,7,2057.39,2010-11-15 14:55:00,2011-11-08 13:25:00,899,United Kingdom,4,4,4,444,Champions,1,293.91,357,389,6.57,579.3,0
15253,16,8,2055.09,2010-05-02 11:17:00,2011-11-23 16:22:00,1588,United Kingdom,5,4,4,544,Champions,0,256.89,570,587,4.97,383.02,0
14188,31,6,2054.36,2011-02-02 13:46:00,2011-11-09 12:45:00,1162,United Kingdom,4,4,4,444,Champions,1,342.39,279,310,7.06,725.18,0
17897,173,9,2053.04,2010-05-12 16:03:00,2011-06-20 11:23:00,856,United Kingdom,3,5,4,354,Loyal,1,228.12,403,576,5.7,390.09,0
16176,421,4,2052.69,2010-03-29 14:52:00,2010-10-14 13:54:00,952,United Kingdom,1,4,4,144,Can't Lose Them,1,513.17,198,620,2.35,361.78,1
16794,1,15,2050.68,2010-03-25 15:17:00,2011-12-08 17:54:00,1575,United Kingdom,5,5,4,554,Champions,0,136.71,623,624,8.77,359.68,0
17086,7,6,2050.08,2011-10-07 11:22:00,2011-12-02 13:54:00,1859,United Kingdom,5,4,4,544,Champions,2,341.68,56,64,34.22,3507.69,0
13874,358,7,2049.15,2010-02-04 18:39:00,2010-12-16 18:20:00,864,United Kingdom,2,4,4,244,Can't Lose Them,1,292.74,314,673,3.8,333.72,1
16027,92,15,2048.36,2010-01-08 13:21:00,2011-09-09 10:47:00,2099,United Kingdom,3,5,4,354,Loyal,0,136.56,608,700,7.82,320.37,0
14232,43,5,2048.07,2011-03-20 12:44:00,2011-10-28 11:09:00,1941,United Kingdom,4,4,4,444,Champions,1,409.61,221,265,6.89,846.66,0
17666,4,5,2047.8,2010-06-30 12:03:00,2011-12-06 09:06:00,1552,United Kingdom,5,4,4,544,Champions,2,409.56,523,528,3.46,425.12,0
13663,179,5,2047.51,2010-03-03 10:11:00,2011-06-13 15:44:00,893,United Kingdom,3,4,4,344,Loyal,1,409.5,467,647,2.82,346.44,0
14000,211,5,2046.3400000000001,2009-12-02 09:50:00,2011-05-12 16:50:00,1838,United Kingdom,2,4,4,244,Can't Lose Them,1,409.27,526,738,2.47,303.27,1
15473,14,8,2046.0,2010-09-21 09:14:00,2011-11-25 15:15:00,776,United Kingdom,5,4,4,544,Champions,0,255.75,430,445,6.56,503.32,0
12868,186,8,2043.76,2010-11-12 10:05:00,2011-06-07 10:42:00,1170,United Kingdom,3,4,4,344,Loyal,1,255.47,207,393,7.43,569.44,1
16235,41,8,2043.71,2010-08-26 12:10:00,2011-10-30 10:56:00,787,United Kingdom,4,5,4,454,Champions,1,255.46,429,471,6.2,475.16,0
17289,32,9,2041.8,2010-03-08 12:52:00,2011-11-08 12:01:00,1237,United Kingdom,4,5,4,454,Champions,0,226.87,609,641,5.12,348.47,0
14988,212,7,2038.65,2010-04-16 13:34:00,2011-05-12 12:05:00,1260,United Kingdom,2,4,4,244,Can't Lose Them,1,291.24,390,602,4.24,370.46,1
16214,171,4,2038.25,2010-09-30 13:57:00,2011-06-22 11:30:00,1308,United Kingdom,3,4,4,344,Loyal,1,509.56,264,435,3.36,513.64,0
16331,432,6,2037.7,2010-03-07 10:55:00,2010-10-03 13:47:00,756,United Kingdom,1,4,4,144,Can't Lose Them,1,339.62,210,643,3.41,347.43,1
13630,5,7,2031.78,2011-02-27 12:49:00,2011-12-04 15:16:00,1391,United Kingdom,5,4,4,544,Champions,0,290.25,280,286,8.93,777.58,0
14225,435,4,2031.07,2010-01-12 15:02:00,2010-10-01 10:32:00,1167,United Kingdom,1,3,4,134,At Risk,1,507.77,261,696,2.1,319.9,1
15272,57,6,2030.95,2010-02-14 13:39:00,2011-10-13 12:59:00,665,United Kingdom,4,4,4,444,Champions,1,338.49,605,663,3.3,335.11,0
15506,23,6,2030.33,2010-08-19 12:38:00,2011-11-17 12:11:00,1637,United Kingdom,4,4,4,444,Champions,2,338.39,454,478,4.58,464.95,0
15164,69,9,2028.1100000000001,2010-01-18 13:34:00,2011-10-02 12:05:00,912,United Kingdom,3,5,4,354,Loyal,1,225.35,621,690,4.76,321.8,0
15384,170,4,2027.79,2010-04-26 12:38:00,2011-06-23 10:57:00,1767,United Kingdom,3,3,4,334,Loyal,1,506.95,422,593,2.46,374.13,0
12873,282,3,2027.3,2010-01-27 09:50:00,2011-03-02 14:58:00,786,United Kingdom,2,3,4,234,At Risk,1,675.77,399,682,1.61,326.4,1
12599,29,13,2026.72,2010-05-11 10:42:00,2011-11-10 13:34:00,2174,France,4,5,4,454,Champions,0,155.9,548,578,8.21,383.98,0
13989,66,5,2026.06,2010-05-25 12:13:00,2011-10-05 09:47:00,2207,United Kingdom,3,4,4,344,Loyal,1,405.21,497,564,3.24,393.86,0
14631,51,6,2025.69,2010-08-09 14:45:00,2011-10-20 11:17:00,1407,United Kingdom,4,4,4,444,Champions,1,337.62,436,487,4.5,455.79,0
14651,67,9,2025.52,2010-03-18 11:39:00,2011-10-03 15:52:00,880,United Kingdom,3,5,4,354,Loyal,1,225.06,564,632,5.2,351.09,0
12501,337,1,2025.39,2011-01-07 12:28:00,2011-01-07 12:28:00,1775,Germany,2,1,4,214,Hibernating / Lost,1,2025.39,0,337,1.08,656.23,1
12418,113,4,2021.2,2010-03-19 14:47:00,2011-08-19 11:08:00,1088,Switzerland,3,3,4,334,Loyal,1,505.3,517,630,2.32,351.69,0
13696,422,3,2020.4,2010-02-11 14:17:00,2010-10-14 09:44:00,552,United Kingdom,1,3,4,134,At Risk,1,673.47,244,666,1.64,331.35,1
16221,37,9,2018.47,2010-08-10 13:32:00,2011-11-03 11:43:00,1448,United Kingdom,4,5,4,454,Champions,0,224.27,449,486,6.76,454.82,0
16197,469,9,2016.71,2009-12-16 11:44:00,2010-08-27 12:56:00,1420,United Kingdom,1,5,4,154,Can't Lose Them,1,224.08,254,724,4.54,305.2,1
17152,195,4,2016.5,2010-10-10 12:40:00,2011-05-29 12:19:00,577,United Kingdom,2,4,4,244,Can't Lose Them,1,504.12,230,426,3.43,518.74,1
14623,32,10,2012.3,2010-04-16 17:12:00,2011-11-07 13:56:00,1013,United Kingdom,4,5,4,454,Champions,0,201.23,569,602,6.06,365.84,0
13693,374,9,2011.82,2009-12-07 11:29:00,2010-11-30 18:21:00,880,United Kingdom,2,5,4,254,Can't Lose Them,1,223.54,358,733,4.48,300.44,1
17671,16,5,2009.16,2010-11-29 11:53:00,2011-11-24 12:21:00,987,United Kingdom,5,4,4,544,Champions,2,401.83,360,376,4.85,584.66,0
17126,152,9,2008.93,2010-08-31 13:41:00,2011-07-10 13:52:00,1420,United Kingdom,3,5,4,354,Loyal,1,223.21,313,465,7.06,472.76,0
13888,120,7,2001.59,2010-05-13 11:57:00,2011-08-12 10:13:00,795,United Kingdom,3,4,4,344,Loyal,1,285.94,455,576,4.44,380.87,0
14628,91,5,1998.0,2010-01-25 14:40:00,2011-09-09 14:58:00,1147,United Kingdom,3,4,4,344,Loyal,1,399.6,592,683,2.67,320.08,0
16698,227,2,1998.0,2011-03-31 13:33:00,2011-04-27 10:52:00,840,United Kingdom,2,2,4,224,Hibernating / Lost,1,999.0,26,253,2.89,866.13,1
15990,44,7,1997.75,2010-02-28 12:30:00,2011-10-26 15:58:00,1086,United Kingdom,4,4,4,444,Champions,1,285.39,605,650,3.93,336.47,0
16332,28,11,1997.49,2010-04-29 13:41:00,2011-11-11 14:22:00,1122,United Kingdom,4,5,4,454,Champions,0,181.59,561,589,6.82,371.53,0
14152,75,7,1997.3400000000001,2010-02-18 13:57:00,2011-09-25 12:54:00,1844,United Kingdom,3,4,4,344,Loyal,1,285.33,583,659,3.88,332.12,0
15481,401,1,1993.34,2010-11-03 14:52:00,2010-11-03 14:52:00,1450,Norway,2,1,4,214,Hibernating / Lost,1,1993.34,0,401,0.91,544.18,1
14301,117,4,1992.18,2010-02-11 13:07:00,2011-08-14 15:33:00,1686,United Kingdom,3,3,4,334,Loyal,1,498.04,549,666,2.19,327.21,0
16065,365,8,1992.13,2010-09-02 13:27:00,2010-12-09 13:03:00,1207,United Kingdom,2,5,4,254,Can't Lose Them,1,249.02,97,463,6.31,471.39,1
13889,93,6,1991.23,2010-01-22 14:32:00,2011-09-08 09:13:00,979,United Kingdom,3,4,4,344,Loyal,1,331.87,593,686,3.19,317.6,0
17088,28,4,1991.01,2011-03-31 09:48:00,2011-11-11 14:23:00,868,United Kingdom,4,4,4,444,Champions,2,497.75,225,254,5.75,858.62,0
16960,39,8,1988.93,2010-03-02 13:36:00,2011-11-01 11:35:00,1489,United Kingdom,4,5,4,454,Champions,1,248.62,608,647,4.51,336.38,0
16529,190,4,1986.8,2010-06-27 13:29:00,2011-06-02 17:23:00,739,United Kingdom,2,4,4,244,Can't Lose Them,1,496.7,340,530,2.75,409.78,1
14967,50,6,1982.6100000000001,2009-12-03 14:07:00,2011-10-21 11:06:00,652,United Kingdom,4,4,4,444,Champions,1,330.44,686,736,2.98,295.41,0
13725,50,8,1980.56,2011-02-04 12:18:00,2011-10-21 10:03:00,806,United Kingdom,4,4,4,444,Champions,1,247.57,258,309,9.45,701.86,0
17158,32,5,1980.0,2010-03-07 15:50:00,2011-11-07 15:15:00,1147,United Kingdom,4,4,4,444,Champions,2,396.0,609,642,2.84,337.39,0
15030,72,8,1979.91,2010-03-04 17:10:00,2011-09-29 10:50:00,1225,United Kingdom,3,4,4,344,Loyal,1,247.49,573,645,4.53,336.34,0
15795,150,8,1979.8700000000001,2010-01-18 11:31:00,2011-07-13 10:43:00,1411,United Kingdom,3,4,4,344,Loyal,1,247.48,540,691,4.23,314.05,0
17337,151,4,1979.61,2011-02-02 17:06:00,2011-07-11 14:55:00,1246,United Kingdom,3,4,4,344,Loyal,1,494.9,158,310,4.71,699.29,0
18204,71,3,1975.35,2011-05-31 15:26:00,2011-09-29 16:44:00,1190,United Kingdom,3,3,4,334,Loyal,1,658.45,121,192,5.7,1125.95,0
15531,8,2,1972.39,2011-11-09 17:47:00,2011-12-01 18:43:00,1085,United Kingdom,5,2,4,524,New / Promising,2,986.2,22,30,24.33,7198.27,0
17797,22,8,1971.87,2009-12-15 14:30:00,2011-11-17 13:21:00,1086,United Kingdom,4,5,4,454,Champions,0,246.48,701,724,4.03,297.99,0
14905,158,8,1971.39,2009-12-03 14:36:00,2011-07-05 12:41:00,1009,United Kingdom,3,4,4,344,Loyal,1,246.42,578,736,3.97,293.49,0
14477,20,7,1969.6,2010-01-04 15:41:00,2011-11-20 11:11:00,1120,United Kingdom,4,4,4,444,Champions,0,281.37,684,704,3.63,306.41,0
14396,65,7,1969.38,2009-12-02 14:21:00,2011-10-05 16:09:00,959,United Kingdom,3,4,4,344,Loyal,1,281.34,672,737,3.47,292.87,0
16032,456,6,1965.72,2010-07-04 13:31:00,2010-09-09 18:00:00,1467,United Kingdom,1,4,4,144,Can't Lose Them,1,327.62,67,523,4.19,411.82,1
17351,36,12,1964.38,2009-12-10 18:43:00,2011-11-03 18:45:00,380,United Kingdom,4,5,4,454,Champions,0,163.7,693,729,6.01,295.15,0
17966,38,10,1963.92,2010-01-18 13:24:00,2011-11-02 10:26:00,3918,United Kingdom,4,5,4,454,Champions,0,196.39,652,690,5.29,311.67,0
17997,74,8,1962.46,2011-06-28 17:28:00,2011-09-26 16:13:00,2273,United Kingdom,3,5,4,354,Loyal,1,245.31,89,164,17.8,1309.96,0
15789,358,6,1962.01,2010-03-26 11:21:00,2010-12-16 14:35:00,2499,United Kingdom,2,4,4,244,Can't Lose Them,1,327.0,265,624,3.51,344.33,1
16290,465,4,1957.7,2010-05-23 11:46:00,2010-09-01 11:52:00,957,United Kingdom,1,4,4,144,Can't Lose Them,1,489.42,101,566,2.58,378.81,1
17039,604,1,1954.99,2010-04-14 12:56:00,2010-04-14 12:56:00,689,United Kingdom,1,2,4,124,Hibernating / Lost,1,1954.99,0,604,0.6,351.9,1
18016,32,7,1954.56,2010-01-27 16:00:00,2011-11-07 13:25:00,1207,United Kingdom,4,4,4,444,Champions,1,279.22,648,681,3.75,314.12,0
14794,3,10,1953.9,2010-08-09 15:44:00,2011-12-07 10:11:00,783,United Kingdom,5,5,4,554,Champions,0,195.39,484,487,7.49,439.04,0
17554,1,5,1952.45,2011-07-14 20:01:00,2011-12-08 14:15:00,1763,United Kingdom,5,4,4,544,Champions,2,390.49,146,148,12.33,1444.42,0
13761,50,6,1952.17,2010-02-21 11:08:00,2011-10-20 14:01:00,1079,United Kingdom,4,4,4,444,Champions,1,325.36,606,657,3.33,325.03,0
13208,59,8,1951.82,2009-12-03 13:25:00,2011-10-11 16:25:00,1307,United Kingdom,4,4,4,444,Champions,1,243.98,677,736,3.97,290.58,0
16993,464,2,1950.9499999999998,2010-05-12 13:55:00,2010-09-02 12:16:00,285,United Kingdom,1,3,4,134,At Risk,1,975.47,112,576,1.27,371.65,1
14014,77,3,1948.21,2010-05-12 09:04:00,2011-09-23 13:18:00,2004,United Kingdom,3,3,4,334,Loyal,1,649.4,499,577,1.9,370.16,0
15620,57,4,1942.36,2010-10-26 11:32:00,2011-10-14 12:41:00,1249,United Kingdom,4,3,4,434,Loyal,1,485.59,353,410,3.56,518.61,0
15425,400,4,1941.1200000000001,2010-02-14 12:36:00,2010-11-04 18:13:00,1041,United Kingdom,2,3,4,234,At Risk,1,485.28,263,664,2.2,320.28,1
15478,40,3,1940.98,2010-05-13 18:49:00,2011-10-30 14:19:00,844,United Kingdom,4,3,4,434,Loyal,2,646.99,534,575,1.9,368.78,0
16619,264,4,1938.33,2010-02-22 12:05:00,2011-03-21 08:18:00,1055,United Kingdom,2,4,4,244,Can't Lose Them,1,484.58,391,656,2.23,324.18,1
14418,4,3,1937.25,2011-08-23 17:18:00,2011-12-06 11:39:00,1711,United Kingdom,5,3,4,534,Loyal,2,645.75,104,108,10.14,1964.37,0
15561,12,8,1934.3899999999999,2010-02-14 12:22:00,2011-11-28 11:07:00,1334,United Kingdom,5,4,4,544,Champions,0,241.8,651,664,4.4,319.18,0
16859,145,7,1932.41,2010-03-04 12:37:00,2011-07-18 12:19:00,1899,United Kingdom,3,4,4,344,Loyal,1,276.06,500,646,3.96,327.96,0
15803,51,4,1929.66,2010-02-01 16:29:00,2011-10-19 14:56:00,1030,United Kingdom,4,4,4,444,Champions,1,482.42,624,676,2.16,312.61,0
17236,13,12,1929.26,2010-03-07 13:00:00,2011-11-27 12:00:00,804,United Kingdom,5,5,4,554,Champions,0,160.77,629,642,6.82,328.94,0
13029,31,5,1927.3,2010-07-04 13:46:00,2011-11-09 09:13:00,194,United Kingdom,4,4,4,444,Champions,2,385.46,492,523,3.49,403.58,0
16788,123,5,1927.28,2010-02-07 12:40:00,2011-08-08 14:53:00,964,United Kingdom,3,4,4,344,Loyal,1,385.46,547,671,2.72,314.54,0
14492,430,7,1921.91,2010-03-30 14:23:00,2010-10-05 13:21:00,751,United Kingdom,1,4,4,144,Can't Lose Them,1,274.56,188,619,4.13,340.18,1
16681,73,7,1921.84,2010-03-08 14:10:00,2011-09-28 11:11:00,1492,United Kingdom,3,4,4,344,Loyal,1,274.55,568,641,3.99,328.64,0
15885,93,13,1921.82,2010-01-21 12:47:00,2011-09-07 14:56:00,620,United Kingdom,3,5,4,354,Loyal,1,147.83,594,688,6.9,306.01,0
18220,227,6,1921.76,2009-12-15 11:42:00,2011-04-27 09:03:00,1352,United Kingdom,2,4,4,244,Can't Lose Them,1,320.29,497,725,3.02,290.18,1
14901,11,12,1919.0,2010-07-29 11:11:00,2011-11-28 17:09:00,880,United Kingdom,5,5,4,554,Champions,0,159.92,487,499,8.78,421.23,0
12560,5,2,1918.01,2011-07-19 15:55:00,2011-12-04 13:54:00,1098,Germany,5,2,4,524,New / Promising,2,959.0,137,143,5.1,1467.27,0
12842,70,4,1917.99,2009-12-02 08:15:00,2011-09-30 15:33:00,887,United Kingdom,3,3,4,334,Loyal,1,479.5,667,738,1.98,284.82,0
14332,23,5,1917.41,2010-10-19 13:01:00,2011-11-17 11:54:00,875,United Kingdom,4,4,4,444,Champions,2,383.48,393,416,4.39,505.04,0
16650,72,7,1916.11,2010-07-08 14:18:00,2011-09-29 09:51:00,1511,United Kingdom,3,4,4,344,Loyal,1,273.73,447,519,4.92,404.03,0
16555,35,6,1915.68,2010-07-22 13:39:00,2011-11-04 14:31:00,1816,United Kingdom,4,4,4,444,Champions,1,319.28,470,505,4.34,415.7,0
12725,371,3,1906.76,2010-05-04 13:59:00,2010-12-03 15:45:00,1136,Italy,2,3,4,234,At Risk,1,635.59,213,584,1.88,358.47,1
17046,157,5,1906.07,2010-03-29 13:46:00,2011-07-05 14:24:00,1636,United Kingdom,3,4,4,344,Loyal,1,381.21,463,620,2.94,336.23,0
16942,13,9,1904.99,2011-04-26 11:59:00,2011-11-27 12:40:00,805,United Kingdom,5,5,4,554,Champions,0,211.67,215,228,14.41,915.05,0
14250,7,3,1904.05,2011-09-11 13:44:00,2011-12-02 14:30:00,1200,United Kingdom,5,3,4,534,Loyal,2,634.68,82,89,12.3,2341.97,0
12644,130,4,1900.49,2010-01-14 13:02:00,2011-08-02 10:33:00,1031,Germany,3,3,4,334,Loyal,1,475.12,564,694,2.1,299.33,0
14127,123,6,1900.0800000000002,2010-10-10 11:53:00,2011-08-09 10:49:00,828,United Kingdom,3,4,4,344,Loyal,1,316.68,302,426,5.14,488.32,0
14710,14,13,1899.79,2009-12-03 17:12:00,2011-11-25 14:53:00,1135,United Kingdom,5,5,4,554,Champions,0,146.14,721,736,6.45,282.78,0
14389,65,5,1898.01,2010-04-28 14:57:00,2011-10-05 15:17:00,1388,United Kingdom,3,4,4,344,Loyal,1,379.6,525,590,3.09,351.89,0
14730,1,8,1897.57,2011-03-08 12:49:00,2011-12-08 14:39:00,1078,United Kingdom,5,4,4,544,Champions,0,237.2,275,277,10.54,750.03,0
17560,95,8,1895.8,2010-02-17 12:11:00,2011-09-06 09:18:00,1588,United Kingdom,3,5,4,354,Loyal,1,236.98,565,661,4.42,314.24,0
14327,163,6,1894.93,2010-01-08 14:04:00,2011-06-29 13:58:00,1296,United Kingdom,3,4,4,344,Loyal,1,315.82,536,700,3.13,296.55,0
15248,411,3,1893.93,2010-06-23 14:34:00,2010-10-24 13:09:00,1065,United Kingdom,1,3,4,134,At Risk,1,631.31,122,534,2.05,388.26,1
13984,27,12,1893.8,2009-12-07 11:51:00,2011-11-13 12:38:00,1301,United Kingdom,4,5,4,454,Champions,0,157.82,706,733,5.98,283.13,0
17350,8,7,1893.7,2010-02-01 15:38:00,2011-12-01 15:47:00,1177,United Kingdom,5,4,4,544,Champions,0,270.53,668,676,3.78,306.78,0
16631,482,7,1892.52,2010-02-26 10:49:00,2010-08-15 11:20:00,775,United Kingdom,1,4,4,144,Can't Lose Them,1,270.36,170,652,3.92,317.94,1
13276,64,5,1891.91,2010-03-07 14:05:00,2011-10-07 12:44:00,840,United Kingdom,3,4,4,344,Loyal,1,378.38,578,642,2.84,322.38,0
15381,214,5,1890.5700000000002,2010-05-05 14:35:00,2011-05-10 11:55:00,802,United Kingdom,2,4,4,244,Can't Lose Them,1,378.11,369,583,3.13,355.05,1
16172,95,8,1884.55,2010-07-14 15:34:00,2011-09-05 13:22:00,1419,United Kingdom,3,5,4,354,Loyal,1,235.57,417,513,5.69,402.12,0
14403,130,6,1880.51,2010-03-10 14:00:00,2011-08-01 12:57:00,737,United Kingdom,3,4,4,344,Loyal,1,313.42,508,639,3.43,322.51,0
16660,16,7,1879.55,2010-01-14 11:09:00,2011-11-23 14:53:00,991,United Kingdom,5,4,4,544,Champions,0,268.51,678,695,3.68,296.44,0
18151,135,6,1879.44,2010-03-04 10:47:00,2011-07-28 11:35:00,986,United Kingdom,3,4,4,344,Loyal,1,313.24,511,646,3.39,318.57,0
17227,19,12,1878.93,2010-01-15 15:05:00,2011-11-21 10:51:00,1681,United Kingdom,5,5,4,554,Champions,0,156.58,674,693,6.32,296.88,0
15197,11,6,1877.51,2009-12-11 12:56:00,2011-11-29 10:00:00,1058,United Kingdom,5,4,4,544,Champions,2,312.92,717,728,3.01,282.57,0
13946,79,6,1876.23,2009-12-04 11:07:00,2011-09-21 13:33:00,2847,United Kingdom,3,4,4,344,Loyal,1,312.7,656,736,2.98,279.55,0
17609,41,11,1875.36,2010-04-09 16:54:00,2011-10-30 12:28:00,1282,United Kingdom,4,5,4,454,Champions,0,170.49,568,609,6.59,337.06,0
16426,2,10,1863.76,2011-03-08 15:45:00,2011-12-07 14:01:00,1215,United Kingdom,5,5,4,554,Champions,0,186.38,273,276,13.22,739.18,0
14887,79,1,1862.0,2011-09-21 15:32:00,2011-09-21 15:32:00,1100,United Kingdom,3,1,4,314,Needs Attention,2,1862.0,0,79,4.62,2580.73,0
14305,71,3,1858.96,2011-07-27 14:14:00,2011-09-29 15:29:00,1089,United Kingdom,3,3,4,334,Loyal,1,619.65,64,135,8.11,1507.61,0
12687,481,1,1858.91,2010-08-16 12:12:00,2010-08-16 12:12:00,1402,Sweden,1,1,4,114,Hibernating / Lost,1,1858.91,0,481,0.76,423.83,1
14130,319,4,1858.77,2009-12-11 16:33:00,2011-01-24 16:05:00,1215,United Kingdom,2,3,4,234,At Risk,1,464.69,408,728,2.01,280.21,1
16043,38,8,1856.5900000000001,2010-08-15 11:26:00,2011-11-02 12:50:00,1011,United Kingdom,4,5,4,454,Champions,1,232.07,444,482,6.06,421.9,0
15081,22,12,1854.57,2010-06-22 10:25:00,2011-11-17 17:08:00,749,United Kingdom,4,5,4,454,Champions,0,154.55,513,536,8.17,378.8,0
16049,40,6,1852.15,2010-07-11 13:53:00,2011-10-30 13:19:00,1132,United Kingdom,4,4,4,444,Champions,1,308.69,475,516,4.24,392.65,0
16917,277,2,1851.88,2010-03-17 15:24:00,2011-03-08 11:55:00,792,United Kingdom,2,3,4,234,At Risk,1,925.94,355,632,1.16,322.23,1
14912,17,5,1849.58,2010-04-28 09:41:00,2011-11-23 09:20:00,1818,Italy,5,4,4,544,Champions,2,369.92,573,591,3.09,342.92,0
12674,39,4,1844.6,2011-05-16 09:10:00,2011-11-01 12:12:00,1126,France,4,3,4,434,Loyal,2,461.15,169,208,7.02,971.18,0
18180,5,6,1843.75,2011-07-20 08:59:00,2011-12-05 08:39:00,1721,United Kingdom,5,4,4,544,Champions,2,307.29,137,143,15.31,1411.38,0
12950,2,3,1843.0,2011-11-15 13:48:00,2011-12-07 13:17:00,1380,United Kingdom,5,3,4,534,Loyal,2,614.33,21,30,36.5,6726.91,0
15201,87,7,1842.95,2010-04-07 14:50:00,2011-09-13 14:53:00,1660,United Kingdom,3,4,4,344,Loyal,1,263.28,524,611,4.18,330.15,0
12399,119,7,1842.3,2010-03-05 08:45:00,2011-08-12 13:15:00,2190,Belgium,3,4,4,344,Loyal,1,263.19,525,645,3.96,312.67,0
16102,42,3,1842.14,2011-08-03 12:50:00,2011-10-28 13:19:00,942,United Kingdom,4,3,4,434,Loyal,2,614.05,86,129,8.49,1563.99,0
14224,110,9,1841.71,2010-06-13 13:46:00,2011-08-21 13:24:00,826,United Kingdom,3,5,4,354,Loyal,1,204.63,433,544,6.04,370.79,0
12518,1,5,1840.89,2011-08-21 13:18:00,2011-12-09 10:13:00,1306,Germany,5,4,4,544,Champions,2,368.18,109,110,16.59,1832.43,0
13168,36,5,1840.73,2010-06-15 15:00:00,2011-11-03 12:56:00,898,United Kingdom,4,4,4,444,Champions,2,368.15,505,542,3.37,372.2,0
17919,88,2,1840.32,2010-09-27 10:40:00,2011-09-12 13:41:00,1452,United Kingdom,3,3,4,334,Loyal,1,920.16,350,439,1.66,458.24,0
15822,3,6,1840.06,2009-12-06 15:12:00,2011-12-06 14:50:00,950,United Kingdom,5,4,4,544,Champions,2,306.68,729,733,2.99,275.09,0
14870,262,6,1838.95,2010-01-25 09:05:00,2011-03-23 10:51:00,483,United Kingdom,2,4,4,244,Can't Lose Them,1,306.49,422,684,3.2,294.23,1
13924,2,6,1838.8500000000001,2011-09-28 15:07:00,2011-12-08 09:39:00,1575,United Kingdom,5,4,4,544,Champions,2,306.48,70,72,30.42,2796.94,0
17015,29,3,1838.6100000000001,2011-06-07 13:19:00,2011-11-11 10:45:00,1978,United Kingdom,4,3,4,434,Loyal,2,612.87,156,185,5.92,1088.46,0
16175,94,7,1836.44,2010-05-25 12:01:00,2011-09-06 14:32:00,932,United Kingdom,3,4,4,344,Loyal,1,262.35,469,564,4.53,356.53,0
15402,149,6,1830.12,2010-04-27 12:12:00,2011-07-14 12:17:00,2033,United Kingdom,3,4,4,344,Loyal,1,305.02,443,592,3.7,338.57,0
16152,269,1,1829.04,2011-03-16 09:47:00,2011-03-16 09:47:00,642,United Kingdom,2,1,4,214,Hibernating / Lost,1,1829.04,0,269,1.36,746.25,1
16825,39,5,1826.89,2010-06-23 13:14:00,2011-11-01 11:51:00,1297,United Kingdom,4,4,4,444,Champions,1,365.38,495,534,3.42,374.88,0
17244,53,5,1826.04,2009-12-06 11:27:00,2011-10-17 15:19:00,1419,United Kingdom,4,4,4,444,Champions,1,365.21,680,734,2.49,272.81,0
14896,205,8,1826.0,2009-12-06 12:42:00,2011-05-19 10:20:00,931,United Kingdom,2,4,4,244,Can't Lose Them,1,228.25,528,734,3.98,272.53,1
15678,53,3,1825.94,2010-07-05 12:49:00,2011-10-18 09:25:00,1022,United Kingdom,4,3,4,434,Loyal,1,608.65,469,523,2.09,381.62,0
13884,7,10,1825.03,2010-08-26 19:57:00,2011-12-02 16:30:00,752,United Kingdom,5,5,4,554,Champions,0,182.5,462,470,7.77,425.41,0
17642,120,5,1824.49,2009-12-05 16:01:00,2011-08-12 09:11:00,1475,United Kingdom,3,4,4,344,Loyal,1,364.9,614,734,2.49,272.58,0
12585,234,2,1824.1,2010-12-23 12:58:00,2011-04-19 13:39:00,1267,Germany,2,2,4,224,Hibernating / Lost,1,912.05,117,351,2.08,569.12,1
16169,8,4,1822.97,2011-09-25 11:33:00,2011-12-01 15:28:00,1325,United Kingdom,5,4,4,544,Champions,2,455.74,67,76,19.21,2626.43,0
14738,43,9,1821.9,2009-12-07 10:21:00,2011-10-28 08:56:00,757,United Kingdom,4,5,4,454,Champions,1,202.43,689,733,4.48,272.07,0
15339,66,7,1821.02,2010-02-08 13:38:00,2011-10-04 12:51:00,1138,United Kingdom,3,4,4,344,Loyal,1,260.15,602,669,3.82,298.13,0
12582,239,4,1820.4,2010-05-11 09:55:00,2011-04-15 08:45:00,981,Finland,2,3,4,234,At Risk,1,455.1,338,578,2.53,345.42,1
14553,19,9,1818.6,2010-07-18 12:07:00,2011-11-20 13:20:00,1118,United Kingdom,5,5,4,554,Champions,0,202.07,490,510,6.44,390.4,0
16233,71,9,1818.31,2009-12-02 13:23:00,2011-09-29 17:27:00,677,United Kingdom,3,5,4,354,Loyal,1,202.03,666,737,4.46,270.32,0
17787,153,4,1817.54,2010-12-03 13:43:00,2011-07-10 11:24:00,896,United Kingdom,3,4,4,344,Loyal,1,454.38,218,371,3.94,537.08,0
15807,50,5,1817.52,2010-02-11 15:32:00,2011-10-20 14:10:00,1532,United Kingdom,4,4,4,444,Champions,1,363.5,615,666,2.74,298.8,0
16205,31,7,1813.51,2010-06-15 11:58:00,2011-11-09 09:32:00,1448,United Kingdom,4,4,4,444,Champions,1,259.07,511,543,4.71,366.07,0
16880,31,8,1813.21,2010-08-03 13:54:00,2011-11-09 11:33:00,904,United Kingdom,4,5,4,454,Champions,0,226.65,462,493,5.92,402.53,0
14915,91,11,1811.25,2009-12-03 10:17:00,2011-09-09 13:34:00,707,United Kingdom,3,5,4,354,Loyal,1,164.66,645,737,5.45,269.22,0
16474,7,7,1810.49,2011-07-17 14:51:00,2011-12-02 13:02:00,907,United Kingdom,5,4,4,544,Champions,0,258.64,137,145,17.62,1367.17,0
14893,10,3,1809.6100000000001,2010-04-01 09:03:00,2011-11-30 12:31:00,1047,United Kingdom,5,3,4,534,Loyal,2,603.2,608,618,1.77,320.3,0
14715,25,8,1809.55,2010-01-19 12:18:00,2011-11-15 12:10:00,1028,United Kingdom,4,4,4,444,Champions,0,226.19,664,690,4.23,287.04,0
15530,22,5,1808.68,2010-07-15 11:10:00,2011-11-18 12:25:00,1328,United Kingdom,4,4,4,444,Champions,2,361.74,491,513,3.56,386.34,0
17888,21,25,1807.44,2009-12-21 16:34:00,2011-11-18 13:45:00,1536,United Kingdom,4,5,4,454,Champions,0,72.3,696,718,12.71,275.68,0
15133,128,5,1806.9,2010-07-07 12:31:00,2011-08-04 10:44:00,960,United Kingdom,3,4,4,344,Loyal,1,361.38,392,521,3.5,379.45,0
13561,216,11,1803.4,2010-02-28 13:42:00,2011-05-08 12:39:00,1125,United Kingdom,2,5,4,254,Can't Lose Them,1,163.95,433,649,6.19,304.46,1
18161,15,6,1803.1000000000001,2010-11-25 15:55:00,2011-11-24 16:40:00,965,United Kingdom,5,4,4,544,Champions,2,300.52,364,379,5.78,521.1,0
16797,393,5,1802.02,2009-12-02 13:33:00,2010-11-11 19:14:00,898,United Kingdom,2,4,4,244,Can't Lose Them,1,360.4,344,737,2.48,268.14,1
14723,10,11,1801.3600000000001,2009-12-04 11:22:00,2011-11-29 15:23:00,1166,United Kingdom,5,5,4,554,Champions,0,163.76,725,736,5.46,268.24,0
16249,53,5,1800.07,2011-04-14 13:50:00,2011-10-18 10:07:00,950,United Kingdom,4,4,4,444,Champions,1,360.01,186,239,7.64,825.14,0
18235,72,3,1796.48,2011-05-06 13:35:00,2011-09-29 08:27:00,1578,United Kingdom,3,3,4,334,Loyal,1,598.83,145,217,5.05,907.23,0
18236,30,12,1795.3500000000001,2010-04-15 13:39:00,2011-11-10 08:06:00,696,United Kingdom,4,5,4,454,Champions,0,149.61,573,603,7.26,325.85,0
17165,284,6,1794.32,2009-12-11 09:18:00,2011-02-28 16:39:00,788,United Kingdom,2,4,4,244,Can't Lose Them,1,299.05,444,729,3.0,269.15,1
14708,3,5,1793.22,2010-09-10 10:26:00,2011-12-07 08:21:00,1159,United Kingdom,5,4,4,544,Champions,2,358.64,452,456,4.0,430.37,0
13711,219,9,1792.26,2009-12-15 19:04:00,2011-05-05 10:31:00,819,United Kingdom,2,5,4,254,Can't Lose Them,1,199.14,505,724,4.54,271.23,1
13375,89,2,1792.23,2010-09-21 08:12:00,2011-09-12 10:19:00,1124,United Kingdom,3,2,4,324,Needs Attention,1,896.12,356,445,1.64,440.89,0
18122,8,6,1791.84,2011-07-12 11:37:00,2011-12-01 13:08:00,1215,United Kingdom,5,4,4,544,Champions,2,298.64,142,151,14.5,1299.08,0
17603,78,4,1788.38,2009-12-10 09:44:00,2011-09-22 14:18:00,638,United Kingdom,3,4,4,344,Loyal,1,447.1,651,730,2.0,268.26,0
13782,13,13,1786.08,2009-12-06 12:52:00,2011-11-27 11:54:00,643,United Kingdom,5,5,4,554,Champions,0,137.39,720,733,6.47,266.67,0
15608,28,5,1785.98,2010-10-20 10:10:00,2011-11-11 13:20:00,1262,United Kingdom,4,4,4,444,Champions,2,357.2,387,416,4.39,470.43,0
16611,186,6,1785.13,2010-03-10 16:07:00,2011-06-06 15:46:00,874,United Kingdom,3,4,4,344,Loyal,1,297.52,452,639,3.43,306.15,1
15452,30,6,1785.1100000000001,2010-07-16 14:23:00,2011-11-10 12:13:00,1087,United Kingdom,4,4,4,444,Champions,2,297.52,481,511,4.29,382.91,0
15128,60,5,1783.68,2010-10-05 16:46:00,2011-10-10 13:54:00,1583,United Kingdom,3,4,4,344,Loyal,1,356.74,369,430,4.24,453.77,0
16110,45,4,1781.59,2010-07-05 13:04:00,2011-10-25 14:35:00,880,United Kingdom,4,4,4,444,Champions,1,445.4,477,522,2.8,374.14,0
18214,531,4,1780.34,2010-06-03 19:47:00,2010-06-27 11:21:00,989,United Kingdom,1,4,4,144,Can't Lose Them,1,445.08,23,554,2.64,352.5,1
15220,52,6,1778.96,2011-03-04 10:24:00,2011-10-19 12:39:00,1393,United Kingdom,4,4,4,444,Champions,1,296.49,229,281,7.79,692.9,0
16770,58,9,1778.93,2010-08-22 16:08:00,2011-10-13 12:21:00,1052,United Kingdom,4,5,4,454,Champions,1,197.66,416,474,6.93,410.94,0
13503,71,5,1778.04,2010-02-16 13:49:00,2011-09-29 13:23:00,1101,United Kingdom,3,4,4,344,Loyal,1,355.61,589,661,2.76,294.45,0
12908,176,5,1776.0,2010-03-19 15:59:00,2011-06-16 15:39:00,3000,United Kingdom,3,4,4,344,Loyal,1,355.2,453,630,2.9,309.02,0
13920,432,4,1774.68,2010-05-26 15:48:00,2010-10-04 12:37:00,1772,United Kingdom,1,3,4,134,At Risk,1,443.67,130,562,2.6,346.06,1
16124,317,4,1772.49,2009-12-07 10:33:00,2011-01-26 14:45:00,797,United Kingdom,2,4,4,244,Can't Lose Them,1,443.12,415,733,1.99,264.54,1
15594,16,5,1771.78,2011-04-19 10:08:00,2011-11-24 08:53:00,983,United Kingdom,5,4,4,544,Champions,2,354.36,218,235,7.77,826.01,0
12531,15,2,1771.2,2010-01-22 14:17:00,2011-11-25 11:12:00,1110,Germany,5,2,4,524,New / Promising,2,885.6,671,686,1.06,281.62,0
14850,312,7,1770.96,2010-05-20 13:28:00,2011-02-01 11:21:00,1393,United Kingdom,2,4,4,244,Can't Lose Them,1,252.99,256,568,4.5,341.54,1
14933,444,4,1770.0,2010-09-21 17:29:00,2010-09-22 10:47:00,600,Channel Islands,1,3,4,134,At Risk,1,442.5,0,444,3.29,436.75,1
15972,456,5,1769.33,2010-04-18 14:06:00,2010-09-09 13:20:00,468,United Kingdom,1,4,4,144,Can't Lose Them,1,353.87,143,600,3.04,322.73,1
15736,435,2,1767.12,2010-09-30 14:19:00,2010-09-30 14:20:00,1208,United Kingdom,1,2,4,124,Hibernating / Lost,1,883.56,0,435,1.68,445.31,1
13456,18,6,1766.72,2011-05-16 15:34:00,2011-11-22 09:18:00,765,United Kingdom,5,4,4,544,Champions,2,294.45,189,207,10.58,934.58,0
16751,31,1,1764.72,2011-11-09 10:48:00,2011-11-09 10:48:00,1031,United Kingdom,4,2,4,424,New / Promising,2,1764.72,0,31,11.77,6231.23,0
16692,256,4,1764.6999999999998,2010-09-24 11:31:00,2011-03-28 14:46:00,877,United Kingdom,2,4,4,244,Can't Lose Them,1,441.17,185,442,3.3,436.76,1
13717,32,8,1763.3,2010-08-11 09:40:00,2011-11-07 14:13:00,2144,United Kingdom,4,4,4,444,Champions,0,220.41,453,486,6.01,397.4,0
15777,241,7,1762.61,2010-05-20 10:37:00,2011-04-12 16:43:00,599,United Kingdom,2,4,4,244,Can't Lose Them,1,251.8,327,569,4.49,339.17,1
13648,400,8,1759.07,2009-12-01 18:13:00,2010-11-04 14:46:00,959,United Kingdom,2,4,4,244,Can't Lose Them,1,219.88,337,738,3.96,261.22,1
16620,4,6,1758.93,2009-12-01 14:35:00,2011-12-06 12:19:00,1146,United Kingdom,5,4,4,544,Champions,2,293.16,734,738,2.97,261.21,0
16511,22,6,1758.49,2010-03-01 12:21:00,2011-11-18 10:41:00,765,United Kingdom,4,4,4,444,Champions,2,293.08,626,649,3.37,296.3,0
16266,74,14,1757.95,2010-02-04 16:21:00,2011-09-27 12:08:00,791,United Kingdom,3,5,4,354,Loyal,0,125.57,599,673,7.59,285.92,0
16595,61,5,1757.75,2010-01-17 12:12:00,2011-10-09 13:15:00,1331,United Kingdom,3,4,4,344,Loyal,1,351.55,630,692,2.64,278.43,0
16510,372,6,1757.25,2010-01-17 12:30:00,2010-12-02 13:39:00,927,United Kingdom,2,4,4,244,Can't Lose Them,1,292.88,319,692,3.16,277.65,1
14522,24,8,1748.42,2010-01-24 13:55:00,2011-11-15 13:24:00,956,United Kingdom,4,4,4,444,Champions,0,218.55,659,684,4.27,279.96,0
16639,31,4,1747.98,2010-10-26 18:23:00,2011-11-08 13:20:00,751,United Kingdom,4,4,4,444,Champions,2,437.0,377,409,3.57,468.03,0
13808,6,5,1747.66,2011-09-04 12:07:00,2011-12-04 12:18:00,782,United Kingdom,5,4,4,544,Champions,2,349.53,91,97,18.81,1972.4,0
12610,23,4,1747.54,2011-08-05 13:52:00,2011-11-17 09:34:00,1039,Italy,4,3,4,434,Loyal,2,436.88,103,126,11.59,1519.03,0
17695,132,5,1746.04,2010-01-28 09:27:00,2011-07-31 10:40:00,1809,United Kingdom,3,4,4,344,Loyal,1,349.21,549,681,2.68,280.76,0
16380,61,1,1743.1499999999999,2011-10-09 15:40:00,2011-10-09 15:40:00,1428,United Kingdom,3,1,4,314,Needs Attention,2,1743.15,0,61,5.98,3127.21,0
16348,32,8,1742.08,2010-10-05 13:57:00,2011-11-07 15:44:00,1158,United Kingdom,4,5,4,454,Champions,0,217.76,398,430,6.79,443.58,0
15605,36,9,1741.95,2010-01-14 14:03:00,2011-11-03 14:17:00,641,United Kingdom,4,5,4,454,Champions,0,193.55,658,694,4.73,274.65,0
12425,78,2,1741.41,2010-09-17 14:10:00,2011-09-22 17:31:00,1147,Portugal,3,2,4,324,Needs Attention,1,870.7,370,448,1.63,425.77,0
12704,7,8,1740.84,2011-06-23 10:20:00,2011-12-02 13:15:00,991,Finland,5,4,4,544,Champions,0,217.6,162,170,17.18,1121.51,0
16087,389,5,1739.92,2010-01-19 12:30:00,2010-11-15 16:44:00,664,United Kingdom,2,4,4,244,Can't Lose Them,1,347.98,300,690,2.64,275.6,1
17974,25,6,1739.09,2010-10-28 20:03:00,2011-11-15 11:37:00,1189,United Kingdom,4,4,4,444,Champions,2,289.85,382,407,5.38,467.82,0
14584,169,8,1738.16,2010-02-17 14:01:00,2011-06-23 18:33:00,960,United Kingdom,3,4,4,344,Loyal,1,217.27,491,660,4.42,288.1,0
17268,108,11,1733.8899999999999,2009-12-08 11:46:00,2011-08-24 10:06:00,1395,United Kingdom,3,5,4,354,Loyal,1,157.63,623,732,5.48,259.14,0
13026,1,9,1733.08,2009-12-13 11:34:00,2011-12-08 16:58:00,2466,United Kingdom,5,5,4,554,Champions,0,192.56,725,727,4.52,261.11,0
14400,149,3,1732.47,2010-03-18 12:11:00,2011-07-13 15:50:00,1706,United Kingdom,3,3,4,334,Loyal,1,577.49,482,632,1.73,299.72,0
12352,36,9,1729.54,2010-11-12 10:20:00,2011-11-03 14:37:00,714,Norway,4,5,4,454,Champions,0,192.17,356,393,8.36,481.96,0
17432,18,9,1728.99,2009-12-03 19:13:00,2011-11-21 17:33:00,1008,United Kingdom,5,5,4,554,Champions,0,192.11,717,736,4.46,257.04,0
16891,2,11,1727.94,2009-12-04 12:37:00,2011-12-08 11:15:00,652,United Kingdom,5,5,4,554,Champions,0,157.09,733,736,5.46,257.31,0
14387,33,3,1727.6,2011-08-22 14:13:00,2011-11-07 12:29:00,795,United Kingdom,4,3,4,434,Loyal,2,575.87,76,109,10.05,1736.25,0
16809,23,9,1727.43,2010-04-13 15:34:00,2011-11-16 15:45:00,1093,United Kingdom,4,5,4,454,Champions,0,191.94,582,605,5.43,312.67,0
15730,66,5,1726.58,2010-10-04 14:15:00,2011-10-05 12:31:00,1061,United Kingdom,3,4,4,344,Loyal,1,345.32,365,431,4.23,438.21,0
14304,223,3,1725.01,2010-05-18 10:50:00,2011-05-01 11:50:00,775,United Kingdom,2,3,4,234,At Risk,1,575.0,348,571,1.92,331.2,1
14075,5,5,1724.87,2010-08-26 13:42:00,2011-12-05 08:38:00,1493,United Kingdom,5,4,4,544,Champions,2,344.97,465,470,3.88,401.55,0
17190,59,7,1724.73,2010-03-05 13:21:00,2011-10-12 11:33:00,2214,United Kingdom,4,4,4,444,Champions,1,246.39,585,644,3.97,293.45,0
13363,18,3,1723.86,2010-10-26 11:07:00,2011-11-22 12:40:00,1146,United Kingdom,5,3,4,534,Loyal,2,574.62,392,410,2.67,460.27,0
12592,92,4,1723.6399999999999,2010-07-08 14:06:00,2011-09-08 15:04:00,1866,Germany,3,3,4,334,Loyal,1,430.91,427,519,2.81,363.26,0
17451,1,7,1721.4,2011-08-26 11:54:00,2011-12-08 15:02:00,1203,United Kingdom,5,4,4,544,Champions,0,245.91,104,106,24.1,1777.93,0
16119,8,8,1720.81,2009-12-16 11:56:00,2011-12-01 15:11:00,811,United Kingdom,5,5,4,554,Champions,0,215.1,715,724,4.03,260.06,0
14704,20,9,1720.58,2010-03-25 17:21:00,2011-11-20 12:20:00,1156,United Kingdom,4,5,4,454,Champions,0,191.18,604,624,5.26,301.68,0
15267,22,5,1717.36,2011-06-10 10:24:00,2011-11-17 15:59:00,944,United Kingdom,4,4,4,444,Champions,2,343.47,160,183,9.97,1027.32,0
13705,8,7,1717.19,2010-03-25 17:19:00,2011-12-02 12:32:00,906,United Kingdom,5,4,4,544,Champions,0,245.31,616,624,4.09,301.0,0
14021,155,7,1716.58,2010-04-26 11:22:00,2011-07-07 15:46:00,878,United Kingdom,3,4,4,344,Loyal,1,245.23,437,593,4.31,317.08,0
17135,16,10,1716.3799999999999,2010-05-09 16:03:00,2011-11-23 16:48:00,1682,United Kingdom,5,5,4,554,Champions,0,171.64,563,579,6.3,324.4,0
17162,29,10,1715.46,2011-02-07 12:27:00,2011-11-11 11:34:00,1001,United Kingdom,4,5,4,454,Champions,0,171.55,276,306,11.93,613.98,0
14692,137,12,1715.1399999999999,2010-04-01 14:04:00,2011-07-25 15:08:00,890,United Kingdom,3,5,4,354,Loyal,1,142.93,480,617,7.1,304.44,0
14741,12,7,1713.09,2010-10-18 09:33:00,2011-11-28 08:48:00,1006,United Kingdom,5,4,4,544,Champions,2,244.73,405,418,6.11,448.59,0
18239,219,6,1712.26,2010-10-13 10:11:00,2011-05-05 12:38:00,844,United Kingdom,2,4,4,244,Can't Lose Them,1,285.38,204,423,5.18,443.48,1
14447,19,6,1711.73,2010-11-04 13:32:00,2011-11-21 08:28:00,913,United Kingdom,5,4,4,544,Champions,2,285.29,381,400,5.48,469.02,0
13665,386,3,1711.6599999999999,2010-07-23 13:29:00,2010-11-18 13:06:00,1652,United Kingdom,2,3,4,234,At Risk,1,570.55,117,504,2.17,371.43,1
16374,66,5,1709.55,2010-04-30 13:10:00,2011-10-04 15:21:00,768,United Kingdom,3,4,4,344,Loyal,1,341.91,522,588,3.1,317.98,0
13104,3,9,1709.1,2010-02-24 15:06:00,2011-12-06 13:10:00,834,United Kingdom,5,5,4,554,Champions,0,189.9,649,653,5.03,286.56,0
17731,79,6,1708.99,2010-02-09 12:37:00,2011-09-21 15:02:00,707,United Kingdom,3,4,4,344,Loyal,1,284.83,589,669,3.27,279.42,0
15607,337,9,1708.97,2010-01-08 12:16:00,2011-01-07 12:44:00,1470,United Kingdom,2,5,4,254,Can't Lose Them,1,189.89,364,701,4.69,267.18,1
15947,83,1,1708.24,2011-09-18 10:46:00,2011-09-18 10:46:00,898,United Kingdom,3,1,4,314,Needs Attention,2,1708.24,0,83,4.4,2254.88,0
16902,116,1,1706.88,2011-08-15 14:17:00,2011-08-15 14:17:00,629,United Kingdom,3,2,4,324,Needs Attention,1,1706.88,0,116,3.15,1613.0,0
13309,7,6,1706.3700000000001,2010-11-12 12:10:00,2011-12-02 16:34:00,1914,United Kingdom,5,4,4,544,Champions,2,284.4,385,393,5.57,475.23,0
16398,154,2,1705.8,2011-03-31 09:38:00,2011-07-08 15:16:00,758,United Kingdom,3,2,4,324,Needs Attention,1,852.9,99,254,2.87,734.35,0
14859,13,5,1705.64,2010-06-03 10:26:00,2011-11-27 11:18:00,888,United Kingdom,5,4,4,544,Champions,2,341.13,542,555,3.29,336.7,0
12762,8,2,1702.52,2011-11-14 14:23:00,2011-12-02 10:23:00,1220,Portugal,5,2,4,524,New / Promising,2,851.26,17,30,24.33,6213.35,0
15326,334,5,1700.52,2009-12-01 13:19:00,2011-01-10 11:38:00,1351,United Kingdom,2,4,4,244,Can't Lose Them,1,340.1,404,738,2.47,252.01,1
16768,48,9,1698.57,2009-12-07 11:47:00,2011-10-23 10:38:00,774,United Kingdom,4,5,4,454,Champions,1,188.73,684,733,4.48,253.65,0
12932,539,8,1698.56,2010-02-10 08:46:00,2010-06-18 14:22:00,1609,United Kingdom,1,4,4,144,Can't Lose Them,1,212.32,128,668,4.37,278.35,1
17813,14,5,1698.07,2011-09-29 15:57:00,2011-11-25 16:13:00,752,United Kingdom,5,4,4,544,Champions,2,339.61,57,71,25.7,2618.39,0
17694,142,3,1695.97,2010-05-26 08:27:00,2011-07-21 12:00:00,1493,United Kingdom,3,3,4,334,Loyal,1,565.32,421,563,1.94,329.02,0
16899,8,8,1695.77,2010-11-07 15:00:00,2011-12-02 12:03:00,811,United Kingdom,5,5,4,554,Champions,0,211.97,389,397,7.36,468.03,0
16010,246,11,1694.86,2010-10-24 10:54:00,2011-04-08 10:14:00,919,United Kingdom,2,5,4,254,Can't Lose Them,1,154.08,165,412,9.75,450.68,1
17750,5,9,1694.16,2011-06-28 15:44:00,2011-12-04 14:09:00,3696,United Kingdom,5,5,4,554,Champions,0,188.24,158,164,20.03,1131.13,0
12764,317,1,1693.88,2011-01-27 10:19:00,2011-01-27 10:19:00,386,Lebanon,2,1,4,214,Hibernating / Lost,1,1693.88,0,317,1.15,584.39,1
14245,220,2,1693.45,2011-03-21 10:41:00,2011-05-04 08:40:00,976,United Kingdom,2,2,4,224,Hibernating / Lost,1,846.72,43,264,2.77,703.62,1
16671,28,3,1692.27,2011-06-28 11:20:00,2011-11-11 13:40:00,875,United Kingdom,4,3,4,434,Loyal,2,564.09,136,165,6.64,1123.67,0
13838,6,10,1690.07,2010-05-09 11:40:00,2011-12-04 11:00:00,694,United Kingdom,5,5,4,554,Champions,0,169.01,573,580,6.29,318.92,0
13294,190,3,1689.53,2010-03-03 12:54:00,2011-06-03 08:54:00,996,United Kingdom,2,3,4,234,At Risk,1,563.18,456,646,1.7,287.22,1
16725,302,13,1686.81,2009-12-13 15:54:00,2011-02-10 16:52:00,699,United Kingdom,2,5,4,254,Can't Lose Them,1,129.75,424,726,6.54,254.57,1
13516,21,4,1685.26,2010-10-18 08:52:00,2011-11-18 13:15:00,1114,United Kingdom,4,3,4,434,Loyal,2,421.32,396,418,3.49,441.12,0
13566,41,5,1684.75,2010-03-10 12:22:00,2011-10-30 11:59:00,1250,United Kingdom,4,4,4,444,Champions,1,336.95,598,640,2.85,288.09,0
15911,624,8,1683.79,2009-12-09 13:26:00,2010-03-26 12:06:00,784,United Kingdom,1,4,4,144,Can't Lose Them,1,210.47,106,730,4.0,252.56,1
15976,165,6,1680.31,2010-06-06 14:01:00,2011-06-27 13:00:00,1044,United Kingdom,3,4,4,344,Loyal,1,280.05,385,551,3.97,333.54,0
14643,170,5,1679.89,2009-12-11 11:52:00,2011-06-22 14:41:00,1377,United Kingdom,3,4,4,344,Loyal,1,335.98,558,729,2.5,251.98,0
15551,37,7,1679.81,2010-06-07 15:05:00,2011-11-03 12:37:00,796,United Kingdom,4,4,4,444,Champions,1,239.97,513,550,4.65,334.76,0
13800,310,3,1679.56,2009-12-03 10:03:00,2011-02-03 12:27:00,891,United Kingdom,2,3,4,234,At Risk,1,559.85,427,737,1.49,250.25,1
12870,375,3,1676.95,2010-03-25 14:32:00,2010-11-29 13:42:00,906,United Kingdom,2,3,4,234,At Risk,1,558.98,248,624,1.75,293.46,1
14831,680,3,1676.57,2009-12-02 09:21:00,2010-01-28 14:31:00,885,United Kingdom,1,3,4,134,At Risk,1,558.86,57,738,1.48,248.13,1
13149,14,4,1676.06,2011-02-23 13:57:00,2011-11-25 13:09:00,1280,United Kingdom,5,3,4,534,Loyal,2,419.02,274,289,5.05,634.82,0
17656,73,5,1674.69,2011-08-03 10:45:00,2011-09-27 13:04:00,1399,United Kingdom,3,4,4,344,Loyal,1,334.94,55,129,14.15,1421.82,0
13587,64,4,1673.5,2010-02-14 13:17:00,2011-10-07 12:31:00,664,United Kingdom,3,3,4,334,Loyal,1,418.38,599,663,2.2,276.13,0
13308,23,4,1670.3700000000001,2010-04-22 09:22:00,2011-11-17 09:31:00,1073,United Kingdom,4,3,4,434,Loyal,2,417.59,574,597,2.45,306.93,0
13417,5,6,1669.49,2010-02-08 12:39:00,2011-12-05 08:49:00,532,United Kingdom,5,4,4,544,Champions,2,278.25,664,670,3.27,272.96,0
17534,54,5,1668.83,2010-02-25 16:55:00,2011-10-17 12:47:00,860,United Kingdom,4,4,4,444,Champions,1,333.77,598,652,2.8,280.37,0
12385,379,1,1668.4,2010-11-25 15:14:00,2010-11-25 15:14:00,594,Belgium,2,1,4,214,Hibernating / Lost,1,1668.4,0,379,0.96,480.5,1
13184,15,10,1667.95,2011-02-22 17:25:00,2011-11-25 12:02:00,1661,United Kingdom,5,5,4,554,Champions,0,166.8,275,290,12.59,630.0,0
13434,74,5,1666.8600000000001,2010-02-22 09:54:00,2011-09-26 14:30:00,864,United Kingdom,3,4,4,344,Loyal,1,333.37,581,656,2.78,278.03,0
13064,13,6,1666.8400000000001,2010-04-27 10:08:00,2011-11-27 12:31:00,668,United Kingdom,5,4,4,544,Champions,2,277.81,579,592,3.7,308.37,0
15192,120,5,1666.39,2010-01-29 10:13:00,2011-08-12 11:41:00,1448,United Kingdom,3,4,4,344,Loyal,1,333.28,560,680,2.68,267.96,0
17321,8,6,1665.21,2010-05-11 12:10:00,2011-12-01 13:41:00,790,United Kingdom,5,4,4,544,Champions,2,277.54,569,578,3.79,315.56,0
16329,428,4,1664.92,2009-12-01 11:34:00,2010-10-08 12:44:00,797,United Kingdom,1,4,4,144,Can't Lose Them,1,416.23,311,739,1.98,247.24,1
12694,70,3,1663.35,2010-10-14 19:39:00,2011-09-30 13:06:00,1345,France,3,3,4,334,Loyal,1,554.45,350,421,2.6,432.47,0
12912,3,5,1662.3,2011-10-30 11:35:00,2011-12-07 08:55:00,670,United Kingdom,5,4,4,544,Champions,2,332.46,37,41,44.51,4439.34,0
15214,2,8,1661.44,2011-04-11 09:46:00,2011-12-08 12:07:00,1254,United Kingdom,5,4,4,544,Champions,0,207.68,241,243,12.02,748.89,0
15649,336,4,1660.35,2010-11-17 16:22:00,2011-01-07 13:34:00,365,United Kingdom,2,3,4,234,At Risk,1,415.09,50,387,3.77,469.47,1
14583,6,8,1660.29,2010-03-28 15:16:00,2011-12-04 12:32:00,1071,United Kingdom,5,4,4,544,Champions,0,207.54,615,621,4.7,292.63,0
12348,75,5,1658.3999999999999,2010-09-27 14:59:00,2011-09-25 13:13:00,2704,Finland,3,4,4,344,Loyal,1,331.68,362,438,4.17,414.93,0
18276,44,6,1656.52,2009-12-10 17:14:00,2011-10-27 10:54:00,1246,United Kingdom,4,4,4,444,Champions,1,276.09,685,729,3.0,248.48,0
17041,27,6,1655.2,2010-04-18 14:25:00,2011-11-13 11:21:00,1303,United Kingdom,4,4,4,444,Champions,2,275.87,573,600,3.65,302.08,0
16625,275,5,1654.03,2010-06-14 11:56:00,2011-03-10 12:50:00,1057,United Kingdom,2,4,4,244,Can't Lose Them,1,330.81,269,544,3.35,332.46,1
16813,8,10,1652.18,2011-05-19 13:28:00,2011-12-01 14:03:00,1501,United Kingdom,5,5,4,554,Champions,0,165.22,196,204,17.89,886.74,0
12911,552,1,1651.72,2010-06-06 12:13:00,2010-06-06 12:13:00,807,United Kingdom,1,1,4,114,Hibernating / Lost,3,1651.72,0,552,0.66,327.04,1
16634,223,6,1649.81,2010-01-21 09:30:00,2011-05-01 12:09:00,1257,United Kingdom,2,4,4,244,Can't Lose Them,1,274.97,465,688,3.18,262.32,1
12528,9,6,1645.48,2011-01-31 09:05:00,2011-11-30 14:40:00,740,Germany,5,4,4,544,Champions,2,274.25,303,313,7.0,575.92,0
14420,99,4,1639.17,2010-01-17 12:41:00,2011-09-01 18:07:00,1120,United Kingdom,3,3,4,334,Loyal,1,409.79,592,692,2.11,259.4,0
18096,12,6,1638.16,2010-07-14 14:30:00,2011-11-28 12:44:00,1380,United Kingdom,5,4,4,544,Champions,2,273.03,501,513,4.27,349.75,0
12933,24,8,1636.6299999999999,2009-12-10 16:39:00,2011-11-15 16:38:00,949,United Kingdom,4,4,4,444,Champions,0,204.58,704,729,4.01,246.11,0
17006,5,8,1635.27,2010-03-05 13:33:00,2011-12-05 12:09:00,572,United Kingdom,5,5,4,554,Champions,0,204.41,639,644,4.53,277.79,0
15310,479,1,1634.64,2010-08-18 11:38:00,2010-08-18 11:38:00,1476,United Kingdom,1,1,4,114,Hibernating / Lost,3,1634.64,0,479,0.76,372.7,1
18062,173,6,1632.67,2010-04-21 08:55:00,2011-06-19 14:47:00,831,United Kingdom,3,4,4,344,Loyal,1,272.11,424,598,3.66,298.78,0
14164,71,2,1631.77,2011-09-20 12:18:00,2011-09-30 12:24:00,1033,United Kingdom,3,2,4,324,Needs Attention,1,815.88,10,81,9.01,2205.32,0
18136,63,5,1631.3600000000001,2010-09-14 15:50:00,2011-10-07 15:40:00,860,United Kingdom,3,4,4,344,Loyal,1,326.27,387,451,4.05,396.42,0
14904,2,4,1630.49,2010-10-08 12:48:00,2011-12-07 12:55:00,2522,United Kingdom,5,3,4,534,Loyal,2,407.62,425,428,3.41,417.0,0
17571,50,5,1629.66,2010-06-15 12:50:00,2011-10-20 15:57:00,990,United Kingdom,4,4,4,444,Champions,1,325.93,492,543,3.36,328.54,0
16256,267,3,1629.37,2010-04-21 10:34:00,2011-03-18 12:18:00,1590,United Kingdom,2,3,4,234,At Risk,1,543.12,331,598,1.83,298.17,1
13554,380,7,1629.35,2010-09-19 12:39:00,2010-11-24 15:05:00,578,United Kingdom,2,4,4,244,Can't Lose Them,1,232.76,66,447,5.72,399.42,1
12383,185,5,1628.56,2010-12-22 14:28:00,2011-06-08 08:02:00,1518,Belgium,3,4,4,344,Loyal,1,325.71,167,352,5.18,506.15,1
15167,321,5,1627.62,2010-02-04 14:13:00,2011-01-23 12:41:00,863,United Kingdom,2,4,4,244,Can't Lose Them,1,325.52,352,673,2.71,264.65,1
14759,5,3,1625.97,2011-04-21 10:55:00,2011-12-05 12:03:00,569,United Kingdom,5,3,4,534,Loyal,2,541.99,228,233,4.7,764.21,0
13154,399,3,1624.84,2009-12-04 08:46:00,2010-11-05 16:00:00,976,United Kingdom,2,3,4,234,At Risk,1,541.61,336,736,1.49,242.1,1
15172,9,5,1624.05,2011-04-17 11:56:00,2011-12-01 11:51:00,1611,United Kingdom,5,4,4,544,Champions,2,324.81,227,237,7.7,750.31,0
14937,57,3,1621.88,2011-08-01 14:16:00,2011-10-14 12:29:00,484,Channel Islands,4,3,4,434,Loyal,1,540.63,73,130,8.42,1365.63,0
12813,502,3,1621.8,2010-01-15 16:52:00,2010-07-26 09:50:00,1134,Netherlands,1,3,4,134,At Risk,1,540.6,191,693,1.58,256.24,1
15422,323,7,1619.97,2010-02-07 11:52:00,2011-01-20 16:17:00,710,United Kingdom,2,4,4,244,Can't Lose Them,1,231.42,347,671,3.81,264.51,1
16224,57,5,1616.54,2010-11-17 13:14:00,2011-10-13 17:51:00,1555,United Kingdom,4,4,4,444,Champions,1,323.31,330,387,4.72,457.81,0
14336,17,4,1614.91,2011-03-08 16:48:00,2011-11-23 11:40:00,1759,United Kingdom,5,3,4,534,Loyal,2,403.73,259,276,5.29,640.72,0
12577,35,8,1613.15,2009-12-03 19:31:00,2011-11-04 13:24:00,1190,France,4,4,4,444,Champions,1,201.64,700,736,3.97,240.15,0
15013,488,10,1610.82,2010-01-31 12:15:00,2010-08-09 12:05:00,1715,United Kingdom,1,5,4,154,Can't Lose Them,1,161.08,189,678,5.38,259.98,1
16860,453,3,1610.62,2010-02-15 13:46:00,2010-09-13 10:05:00,625,United Kingdom,1,3,4,134,At Risk,1,536.87,209,662,1.65,265.75,1
13900,183,6,1610.59,2010-03-25 13:46:00,2011-06-09 19:26:00,938,United Kingdom,3,4,4,344,Loyal,1,268.43,441,624,3.51,282.66,1
17814,375,2,1609.37,2010-10-13 14:03:00,2010-11-29 14:21:00,1435,United Kingdom,2,3,4,234,At Risk,1,804.68,47,422,1.73,417.63,1
12847,22,2,1609.0,2010-11-17 12:44:00,2011-11-17 13:16:00,1497,United Kingdom,4,2,4,424,New / Promising,2,804.5,365,388,1.88,453.74,0
13249,92,9,1608.93,2010-01-24 12:11:00,2011-09-08 13:26:00,1246,United Kingdom,3,5,4,354,Loyal,1,178.77,592,685,4.8,257.43,0
14920,213,3,1607.17,2010-05-23 15:25:00,2011-05-11 10:32:00,886,United Kingdom,2,3,4,234,At Risk,1,535.72,352,565,1.94,311.79,1
12947,144,6,1603.99,2010-12-01 16:21:00,2011-07-19 10:06:00,1165,United Kingdom,3,4,4,344,Loyal,1,267.33,229,373,5.87,470.77,0
17515,31,9,1602.51,2010-06-07 13:29:00,2011-11-08 14:04:00,527,United Kingdom,4,5,4,454,Champions,0,178.06,519,550,5.97,318.91,0
15325,104,8,1601.46,2010-02-16 13:30:00,2011-08-28 11:55:00,1382,United Kingdom,3,4,4,344,Loyal,1,200.18,557,661,4.42,265.44,0
14885,132,3,1598.12,2010-08-31 10:11:00,2011-07-31 12:05:00,1308,United Kingdom,3,3,4,334,Loyal,1,532.71,334,466,2.35,375.56,0
12514,267,2,1597.76,2010-03-08 12:18:00,2011-03-17 16:38:00,840,Italy,2,2,4,224,Hibernating / Lost,1,798.88,374,642,1.14,273.22,1
17853,407,3,1596.29,2009-12-03 15:09:00,2010-10-28 15:29:00,625,United Kingdom,2,3,4,234,At Risk,1,532.1,329,736,1.49,237.85,1
15134,15,10,1596.29,2010-10-13 12:44:00,2011-11-25 08:55:00,1057,United Kingdom,5,5,4,554,Champions,0,159.63,407,423,8.63,413.28,0
13850,129,1,1595.48,2011-08-02 14:04:00,2011-08-02 14:04:00,944,United Kingdom,3,1,4,314,Needs Attention,1,1595.48,0,129,2.83,1354.56,0
13239,262,5,1594.69,2010-07-25 13:34:00,2011-03-23 10:25:00,1151,United Kingdom,2,4,4,244,Can't Lose Them,1,318.94,240,502,3.64,348.28,1
16801,163,4,1594.23,2011-03-11 13:56:00,2011-06-29 15:33:00,493,United Kingdom,3,4,4,344,Loyal,1,398.56,110,273,5.35,639.69,0
17028,581,3,1593.83,2009-12-18 14:28:00,2010-05-07 15:33:00,856,United Kingdom,1,3,4,134,At Risk,1,531.28,140,721,1.52,242.26,1
15289,29,5,1593.09,2010-03-28 11:45:00,2011-11-10 13:49:00,1627,United Kingdom,4,4,4,444,Champions,2,318.62,592,622,2.93,280.07,0
17540,25,6,1590.6000000000001,2010-04-19 09:47:00,2011-11-15 11:56:00,588,United Kingdom,4,4,4,444,Champions,2,265.1,575,600,3.65,290.28,0
16092,115,6,1587.94,2010-05-09 16:10:00,2011-08-17 10:46:00,1188,United Kingdom,3,4,4,344,Loyal,1,264.66,464,579,3.78,300.12,0
17345,15,10,1586.6299999999999,2009-12-01 16:17:00,2011-11-24 15:03:00,2008,United Kingdom,5,5,4,554,Champions,0,158.66,722,738,4.95,235.61,0
13156,385,3,1586.54,2010-02-01 13:45:00,2010-11-19 13:09:00,914,United Kingdom,2,3,4,234,At Risk,1,528.85,290,676,1.62,257.02,1
16096,264,4,1584.97,2010-03-04 15:44:00,2011-03-20 13:38:00,700,United Kingdom,2,4,4,244,Can't Lose Them,1,396.24,380,645,2.26,268.65,1
13740,241,5,1582.77,2009-12-02 12:22:00,2011-04-13 10:32:00,987,United Kingdom,2,4,4,244,Can't Lose Them,1,316.55,496,738,2.47,234.56,1
14719,2,5,1581.84,2011-04-04 14:17:00,2011-12-08 12:43:00,1025,United Kingdom,5,4,4,544,Champions,2,316.37,247,249,7.33,695.7,0
15279,355,5,1580.54,2010-02-02 10:15:00,2010-12-20 10:48:00,802,United Kingdom,2,4,4,244,Can't Lose Them,1,316.11,321,676,2.7,256.05,1
13202,394,7,1580.3,2009-12-09 10:48:00,2010-11-10 16:24:00,572,United Kingdom,2,4,4,244,Can't Lose Them,1,225.76,336,731,3.5,237.05,1
14587,19,9,1580.29,2011-01-12 13:16:00,2011-11-21 11:34:00,749,United Kingdom,5,5,4,554,Champions,0,175.59,312,331,9.92,522.56,0
14178,9,7,1580.26,2011-06-10 12:51:00,2011-12-01 12:01:00,1492,United Kingdom,5,4,4,544,Champions,2,225.75,173,182,14.04,950.86,0
13752,124,7,1579.8300000000002,2010-06-30 10:23:00,2011-08-07 14:16:00,1005,United Kingdom,3,4,4,344,Loyal,1,225.69,403,528,4.84,327.7,0
12607,60,1,1579.51,2011-10-10 16:06:00,2011-10-10 16:06:00,1228,USA,3,1,4,314,Needs Attention,2,1579.51,0,60,6.08,2881.03,0
17649,138,3,1578.89,2010-08-24 13:01:00,2011-07-24 15:53:00,723,United Kingdom,3,3,4,334,Loyal,1,526.3,334,472,2.32,366.3,0
13186,40,3,1575.89,2011-08-03 09:09:00,2011-10-31 11:40:00,820,United Kingdom,4,3,4,434,Loyal,2,525.3,89,129,8.49,1337.94,0
13337,546,1,1575.26,2010-06-11 13:27:00,2010-06-11 13:27:00,980,United Kingdom,1,1,4,114,Hibernating / Lost,3,1575.26,0,546,0.67,316.63,1
14489,207,4,1574.93,2010-04-06 09:52:00,2011-05-16 14:51:00,1011,United Kingdom,2,3,4,234,At Risk,1,393.73,405,613,2.38,281.12,1
16099,50,7,1573.2,2010-03-03 11:13:00,2011-10-20 13:13:00,960,United Kingdom,4,4,4,444,Champions,1,224.74,596,647,3.95,266.32,0
17886,32,6,1572.55,2010-04-29 11:10:00,2011-11-08 10:09:00,711,United Kingdom,4,4,4,444,Champions,2,262.09,557,590,3.71,291.71,0
14136,401,5,1570.81,2009-12-08 09:19:00,2010-11-04 11:53:00,1148,United Kingdom,2,4,4,244,Can't Lose Them,1,314.16,331,732,2.49,234.68,1
12549,576,5,1570.68,2010-01-11 12:29:00,2010-05-13 12:05:00,1365,USA,1,4,4,144,Can't Lose Them,1,314.14,121,698,2.61,245.97,1
14198,18,9,1569.73,2010-01-05 10:07:00,2011-11-21 16:35:00,623,United Kingdom,5,5,4,554,Champions,0,174.41,685,704,4.67,244.35,0
13539,86,7,1569.3600000000001,2010-04-28 12:04:00,2011-09-15 10:18:00,710,United Kingdom,3,4,4,344,Loyal,1,224.19,504,591,4.32,290.55,0
17624,15,4,1568.63,2009-12-20 12:35:00,2011-11-25 10:52:00,958,United Kingdom,5,4,4,544,Champions,2,392.16,704,720,2.03,238.83,0
16774,68,8,1567.48,2010-02-16 16:53:00,2011-10-03 12:41:00,774,United Kingdom,3,5,4,354,Loyal,1,195.94,593,661,4.42,259.82,0
17222,65,6,1563.6100000000001,2010-01-10 15:24:00,2011-10-05 13:58:00,855,United Kingdom,3,4,4,344,Loyal,1,260.6,632,698,3.14,245.49,0
12494,16,9,1563.27,2010-05-12 13:52:00,2011-11-24 09:34:00,965,France,5,5,4,554,Champions,0,173.7,560,576,5.7,297.03,0
17235,25,8,1562.98,2010-06-04 17:01:00,2011-11-14 15:51:00,845,United Kingdom,4,5,4,454,Champions,0,195.37,527,553,5.28,309.47,0
13939,23,7,1560.96,2010-04-06 12:43:00,2011-11-16 13:33:00,1608,United Kingdom,4,4,4,444,Champions,2,222.99,589,613,4.17,278.96,0
17867,30,14,1560.72,2009-12-02 13:39:00,2011-11-09 14:15:00,636,United Kingdom,4,5,4,454,Champions,0,111.48,707,737,6.93,231.77,0
15466,85,4,1560.46,2009-12-03 12:28:00,2011-09-15 14:08:00,941,United Kingdom,3,3,4,334,Loyal,1,390.12,651,737,1.98,231.73,0
14236,81,5,1555.34,2010-07-22 14:27:00,2011-09-20 09:13:00,774,United Kingdom,3,4,4,344,Loyal,1,311.07,424,505,3.61,336.89,0
16394,57,5,1555.34,2011-02-23 10:58:00,2011-10-14 09:48:00,2604,United Kingdom,4,4,4,444,Champions,1,311.07,232,290,6.29,586.99,0
18149,51,7,1553.96,2010-03-14 12:41:00,2011-10-20 12:04:00,869,United Kingdom,4,4,4,444,Champions,1,221.99,584,636,4.02,267.72,0
13360,432,4,1553.65,2010-01-08 11:16:00,2010-10-04 12:37:00,942,United Kingdom,1,3,4,134,At Risk,1,388.41,269,701,2.08,242.37,1
15074,105,3,1553.1299999999999,2010-08-29 11:47:00,2011-08-26 14:45:00,1039,United Kingdom,3,3,4,334,Loyal,1,517.71,362,468,2.34,363.43,0
13377,397,2,1552.88,2010-03-04 10:06:00,2010-11-08 12:20:00,748,United Kingdom,2,2,4,224,Hibernating / Lost,1,776.44,249,646,1.13,263.21,1
17851,422,6,1552.35,2009-12-03 17:46:00,2010-10-13 15:13:00,933,United Kingdom,1,4,4,144,Can't Lose Them,1,258.72,313,736,2.98,231.3,1
14078,102,9,1551.82,2010-03-28 15:05:00,2011-08-30 12:16:00,585,United Kingdom,3,5,4,354,Loyal,1,172.42,519,621,5.29,273.63,0
12775,17,7,1551.12,2010-10-26 14:24:00,2011-11-22 16:33:00,1074,Netherlands,5,4,4,544,Champions,2,221.59,392,409,6.25,415.48,0
14987,16,8,1550.6499999999999,2009-12-02 14:56:00,2011-11-24 09:59:00,607,United Kingdom,5,4,4,544,Champions,0,193.83,721,737,3.96,230.27,0
14186,427,5,1550.63,2010-03-05 11:17:00,2010-10-08 13:30:00,1550,United Kingdom,1,4,4,144,Can't Lose Them,1,310.13,217,645,2.83,263.3,1
16366,19,4,1548.1299999999999,2009-12-16 10:39:00,2011-11-21 08:19:00,882,United Kingdom,5,4,4,544,Champions,2,387.03,704,724,2.02,234.54,0
17454,192,10,1547.94,2010-01-15 15:40:00,2011-05-31 13:58:00,727,United Kingdom,2,5,4,254,Can't Lose Them,1,154.79,500,693,5.27,244.72,1
14754,45,6,1547.93,2010-01-18 11:04:00,2011-10-26 12:01:00,1010,United Kingdom,4,4,4,444,Champions,1,257.99,646,691,3.17,245.35,0
17323,15,12,1547.64,2010-01-10 11:58:00,2011-11-24 17:29:00,1422,United Kingdom,5,5,4,554,Champions,0,128.97,683,699,6.27,242.59,0
16790,4,6,1545.6200000000001,2011-11-02 11:23:00,2011-12-06 11:53:00,898,United Kingdom,5,4,4,544,Champions,2,257.6,34,38,57.63,4453.65,0
16017,47,5,1545.58,2010-01-05 12:06:00,2011-10-23 12:56:00,635,United Kingdom,4,4,4,444,Champions,1,309.12,656,704,2.59,240.19,0
18036,32,11,1545.49,2009-12-18 12:04:00,2011-11-07 14:40:00,741,United Kingdom,4,5,4,454,Champions,0,140.5,689,722,5.56,234.35,0
15732,212,10,1543.97,2010-02-04 10:10:00,2011-05-11 14:24:00,1264,United Kingdom,2,5,4,254,Can't Lose Them,1,154.4,461,674,5.42,251.05,1
16915,9,11,1543.18,2010-05-19 13:32:00,2011-11-30 16:39:00,190,United Kingdom,5,5,4,554,Champions,0,140.29,560,569,7.06,297.13,0
13783,488,4,1542.09,2010-02-04 13:47:00,2010-08-09 09:23:00,3437,United Kingdom,1,3,4,134,At Risk,1,385.52,185,673,2.17,250.97,1
12778,20,9,1541.68,2010-04-16 09:57:00,2011-11-20 11:30:00,1720,Netherlands,4,5,4,454,Champions,0,171.3,583,603,5.45,280.08,0
13310,28,5,1541.2,2010-11-02 17:03:00,2011-11-11 17:23:00,816,United Kingdom,4,4,4,444,Champions,2,308.24,374,402,4.54,419.82,0
16461,178,3,1539.83,2010-03-03 13:57:00,2011-06-15 12:07:00,927,United Kingdom,3,3,4,334,Loyal,1,513.28,468,646,1.7,261.77,0
15987,12,8,1535.99,2010-11-25 12:56:00,2011-11-27 15:38:00,1599,United Kingdom,5,5,4,554,Champions,0,192.0,367,379,7.7,443.52,0
15798,493,3,1535.37,2010-01-27 11:55:00,2010-08-04 09:13:00,915,United Kingdom,1,3,4,134,At Risk,1,511.79,188,682,1.61,247.19,1
17837,42,8,1535.33,2011-06-29 16:44:00,2011-10-28 16:13:00,508,United Kingdom,4,5,4,454,Champions,1,191.92,120,163,17.91,1031.19,0
14695,519,3,1534.22,2009-12-07 11:05:00,2010-07-08 14:18:00,661,United Kingdom,1,3,4,134,At Risk,1,511.41,213,733,1.49,228.6,1
18252,51,7,1533.69,2009-12-18 16:13:00,2011-10-20 12:43:00,932,United Kingdom,4,4,4,444,Champions,1,219.1,670,721,3.54,232.68,0
16491,47,2,1533.16,2010-10-22 15:42:00,2011-10-24 10:18:00,1060,United Kingdom,4,2,4,424,New / Promising,2,766.58,366,413,1.77,407.05,0
14567,57,2,1530.3600000000001,2011-08-01 13:48:00,2011-10-14 10:21:00,412,United Kingdom,4,2,4,424,New / Promising,2,765.18,73,130,5.62,1290.09,0
15701,2,4,1529.0,2011-08-21 12:36:00,2011-12-07 14:39:00,912,United Kingdom,5,3,4,534,Loyal,2,382.25,108,111,13.15,1507.98,0
17990,237,6,1527.6100000000001,2009-12-07 15:19:00,2011-04-17 11:44:00,777,United Kingdom,2,4,4,244,Can't Lose Them,1,254.6,495,732,2.99,228.38,1
15149,134,4,1524.6100000000001,2010-02-28 11:13:00,2011-07-29 10:58:00,379,United Kingdom,3,3,4,334,Loyal,1,381.15,515,650,2.25,257.28,0
12926,411,4,1523.59,2009-12-14 14:35:00,2010-10-24 15:57:00,752,United Kingdom,1,3,4,134,At Risk,1,380.9,314,725,2.01,229.68,1
16244,212,2,1522.75,2010-12-02 11:41:00,2011-05-12 10:18:00,855,United Kingdom,2,2,4,224,Hibernating / Lost,1,761.38,160,373,1.96,447.69,1
15587,50,7,1522.0800000000002,2010-08-05 08:44:00,2011-10-20 13:37:00,528,United Kingdom,4,4,4,444,Champions,1,217.44,441,492,5.19,338.55,0
16066,17,5,1521.04,2011-08-07 14:33:00,2011-11-23 11:54:00,935,United Kingdom,5,4,4,544,Champions,2,304.21,107,124,14.72,1343.39,0
14055,106,3,1520.96,2009-12-16 15:11:00,2011-08-25 15:04:00,720,United Kingdom,3,3,4,334,Loyal,1,506.99,616,723,1.51,229.67,0
14264,155,6,1517.3600000000001,2010-04-07 13:21:00,2011-07-08 10:20:00,553,United Kingdom,3,4,4,344,Loyal,1,252.89,456,611,3.58,271.6,0
14068,320,4,1516.72,2010-01-31 10:10:00,2011-01-23 16:02:00,510,United Kingdom,2,3,4,234,At Risk,1,379.18,357,678,2.15,244.57,1
14267,163,3,1516.24,2011-03-24 11:38:00,2011-06-30 10:09:00,530,United Kingdom,3,3,4,334,Loyal,1,505.41,97,261,4.2,636.82,0
13791,128,2,1516.0,2011-06-24 16:38:00,2011-08-04 11:44:00,1200,United Kingdom,3,2,4,324,Needs Attention,1,758.0,40,168,4.35,989.19,0
14220,247,4,1515.0,2010-05-19 13:26:00,2011-04-06 13:23:00,468,United Kingdom,2,3,4,234,At Risk,1,378.75,321,569,2.57,292.02,1
14682,188,6,1514.81,2010-02-05 14:47:00,2011-06-05 12:12:00,949,United Kingdom,2,4,4,244,Can't Lose Them,1,252.47,484,672,3.26,246.92,1
17764,51,5,1513.57,2009-12-03 14:28:00,2011-10-20 11:03:00,674,United Kingdom,4,4,4,444,Champions,1,302.71,685,736,2.48,225.22,0
17610,540,5,1511.94,2009-12-06 16:07:00,2010-06-17 16:34:00,893,United Kingdom,1,4,4,144,Can't Lose Them,1,302.39,193,733,2.49,225.89,1
17977,29,2,1511.45,2010-11-04 14:26:00,2011-11-10 13:28:00,1948,United Kingdom,4,3,4,434,Loyal,2,755.72,370,400,1.83,414.89,0
12369,413,3,1511.15,2010-03-08 08:09:00,2010-10-22 13:13:00,1234,Austria,1,3,4,134,At Risk,1,503.72,228,642,1.71,258.41,1
12784,15,2,1511.15,2010-06-28 13:06:00,2011-11-24 12:53:00,853,Portugal,5,2,4,524,New / Promising,2,755.58,513,529,1.38,312.81,0
16037,270,5,1509.34,2010-03-01 12:31:00,2011-03-15 09:13:00,766,United Kingdom,2,4,4,244,Can't Lose Them,1,301.87,378,649,2.81,254.48,1
15948,8,3,1509.0900000000001,2010-10-11 12:16:00,2011-12-01 15:32:00,852,United Kingdom,5,3,4,534,Loyal,2,503.03,416,425,2.58,389.35,0
16910,4,8,1508.96,2011-09-09 14:14:00,2011-12-05 12:51:00,884,United Kingdom,5,5,4,554,Champions,0,188.62,86,91,32.09,1815.84,0
13158,95,5,1508.18,2010-11-16 17:12:00,2011-09-06 11:58:00,992,United Kingdom,3,4,4,344,Loyal,1,301.64,293,388,4.7,425.31,0
12507,134,4,1508.06,2010-05-04 09:23:00,2011-07-28 17:09:00,1244,Spain,3,3,4,334,Loyal,1,377.02,450,585,2.5,282.76,0
15261,135,4,1508.0,2010-10-01 11:59:00,2011-07-27 15:20:00,806,United Kingdom,3,3,4,334,Loyal,1,377.0,299,435,3.36,380.02,0
17179,178,6,1507.26,2010-05-26 11:22:00,2011-06-14 16:48:00,625,United Kingdom,3,4,4,344,Loyal,1,251.21,384,563,3.89,293.16,0
12407,50,5,1507.1200000000001,2011-03-20 13:21:00,2011-10-21 10:11:00,1403,Belgium,4,4,4,444,Champions,1,301.42,214,264,6.91,624.84,0
18022,36,5,1506.62,2010-06-11 13:59:00,2011-11-04 12:45:00,1308,United Kingdom,4,4,4,444,Champions,2,301.32,510,546,3.34,301.92,0
15110,24,6,1505.8500000000001,2010-08-11 15:49:00,2011-11-16 11:16:00,337,United Kingdom,4,4,4,444,Champions,2,250.98,461,485,4.52,340.33,0
16450,150,3,1505.73,2010-02-21 15:46:00,2011-07-13 11:47:00,681,United Kingdom,3,3,4,334,Loyal,1,501.91,506,656,1.67,251.46,0
12458,71,4,1502.49,2010-08-09 10:33:00,2011-09-29 15:25:00,979,Switzerland,3,3,4,334,Loyal,1,375.62,416,488,2.99,336.93,0
15590,382,5,1496.6,2010-04-12 10:09:00,2010-11-22 14:49:00,832,United Kingdom,2,4,4,244,Can't Lose Them,1,299.32,224,607,3.01,270.29,1
16340,107,3,1496.24,2010-06-06 13:26:00,2011-08-24 14:53:00,1319,United Kingdom,3,3,4,334,Loyal,1,498.75,444,551,1.99,297.75,0
15173,381,7,1494.6,2010-04-01 12:26:00,2010-11-24 10:21:00,840,United Kingdom,2,4,4,244,Can't Lose Them,1,213.51,236,618,4.13,264.54,1
14894,85,3,1492.81,2009-12-02 10:42:00,2011-09-15 13:51:00,603,United Kingdom,3,3,4,334,Loyal,1,497.6,652,738,1.48,220.93,0
16239,57,6,1492.2,2010-09-02 19:17:00,2011-10-14 08:29:00,692,United Kingdom,4,4,4,444,Champions,1,248.7,406,463,4.73,352.91,0
16314,390,3,1491.4,2010-08-24 11:52:00,2010-11-15 12:06:00,636,United Kingdom,2,3,4,234,At Risk,1,497.13,83,473,2.32,346.0,1
18268,134,6,1490.23,2009-12-11 10:27:00,2011-07-28 19:13:00,711,United Kingdom,3,4,4,344,Loyal,1,248.37,594,729,3.0,223.53,0
13042,598,3,1488.59,2009-12-07 15:42:00,2010-04-20 13:43:00,812,United Kingdom,1,3,4,134,At Risk,1,496.2,133,732,1.5,223.29,1
14609,72,10,1486.2,2010-02-09 09:48:00,2011-09-28 12:54:00,12720,United Kingdom,3,5,4,354,Loyal,1,148.62,596,669,5.46,243.44,0
16654,141,8,1484.07,2010-04-06 13:29:00,2011-07-21 15:23:00,640,United Kingdom,3,5,4,354,Loyal,1,185.51,471,612,4.77,265.46,0
16714,317,3,1482.33,2010-02-07 11:17:00,2011-01-26 13:46:00,827,United Kingdom,2,3,4,234,At Risk,1,494.11,353,671,1.63,241.62,1
15630,45,3,1481.4,2010-03-05 14:30:00,2011-10-25 15:36:00,987,United Kingdom,4,3,4,434,Loyal,2,493.8,599,644,1.7,251.84,0
15101,9,6,1477.94,2010-04-28 15:00:00,2011-12-01 10:18:00,676,United Kingdom,5,4,4,544,Champions,2,246.32,581,590,3.71,274.15,0
12381,5,3,1474.81,2011-08-12 09:57:00,2011-12-05 12:44:00,797,Norway,5,3,4,534,Loyal,2,491.6,115,120,9.12,1345.02,0
14246,111,3,1474.06,2011-04-08 08:25:00,2011-08-21 11:50:00,804,United Kingdom,3,3,4,334,Loyal,1,491.35,135,246,4.45,655.95,0
16907,29,9,1470.89,2010-07-01 17:30:00,2011-11-10 18:04:00,451,United Kingdom,4,5,4,454,Champions,0,163.43,497,526,6.25,306.43,0
12379,82,4,1470.22,2010-06-23 12:49:00,2011-09-19 10:09:00,805,Belgium,3,3,4,334,Loyal,1,367.56,452,535,2.73,301.03,0
17590,2,3,1466.77,2011-10-30 14:05:00,2011-12-07 12:55:00,821,United Kingdom,5,3,4,534,Loyal,2,488.92,37,40,27.38,4015.99,0
13500,23,4,1466.3,2010-11-03 13:16:00,2011-11-16 15:35:00,838,United Kingdom,4,3,4,434,Loyal,2,366.58,378,401,3.64,400.31,0
16419,113,8,1463.7,2010-02-09 13:26:00,2011-08-19 12:33:00,701,United Kingdom,3,5,4,354,Loyal,1,182.96,555,668,4.37,239.86,0
12882,9,2,1463.04,2011-11-06 11:22:00,2011-11-30 16:18:00,246,United Kingdom,5,2,4,524,New / Promising,2,731.52,24,34,21.47,4711.72,0
16586,249,3,1462.78,2010-03-14 11:24:00,2011-04-05 09:32:00,348,United Kingdom,2,3,4,234,At Risk,1,487.59,386,636,1.72,251.6,1
16835,128,6,1456.66,2010-05-19 08:41:00,2011-08-03 13:50:00,496,United Kingdom,3,4,4,344,Loyal,1,242.78,441,570,3.84,279.68,0
14829,29,7,1455.8700000000001,2010-09-29 13:14:00,2011-11-10 16:16:00,957,United Kingdom,4,4,4,444,Champions,2,207.98,407,436,5.86,365.63,0
15071,94,4,1455.56,2010-05-18 12:45:00,2011-09-07 11:43:00,416,United Kingdom,3,3,4,334,Loyal,1,363.89,476,571,2.56,279.47,0
13240,96,8,1455.39,2010-02-25 13:17:00,2011-09-04 14:08:00,707,United Kingdom,3,4,4,344,Loyal,1,181.92,556,652,4.48,244.5,0
18196,95,4,1455.27,2010-03-17 14:55:00,2011-09-05 16:22:00,1032,United Kingdom,3,4,4,344,Loyal,1,363.82,537,632,2.31,252.13,0
16569,3,5,1455.23,2009-12-16 15:05:00,2011-12-06 15:32:00,988,United Kingdom,5,4,4,544,Champions,2,291.05,720,723,2.52,220.03,0
13649,257,6,1453.68,2010-06-30 16:35:00,2011-03-28 11:51:00,782,United Kingdom,2,4,4,244,Can't Lose Them,1,242.28,270,527,4.16,302.37,1
12970,7,10,1452.54,2009-12-04 14:19:00,2011-12-02 14:30:00,952,United Kingdom,5,5,4,554,Champions,0,145.25,728,735,4.97,216.57,0
17259,148,6,1452.39,2010-02-22 13:38:00,2011-07-14 15:01:00,844,United Kingdom,3,4,4,344,Loyal,1,242.07,507,655,3.34,242.55,0
13165,46,3,1451.16,2010-10-22 17:04:00,2011-10-24 15:05:00,1736,United Kingdom,4,3,4,434,Loyal,2,483.72,366,413,2.65,384.56,0
13361,472,2,1450.5,2010-04-01 07:49:00,2010-08-24 14:56:00,324,United Kingdom,1,2,4,124,Hibernating / Lost,1,725.25,145,618,1.18,256.74,1
14657,18,6,1450.19,2010-09-30 19:57:00,2011-11-22 12:47:00,879,United Kingdom,5,4,4,544,Champions,2,241.7,417,435,5.03,364.73,0
16121,57,5,1450.04,2010-05-23 10:52:00,2011-10-13 12:59:00,879,United Kingdom,4,4,4,444,Champions,1,290.01,508,566,3.22,280.15,0
15876,409,2,1449.1399999999999,2010-09-17 15:26:00,2010-10-26 18:58:00,886,United Kingdom,2,2,4,224,Hibernating / Lost,1,724.57,39,448,1.63,354.31,1
15076,173,3,1447.74,2010-07-05 14:11:00,2011-06-20 08:23:00,866,United Kingdom,3,3,4,334,Loyal,1,482.58,349,522,2.1,304.03,0
17582,236,5,1446.95,2010-03-26 12:23:00,2011-04-17 13:18:00,603,United Kingdom,2,4,4,244,Can't Lose Them,1,289.39,387,624,2.92,253.51,1
13583,156,2,1445.03,2010-01-29 13:53:00,2011-07-07 10:40:00,1096,United Kingdom,3,2,4,324,Needs Attention,1,722.52,523,679,1.08,234.1,0
17073,18,4,1444.84,2011-08-22 14:37:00,2011-11-22 11:47:00,758,United Kingdom,5,4,4,544,Champions,2,361.21,91,109,13.39,1450.98,0
15636,90,4,1444.58,2010-05-19 11:37:00,2011-09-11 11:17:00,560,United Kingdom,3,3,4,334,Loyal,1,361.14,479,570,2.56,277.36,0
17175,44,4,1443.69,2011-02-16 14:56:00,2011-10-26 15:31:00,866,United Kingdom,4,4,4,444,Champions,2,360.92,252,296,4.93,533.8,0
17734,54,6,1442.32,2010-03-07 13:55:00,2011-10-17 12:33:00,741,United Kingdom,4,4,4,444,Champions,1,240.39,588,642,3.41,245.92,0
18106,330,6,1441.06,2010-01-15 11:36:00,2011-01-14 12:23:00,506,United Kingdom,2,4,4,244,Can't Lose Them,1,240.18,364,694,3.16,227.69,1
18066,75,3,1440.4,2010-10-20 11:42:00,2011-09-25 15:30:00,535,United Kingdom,3,3,4,334,Loyal,1,480.13,340,416,2.63,378.82,0
13543,634,2,1439.6100000000001,2010-01-21 14:30:00,2010-03-15 13:34:00,329,United Kingdom,1,2,4,124,Hibernating / Lost,1,719.8,52,687,1.06,228.9,1
16088,576,2,1437.43,2010-04-27 10:56:00,2010-05-13 10:16:00,373,United Kingdom,1,2,4,124,Hibernating / Lost,1,718.72,15,592,1.23,265.21,1
12398,46,1,1435.66,2011-10-25 10:27:00,2011-10-25 10:27:00,1389,Switzerland,4,1,4,414,New / Promising,2,1435.66,0,46,7.93,3415.44,0
16140,66,3,1433.46,2010-09-24 12:03:00,2011-10-05 12:15:00,1272,United Kingdom,3,3,4,334,Loyal,1,477.82,376,442,2.48,355.5,0
12389,403,3,1433.33,2010-02-22 10:15:00,2010-11-02 11:52:00,614,Australia,2,3,4,234,At Risk,1,477.78,253,656,1.67,239.37,1
17941,131,4,1433.28,2010-01-06 15:37:00,2011-08-01 08:30:00,1108,United Kingdom,3,4,4,344,Loyal,1,358.32,571,702,2.08,223.59,0
13531,205,6,1433.07,2009-12-03 15:20:00,2011-05-18 16:56:00,497,United Kingdom,2,4,4,244,Can't Lose Them,1,238.84,531,736,2.98,213.52,1
13475,191,4,1431.78,2011-02-14 12:36:00,2011-06-01 13:52:00,1012,United Kingdom,2,3,4,234,At Risk,1,357.94,107,299,4.88,524.02,1
15427,33,3,1430.54,2011-10-23 14:47:00,2011-11-06 14:29:00,967,United Kingdom,4,3,4,434,Loyal,2,476.85,13,47,23.3,3333.18,0
15468,51,3,1430.48,2010-11-12 09:39:00,2011-10-19 13:49:00,1400,United Kingdom,4,3,4,434,Loyal,2,476.83,341,393,2.79,399.11,0
14684,26,6,1430.03,2010-11-14 14:07:00,2011-11-14 11:33:00,1005,United Kingdom,4,4,4,444,Champions,2,238.34,364,390,5.62,401.84,0
13159,9,4,1429.35,2011-08-16 11:44:00,2011-12-01 11:20:00,1058,United Kingdom,5,3,4,534,Loyal,2,357.34,106,116,12.59,1349.67,0
12669,151,2,1427.73,2011-03-28 10:15:00,2011-07-12 09:54:00,1104,France,3,2,4,324,Needs Attention,1,713.86,105,257,2.84,608.21,0
17290,4,8,1427.48,2009-12-13 13:28:00,2011-12-06 12:38:00,995,United Kingdom,5,5,4,554,Champions,0,178.44,722,726,4.02,215.2,0
12657,11,4,1427.18,2011-09-22 11:40:00,2011-11-28 15:47:00,1032,France,5,3,4,534,Loyal,2,356.8,67,79,18.48,1978.1,0
14412,43,3,1426.19,2010-10-11 12:33:00,2011-10-28 10:45:00,1428,United Kingdom,4,3,4,434,Loyal,2,475.4,381,425,2.58,367.96,0
17411,12,5,1425.38,2009-12-03 12:02:00,2011-11-27 14:25:00,608,United Kingdom,5,4,4,544,Champions,2,285.08,724,737,2.48,212.1,0
13278,41,4,1425.35,2010-04-08 11:59:00,2011-10-30 11:49:00,1333,United Kingdom,4,3,4,434,Loyal,2,356.34,569,611,2.39,255.5,0
18221,22,6,1424.94,2010-11-14 15:46:00,2011-11-17 14:40:00,1000,United Kingdom,4,4,4,444,Champions,2,237.49,367,390,5.62,400.41,0
16980,255,3,1422.8300000000002,2010-10-07 14:05:00,2011-03-29 16:36:00,990,United Kingdom,2,3,4,234,At Risk,1,474.28,173,428,2.56,364.25,1
17438,254,5,1422.77,2010-03-08 16:53:00,2011-03-31 10:26:00,553,United Kingdom,2,4,4,244,Can't Lose Them,1,284.55,387,641,2.85,243.29,1
14071,4,8,1422.75,2011-03-20 11:33:00,2011-12-06 12:27:00,956,United Kingdom,5,4,4,544,Champions,0,177.84,261,265,11.02,587.94,0
15106,18,5,1422.52,2011-03-15 12:52:00,2011-11-22 09:16:00,1181,United Kingdom,5,4,4,544,Champions,2,284.5,251,269,6.78,578.67,0
16463,21,4,1422.4,2011-05-19 14:45:00,2011-11-18 14:01:00,1163,United Kingdom,4,4,4,444,Champions,2,355.6,182,204,7.16,763.83,0
14019,47,3,1421.61,2011-07-24 15:39:00,2011-10-24 10:13:00,1037,United Kingdom,4,3,4,434,Loyal,2,473.87,91,138,7.93,1127.34,0
15799,76,4,1421.34,2010-10-17 14:26:00,2011-09-25 12:46:00,1341,United Kingdom,3,3,4,334,Loyal,1,355.34,342,418,3.49,372.04,0
16173,16,6,1418.32,2011-09-02 15:23:00,2011-11-24 10:53:00,575,United Kingdom,5,4,4,544,Champions,2,236.39,82,98,22.35,1584.99,0
17856,2,4,1418.03,2011-03-03 11:40:00,2011-12-08 09:40:00,842,United Kingdom,5,4,4,544,Champions,2,354.51,279,282,5.18,550.91,0
15223,226,5,1417.95,2009-12-05 11:19:00,2011-04-28 11:31:00,385,United Kingdom,2,4,4,244,Can't Lose Them,1,283.59,509,735,2.48,210.99,1
12693,127,7,1415.02,2010-07-05 13:56:00,2011-08-04 17:51:00,520,Germany,3,4,4,344,Loyal,1,202.15,395,522,4.89,296.55,0
16245,24,3,1413.66,2011-03-28 09:30:00,2011-11-16 10:14:00,1014,United Kingdom,4,3,4,434,Loyal,2,471.22,233,257,4.26,602.22,0
17496,359,4,1412.89,2010-01-14 13:36:00,2010-12-16 08:39:00,675,United Kingdom,2,4,4,244,Can't Lose Them,1,353.22,335,694,2.1,222.53,1
15237,2,4,1412.32,2011-04-26 15:04:00,2011-12-08 09:46:00,1071,United Kingdom,5,3,4,534,Loyal,2,353.08,225,227,6.43,681.09,0
16848,53,4,1411.62,2010-10-03 11:01:00,2011-10-18 08:42:00,780,United Kingdom,4,4,4,444,Champions,1,352.9,379,433,3.37,356.78,0
15444,9,2,1411.21,2011-10-30 16:12:00,2011-11-30 17:37:00,759,United Kingdom,5,2,4,524,New / Promising,2,705.6,31,40,18.25,3863.16,0
17714,321,5,1410.18,2010-07-14 10:41:00,2011-01-23 10:32:00,608,United Kingdom,2,4,4,244,Can't Lose Them,1,282.04,192,514,3.55,300.37,1
16906,82,7,1410.07,2010-05-13 13:23:00,2011-09-19 11:49:00,589,United Kingdom,3,4,4,344,Loyal,1,201.44,493,575,4.44,268.32,0
17545,43,6,1409.8600000000001,2010-05-11 10:04:00,2011-10-27 14:04:00,682,United Kingdom,4,4,4,444,Champions,1,234.98,534,578,3.79,267.17,0
16854,417,2,1408.96,2010-03-09 14:32:00,2010-10-18 16:31:00,997,United Kingdom,1,3,4,134,At Risk,1,704.48,223,640,1.14,240.93,1
13049,64,4,1408.24,2010-11-03 15:39:00,2011-10-06 15:31:00,620,United Kingdom,3,3,4,334,Loyal,1,352.06,336,401,3.64,384.45,0
15889,157,8,1407.05,2009-12-10 12:21:00,2011-07-06 11:10:00,793,United Kingdom,3,4,4,344,Loyal,1,175.88,572,730,4.0,211.06,0
15652,91,5,1405.94,2010-08-11 16:58:00,2011-09-09 14:22:00,657,United Kingdom,3,4,4,344,Loyal,1,281.19,393,485,3.76,317.18,0
14909,437,3,1404.68,2010-02-14 15:47:00,2010-09-28 16:56:00,888,United Kingdom,1,3,4,134,At Risk,1,468.23,226,663,1.65,231.77,1
18189,78,3,1403.73,2010-03-24 09:57:00,2011-09-23 12:40:00,836,United Kingdom,3,3,4,334,Loyal,1,467.91,548,626,1.75,245.65,0
15186,14,5,1403.2,2010-01-12 10:14:00,2011-11-25 14:58:00,716,United Kingdom,5,4,4,544,Champions,2,280.64,682,697,2.62,220.58,0
14687,107,3,1402.06,2010-06-06 10:36:00,2011-08-25 11:59:00,850,United Kingdom,3,3,4,334,Loyal,1,467.35,445,552,1.98,277.61,0
13259,62,9,1398.79,2010-01-10 10:26:00,2011-10-09 10:48:00,502,United Kingdom,3,5,4,354,Loyal,1,155.42,637,699,4.7,219.14,0
18202,200,3,1396.99,2011-02-01 13:36:00,2011-05-24 12:12:00,581,United Kingdom,2,3,4,234,At Risk,1,465.66,111,311,3.52,491.74,1
16129,407,3,1396.05,2010-07-20 12:32:00,2010-10-28 14:29:00,1261,United Kingdom,2,3,4,234,At Risk,1,465.35,100,508,2.16,301.55,1
15322,86,2,1390.86,2010-08-20 13:10:00,2011-09-15 09:34:00,971,United Kingdom,3,2,4,324,Needs Attention,1,695.43,390,476,1.53,319.2,0
12405,149,1,1390.39,2011-07-14 08:52:00,2011-07-14 08:52:00,849,Finland,3,1,4,314,Needs Attention,1,1390.39,0,149,2.45,1021.94,0
15141,458,7,1388.47,2010-03-28 15:58:00,2010-09-08 11:33:00,1197,United Kingdom,1,4,4,144,Can't Lose Them,1,198.35,163,621,4.11,244.57,1
12952,6,4,1387.79,2011-09-22 16:37:00,2011-12-04 10:35:00,653,United Kingdom,5,3,4,534,Loyal,2,346.95,72,78,18.72,1948.47,0
13382,281,5,1387.58,2009-12-08 09:56:00,2011-03-04 10:03:00,863,United Kingdom,2,4,4,244,Can't Lose Them,1,277.52,451,732,2.49,207.31,1
15996,88,7,1386.4,2010-11-07 15:49:00,2011-09-12 15:14:00,643,United Kingdom,3,4,4,344,Loyal,1,198.06,308,397,6.44,382.65,0
16167,414,5,1386.1200000000001,2009-12-01 10:46:00,2010-10-21 15:33:00,1494,United Kingdom,1,4,4,144,Can't Lose Them,1,277.22,324,739,2.47,205.42,1
18167,23,3,1384.8600000000001,2011-08-26 11:40:00,2011-11-16 15:56:00,382,United Kingdom,4,3,4,434,Loyal,2,461.62,82,106,10.33,1430.56,0
12809,178,3,1384.3400000000001,2010-03-02 14:19:00,2011-06-15 10:51:00,508,Portugal,3,3,4,334,Loyal,1,461.45,469,647,1.69,233.96,0
13572,206,1,1384.25,2011-05-18 11:59:00,2011-05-18 11:59:00,534,United Kingdom,2,1,4,214,Hibernating / Lost,1,1384.25,0,206,1.77,735.04,1
14116,20,5,1382.74,2011-08-10 12:44:00,2011-11-20 10:29:00,707,United Kingdom,4,4,4,444,Champions,2,276.55,101,122,14.96,1241.16,0
16389,53,4,1382.07,2011-03-01 15:47:00,2011-10-17 14:41:00,1242,United Kingdom,4,4,4,444,Champions,1,345.52,229,283,5.16,534.86,0
14861,52,10,1380.73,2009-12-08 12:12:00,2011-10-18 12:54:00,1076,United Kingdom,4,5,4,454,Champions,1,138.07,679,732,4.99,206.69,0
15751,461,11,1380.44,2009-12-06 13:08:00,2010-09-05 12:44:00,443,United Kingdom,1,5,4,154,Can't Lose Them,1,125.49,272,733,5.48,206.31,1
13821,145,6,1379.08,2010-01-04 13:36:00,2011-07-18 09:49:00,477,United Kingdom,3,4,4,344,Loyal,1,229.85,559,704,3.11,214.45,0
17878,44,3,1378.93,2010-11-09 13:50:00,2011-10-27 11:24:00,1014,United Kingdom,4,3,4,434,Loyal,2,459.64,351,395,2.77,381.96,0
13074,511,4,1378.74,2009-12-16 11:46:00,2010-07-16 16:53:00,826,United Kingdom,1,3,4,134,At Risk,1,344.68,212,724,2.02,208.88,1
12886,68,2,1378.4,2011-05-04 11:21:00,2011-10-03 10:09:00,770,United Kingdom,3,2,4,324,Needs Attention,2,689.2,151,220,3.32,686.44,0
16727,364,4,1377.77,2010-01-20 10:48:00,2010-12-10 13:48:00,1066,United Kingdom,2,4,4,244,Can't Lose Them,1,344.44,324,689,2.12,219.06,1
14853,24,5,1376.87,2010-04-13 09:26:00,2011-11-15 16:56:00,345,United Kingdom,4,4,4,444,Champions,2,275.37,581,606,3.01,248.66,0
14662,29,7,1376.43,2009-12-03 16:47:00,2011-11-11 12:13:00,907,United Kingdom,4,4,4,444,Champions,2,196.63,707,736,3.47,204.69,0
15580,377,8,1375.39,2010-02-07 11:21:00,2010-11-28 11:00:00,955,United Kingdom,2,4,4,244,Can't Lose Them,1,171.92,293,671,4.35,224.36,1
13579,15,5,1374.34,2010-02-18 13:53:00,2011-11-25 08:41:00,718,United Kingdom,5,4,4,544,Champions,2,274.87,644,659,2.77,228.42,0
14265,109,4,1373.35,2010-04-06 14:39:00,2011-08-22 13:32:00,715,Unspecified,3,3,4,334,Loyal,1,343.34,502,612,2.39,246.17,0
14434,22,6,1372.8,2011-09-28 15:31:00,2011-11-18 08:56:00,368,United Kingdom,4,4,4,444,Champions,2,228.8,50,72,30.42,2088.03,0
15453,2,7,1371.77,2011-06-05 12:37:00,2011-12-08 10:59:00,837,United Kingdom,5,4,4,544,Champions,2,195.97,185,188,13.59,798.97,0
12695,7,7,1371.1200000000001,2010-02-12 13:22:00,2011-12-02 13:22:00,452,France,5,4,4,544,Champions,2,195.87,658,665,3.84,225.64,0
14538,65,5,1370.8400000000001,2010-01-25 15:42:00,2011-10-06 10:31:00,284,United Kingdom,3,4,4,344,Loyal,1,274.17,618,683,2.67,219.61,0
13155,33,6,1370.48,2010-08-05 09:30:00,2011-11-06 15:41:00,741,United Kingdom,4,4,4,444,Champions,2,228.41,458,492,4.45,304.93,0
14316,422,5,1370.34,2010-03-19 15:18:00,2010-10-13 16:31:00,4494,United Kingdom,1,4,4,144,Can't Lose Them,1,274.07,208,630,2.9,238.44,1
16300,430,3,1367.32,2010-02-02 11:40:00,2010-10-05 13:14:00,643,United Kingdom,1,3,4,134,At Risk,1,455.77,245,676,1.62,221.5,1
13035,74,3,1364.2,2010-10-04 15:41:00,2011-09-27 08:57:00,926,United Kingdom,3,3,4,334,Loyal,1,454.73,357,431,2.54,346.5,0
14577,13,7,1364.15,2009-12-11 12:09:00,2011-11-27 12:47:00,569,United Kingdom,5,4,4,544,Champions,2,194.88,716,729,3.5,204.62,0
14114,274,7,1364.09,2010-04-12 11:07:00,2011-03-11 09:42:00,650,United Kingdom,2,4,4,244,Can't Lose Them,1,194.87,332,607,4.21,246.12,1
13760,54,5,1363.6399999999999,2010-04-25 13:10:00,2011-10-16 16:13:00,623,United Kingdom,4,4,4,444,Champions,1,272.73,539,593,3.08,252.0,0
16588,386,4,1361.28,2010-05-14 13:43:00,2010-11-18 17:56:00,882,United Kingdom,2,4,4,244,Can't Lose Them,1,340.32,188,574,2.54,259.32,1
13396,29,2,1360.99,2011-01-24 13:37:00,2011-11-10 16:59:00,600,United Kingdom,4,2,4,424,New / Promising,2,680.5,290,319,2.29,467.5,0
16384,90,4,1358.95,2010-04-28 14:01:00,2011-09-11 11:19:00,861,United Kingdom,3,4,4,344,Loyal,1,339.74,500,590,2.47,251.75,0
17150,377,6,1357.95,2009-12-06 10:51:00,2010-11-28 11:27:00,397,United Kingdom,2,4,4,244,Can't Lose Them,1,226.32,357,734,2.98,202.33,1
17429,128,5,1357.46,2010-10-06 12:30:00,2011-08-03 13:22:00,1286,United Kingdom,3,4,4,344,Loyal,1,271.49,301,430,4.24,345.34,0
12875,143,5,1356.99,2010-01-11 12:37:00,2011-07-19 15:30:00,5187,United Kingdom,3,4,4,344,Loyal,1,271.4,554,698,2.61,212.51,0
17054,28,5,1356.33,2011-04-08 13:14:00,2011-11-11 12:56:00,804,United Kingdom,4,4,4,444,Champions,2,271.27,216,245,7.45,606.29,0
15116,18,4,1352.75,2011-05-19 08:50:00,2011-11-22 12:25:00,648,United Kingdom,5,3,4,534,Loyal,2,338.19,187,205,7.12,722.37,0
16079,17,3,1352.0,2011-10-30 13:06:00,2011-11-23 12:48:00,864,United Kingdom,5,3,4,534,Loyal,2,450.67,23,40,27.38,3701.8,0
16367,37,3,1350.48,2010-11-21 13:23:00,2011-11-02 13:13:00,1103,United Kingdom,4,3,4,434,Loyal,2,450.16,345,383,2.86,386.24,0
17025,61,5,1349.67,2010-03-08 13:37:00,2011-10-10 09:06:00,885,United Kingdom,3,4,4,344,Loyal,1,269.93,580,641,2.85,230.79,0
14847,149,3,1348.95,2010-05-24 12:29:00,2011-07-14 10:52:00,533,United Kingdom,3,3,4,334,Loyal,1,449.65,415,565,1.94,261.7,0
15411,26,4,1348.93,2011-06-10 12:30:00,2011-11-13 15:19:00,529,United Kingdom,4,3,4,434,Loyal,2,337.23,156,183,7.98,807.33,0
12646,5,2,1346.97,2011-10-21 12:52:00,2011-12-05 10:14:00,897,USA,5,2,4,524,New / Promising,2,673.48,44,49,14.9,3010.46,0
14320,207,5,1346.75,2010-01-21 11:44:00,2011-05-17 09:24:00,713,United Kingdom,2,4,4,244,Can't Lose Them,1,269.35,480,688,2.65,214.13,1
13639,74,2,1346.27,2010-09-29 10:05:00,2011-09-26 13:36:00,997,United Kingdom,3,2,4,324,Needs Attention,1,673.14,362,437,1.67,337.24,0
15398,16,2,1345.53,2011-09-22 14:56:00,2011-11-23 16:47:00,769,United Kingdom,5,2,4,524,New / Promising,2,672.76,62,78,9.36,1889.11,0
14550,11,4,1345.06,2010-08-13 12:05:00,2011-11-29 12:12:00,771,United Kingdom,5,3,4,534,Loyal,2,336.26,473,484,3.02,304.65,0
16669,24,2,1344.48,2011-09-22 14:13:00,2011-11-16 12:26:00,871,United Kingdom,4,2,4,424,New / Promising,2,672.24,54,78,9.36,1887.65,0
15154,75,3,1343.72,2010-08-18 17:41:00,2011-09-25 16:05:00,333,United Kingdom,3,3,4,334,Loyal,1,447.91,402,478,2.29,307.71,0
14618,9,7,1342.32,2010-06-11 10:11:00,2011-11-30 13:45:00,704,United Kingdom,5,4,4,544,Champions,2,191.76,537,547,4.67,268.66,0
18085,330,4,1341.8500000000001,2010-03-21 11:57:00,2011-01-13 15:17:00,507,United Kingdom,2,4,4,244,Can't Lose Them,1,335.46,298,629,2.32,233.48,1
13743,3,7,1341.6,2011-03-25 14:46:00,2011-12-07 10:09:00,1776,United Kingdom,5,4,4,544,Champions,2,191.66,256,259,9.86,566.93,0
17499,290,2,1341.39,2010-05-27 09:59:00,2011-02-23 09:14:00,1086,United Kingdom,2,3,4,234,At Risk,1,670.7,271,562,1.3,261.57,1
17951,40,4,1340.5800000000002,2010-10-31 15:15:00,2011-10-31 12:30:00,780,United Kingdom,4,4,4,444,Champions,2,335.15,364,404,3.61,362.97,0
13803,255,3,1338.91,2010-03-31 10:00:00,2011-03-29 12:57:00,831,United Kingdom,2,3,4,234,At Risk,1,446.3,363,619,1.77,236.99,1
13506,316,5,1338.08,2010-09-05 12:33:00,2011-01-27 13:53:00,942,United Kingdom,2,4,4,244,Can't Lose Them,1,267.62,144,461,3.96,317.93,1
13220,78,5,1336.0900000000001,2010-05-13 10:35:00,2011-09-22 13:38:00,396,United Kingdom,3,4,4,344,Loyal,1,267.22,497,576,3.17,254.13,0
12919,8,6,1335.19,2011-06-23 09:22:00,2011-12-01 13:47:00,673,United Kingdom,5,4,4,544,Champions,2,222.53,161,170,12.88,859.86,0
17033,86,4,1332.79,2010-11-07 12:55:00,2011-09-14 14:34:00,871,United Kingdom,3,4,4,344,Loyal,1,333.2,311,397,3.68,367.85,0
17932,29,3,1331.57,2011-05-12 13:58:00,2011-11-10 19:49:00,789,United Kingdom,4,3,4,434,Loyal,2,443.86,182,211,5.19,691.09,0
14899,395,1,1331.38,2010-11-09 15:20:00,2010-11-09 15:20:00,570,United Kingdom,2,1,4,214,Hibernating / Lost,3,1331.38,0,395,0.92,367.46,1
16295,10,4,1328.55,2011-10-06 10:45:00,2011-11-30 08:17:00,841,United Kingdom,5,4,4,544,Champions,2,332.14,54,65,22.46,2237.96,0
14712,29,4,1328.0700000000002,2010-10-17 14:49:00,2011-11-10 12:59:00,411,United Kingdom,4,3,4,434,Loyal,2,332.02,388,418,3.49,347.62,0
13232,13,7,1327.75,2011-04-10 13:48:00,2011-11-27 10:39:00,771,United Kingdom,5,4,4,544,Champions,2,189.68,230,243,10.51,598.06,0
15146,165,2,1327.16,2011-02-21 13:07:00,2011-06-28 12:09:00,1473,United Kingdom,3,2,4,324,Needs Attention,1,663.58,126,291,2.51,499.68,0
14956,421,1,1325.0,2010-10-14 16:40:00,2010-10-14 16:40:00,2500,United Kingdom,1,1,4,114,Hibernating / Lost,3,1325.0,0,421,0.87,345.82,1
12960,414,4,1322.07,2010-02-16 13:32:00,2010-10-22 09:31:00,1379,United Kingdom,1,3,4,134,At Risk,1,330.52,247,661,2.21,219.13,1
14591,15,4,1320.21,2011-05-10 14:09:00,2011-11-24 13:57:00,1228,United Kingdom,5,3,4,534,Loyal,2,330.05,197,213,6.85,678.25,0
14921,30,2,1316.07,2011-05-22 12:51:00,2011-11-09 13:17:00,953,United Kingdom,4,2,4,424,New / Promising,2,658.04,171,201,3.63,716.61,0
14511,11,5,1314.81,2011-07-29 12:13:00,2011-11-28 17:05:00,784,United Kingdom,5,4,4,544,Champions,2,262.96,122,134,13.62,1074.45,0
14973,107,3,1314.45,2011-04-28 12:22:00,2011-08-24 15:51:00,369,United Kingdom,3,3,4,334,Loyal,1,438.15,118,226,4.85,637.51,0
16296,626,4,1313.67,2009-12-18 12:03:00,2010-03-23 13:11:00,645,United Kingdom,1,4,4,144,Can't Lose Them,1,328.42,95,722,2.02,199.02,1
13282,18,4,1313.19,2010-10-29 14:11:00,2011-11-21 15:33:00,410,United Kingdom,5,3,4,534,Loyal,2,328.3,388,406,3.6,354.56,0
16756,215,7,1312.3700000000001,2010-03-09 15:56:00,2011-05-09 09:33:00,707,United Kingdom,2,4,4,244,Can't Lose Them,1,187.48,425,640,3.99,224.41,1
12987,74,5,1312.21,2010-01-20 09:57:00,2011-09-27 12:03:00,585,United Kingdom,3,4,4,344,Loyal,1,262.44,615,689,2.65,208.64,0
17027,79,9,1310.63,2009-12-10 12:10:00,2011-09-22 12:24:00,645,United Kingdom,3,5,4,354,Loyal,1,145.63,651,730,4.5,196.6,0
13855,501,4,1310.3400000000001,2009-12-08 16:56:00,2010-07-27 09:53:00,575,United Kingdom,1,3,4,134,At Risk,1,327.59,230,731,2.0,196.55,1
16377,267,2,1308.48,2010-04-01 10:36:00,2011-03-17 15:41:00,2928,United Kingdom,2,2,4,224,Hibernating / Lost,1,654.24,350,618,1.18,231.6,1
13328,316,1,1308.48,2011-01-27 15:22:00,2011-01-27 15:22:00,680,United Kingdom,2,1,4,214,Hibernating / Lost,3,1308.48,0,316,1.16,455.35,1
13846,25,4,1307.79,2010-11-05 09:47:00,2011-11-15 12:07:00,705,United Kingdom,4,3,4,434,Loyal,2,326.95,375,400,3.65,358.01,0
16282,340,3,1307.58,2009-12-21 11:52:00,2011-01-04 11:42:00,790,United Kingdom,2,3,4,234,At Risk,1,435.86,378,719,1.52,198.75,1
16894,502,3,1306.96,2010-06-22 14:21:00,2010-07-25 15:43:00,503,United Kingdom,1,3,4,134,At Risk,1,435.65,33,535,2.05,267.92,1
15677,49,3,1305.63,2010-09-02 12:08:00,2011-10-21 15:36:00,675,United Kingdom,4,3,4,434,Loyal,2,435.21,414,464,2.36,308.13,0
14297,18,4,1305.33,2011-03-10 08:31:00,2011-11-22 09:06:00,865,United Kingdom,5,3,4,534,Loyal,2,326.33,257,275,5.31,519.84,0
15813,208,2,1303.9099999999999,2011-04-14 09:09:00,2011-05-16 08:13:00,603,United Kingdom,2,2,4,224,Hibernating / Lost,1,651.95,31,240,3.04,594.58,1
12620,15,3,1303.41,2011-05-19 12:10:00,2011-11-25 10:20:00,1179,France,5,3,4,534,Loyal,2,434.47,189,205,5.34,696.02,0
15400,92,8,1302.3,2010-05-28 08:33:00,2011-09-08 13:57:00,662,United Kingdom,3,4,4,344,Loyal,1,162.79,468,561,5.2,253.95,0
16370,82,4,1301.91,2011-04-28 16:40:00,2011-09-18 15:55:00,640,United Kingdom,3,4,4,344,Loyal,1,325.48,142,225,6.49,633.71,0
16574,71,3,1301.78,2010-02-19 11:46:00,2011-09-29 13:39:00,1002,United Kingdom,3,3,4,334,Loyal,1,433.93,587,659,1.66,216.1,0
14284,31,3,1299.65,2010-02-24 12:06:00,2011-11-09 08:11:00,510,United Kingdom,4,3,4,434,Loyal,2,433.22,622,654,1.67,217.04,0
12765,472,6,1299.58,2010-03-08 09:43:00,2010-08-24 13:51:00,1002,Netherlands,1,4,4,144,Can't Lose Them,1,216.6,169,642,3.41,221.58,1
14480,11,4,1299.52,2009-12-21 16:32:00,2011-11-28 16:35:00,670,United Kingdom,5,3,4,534,Loyal,2,324.88,707,718,2.03,197.85,0
16464,20,3,1298.66,2011-07-20 13:53:00,2011-11-20 12:11:00,952,United Kingdom,4,3,4,434,Loyal,2,432.89,122,142,7.71,1001.27,0
18286,477,2,1296.43,2009-12-16 10:45:00,2010-08-20 11:57:00,608,United Kingdom,1,3,4,134,At Risk,1,648.22,247,724,1.01,196.41,1
12783,2,4,1295.87,2011-09-25 15:35:00,2011-12-07 15:56:00,611,Portugal,5,3,4,534,Loyal,2,323.97,73,75,19.47,1892.31,0
16929,4,7,1295.39,2011-07-07 12:39:00,2011-12-06 08:37:00,929,United Kingdom,5,4,4,544,Champions,2,185.06,151,156,16.38,909.38,0
13440,423,7,1295.25,2010-09-14 10:34:00,2010-10-12 13:11:00,573,United Kingdom,1,4,4,144,Can't Lose Them,1,185.04,28,452,5.65,313.64,1
16212,19,4,1293.71,2010-02-07 15:26:00,2011-11-20 13:00:00,571,United Kingdom,5,4,4,544,Champions,2,323.43,650,670,2.18,211.52,0
15621,4,4,1293.03,2011-11-18 11:49:00,2011-12-05 14:01:00,501,United Kingdom,5,3,4,534,Loyal,2,323.26,17,30,48.67,4719.92,0
16777,80,5,1292.18,2010-03-17 12:42:00,2011-09-20 13:41:00,470,United Kingdom,3,4,4,344,Loyal,1,258.44,552,633,2.88,223.29,0
15471,2,3,1292.01,2010-06-07 12:17:00,2011-12-07 14:12:00,670,United Kingdom,5,3,4,534,Loyal,2,430.67,548,551,1.99,257.11,0
16744,11,7,1291.91,2011-06-19 15:13:00,2011-11-28 13:06:00,798,United Kingdom,5,4,4,544,Champions,2,184.56,161,173,14.77,817.79,0
17109,29,8,1291.71,2010-07-30 12:42:00,2011-11-10 16:59:00,788,United Kingdom,4,5,4,454,Champions,2,161.46,468,498,5.86,283.85,0
14619,246,2,1291.24,2010-06-16 14:41:00,2011-04-08 07:37:00,594,United Kingdom,2,2,4,224,Hibernating / Lost,1,645.62,295,541,1.35,261.48,1
14856,36,3,1290.53,2011-10-14 09:35:00,2011-11-03 14:53:00,711,United Kingdom,4,3,4,434,Loyal,2,430.18,20,57,19.21,2479.13,0
16372,33,5,1290.31,2010-04-11 15:20:00,2011-11-06 13:08:00,722,United Kingdom,4,4,4,444,Champions,2,258.06,573,607,3.01,233.03,0
15171,331,1,1289.5,2011-01-12 15:36:00,2011-01-12 15:36:00,290,United Kingdom,2,1,4,214,Hibernating / Lost,3,1289.5,0,331,1.1,425.54,1
14679,382,3,1289.44,2009-12-08 17:13:00,2010-11-23 11:51:00,794,United Kingdom,2,3,4,234,At Risk,1,429.81,349,731,1.5,193.41,1
15774,69,6,1287.09,2010-02-21 12:57:00,2011-10-02 12:04:00,464,United Kingdom,3,4,4,344,Loyal,1,214.52,587,656,3.34,214.95,0
15136,3,4,1286.7,2011-09-04 16:05:00,2011-12-07 12:26:00,776,United Kingdom,5,3,4,534,Loyal,2,321.68,93,96,15.21,1467.83,0
16608,454,2,1286.6200000000001,2010-02-14 11:57:00,2010-09-12 11:44:00,612,United Kingdom,1,2,4,124,Hibernating / Lost,1,643.31,209,664,1.1,212.29,1
16949,4,6,1286.27,2011-01-27 12:11:00,2011-12-06 11:07:00,791,United Kingdom,5,4,4,544,Champions,2,214.38,312,317,6.91,444.41,0
13300,169,3,1285.51,2010-05-14 15:56:00,2011-06-23 13:09:00,455,United Kingdom,3,3,4,334,Loyal,1,428.5,404,574,1.91,245.53,0
13617,40,8,1278.75,2010-08-01 15:23:00,2011-10-30 13:50:00,593,United Kingdom,4,4,4,444,Champions,1,159.84,454,495,5.9,282.92,0
17521,30,5,1278.06,2010-10-01 11:49:00,2011-11-10 11:22:00,806,United Kingdom,4,4,4,444,Champions,2,255.61,404,435,4.2,322.07,0
16951,135,3,1277.75,2011-02-08 14:58:00,2011-07-28 12:05:00,1318,United Kingdom,3,3,4,334,Loyal,1,425.92,169,304,3.6,459.99,0
14478,382,4,1276.66,2009-12-01 13:20:00,2010-11-22 15:29:00,1226,United Kingdom,2,3,4,234,At Risk,1,319.17,356,738,1.98,189.59,1
17034,16,5,1276.42,2010-07-14 12:55:00,2011-11-23 15:14:00,694,United Kingdom,5,4,4,544,Champions,2,255.28,497,513,3.56,272.64,0
13916,464,4,1275.81,2010-02-02 10:06:00,2010-09-02 10:04:00,673,United Kingdom,1,3,4,134,At Risk,1,318.95,211,676,2.16,206.68,1
17142,239,4,1275.25,2010-01-24 15:23:00,2011-04-14 18:22:00,322,United Kingdom,2,4,4,244,Can't Lose Them,1,318.81,445,684,2.13,203.72,1
14820,21,9,1274.76,2010-01-31 12:49:00,2011-11-18 15:41:00,724,United Kingdom,4,5,4,454,Champions,0,141.64,656,678,4.85,206.09,0
15809,36,7,1274.44,2010-06-22 14:23:00,2011-11-03 16:40:00,700,United Kingdom,4,4,4,444,Champions,1,182.06,499,535,4.78,261.07,0
14167,39,8,1274.29,2010-01-27 16:07:00,2011-10-31 14:29:00,340,United Kingdom,4,4,4,444,Champions,1,159.29,641,681,4.29,205.01,0
13138,22,7,1274.01,2010-11-08 11:45:00,2011-11-17 16:51:00,593,United Kingdom,4,4,4,444,Champions,2,182.0,374,397,6.44,351.62,0
14490,406,2,1273.47,2010-10-07 11:36:00,2010-10-29 15:04:00,933,United Kingdom,2,2,4,224,Hibernating / Lost,1,636.74,22,429,1.7,324.74,1
17478,408,2,1272.8,2010-03-16 14:19:00,2010-10-27 15:01:00,516,United Kingdom,2,3,4,234,At Risk,1,636.4,225,633,1.15,219.56,1
17341,157,5,1272.21,2010-06-17 18:17:00,2011-07-06 12:33:00,831,United Kingdom,3,4,4,344,Loyal,1,254.44,383,540,3.38,258.0,0
16222,318,2,1272.05,2009-12-18 14:31:00,2011-01-25 13:38:00,463,United Kingdom,2,2,4,224,Hibernating / Lost,1,636.02,402,721,1.01,192.71,1
13492,136,3,1269.84,2011-05-09 10:06:00,2011-07-26 14:25:00,408,Switzerland,3,3,4,334,Loyal,1,423.28,78,215,5.09,646.35,0
13443,449,6,1269.3700000000001,2010-01-31 13:30:00,2010-09-17 12:31:00,802,United Kingdom,1,4,4,144,Can't Lose Them,1,211.56,228,677,3.23,205.0,1
15439,405,4,1269.05,2010-02-24 12:05:00,2010-10-31 10:38:00,572,United Kingdom,2,3,4,234,At Risk,1,317.26,248,654,2.23,212.25,1
15584,24,6,1268.2,2010-02-07 12:16:00,2011-11-16 10:55:00,483,United Kingdom,4,4,4,444,Champions,2,211.37,646,671,3.26,206.72,0
13892,27,6,1267.6499999999999,2010-05-13 10:32:00,2011-11-13 11:50:00,3125,United Kingdom,4,4,4,444,Champions,2,211.27,549,576,3.8,240.85,0
17037,88,1,1267.32,2011-09-13 12:49:00,2011-09-13 12:49:00,656,United Kingdom,3,2,4,324,Needs Attention,2,1267.32,0,88,4.15,1577.81,0
17531,190,3,1266.82,2010-03-31 12:57:00,2011-06-02 19:17:00,472,United Kingdom,2,3,4,234,At Risk,1,422.27,428,618,1.77,224.23,1
14487,27,7,1266.27,2010-11-25 13:36:00,2011-11-13 12:17:00,761,United Kingdom,4,4,4,444,Champions,2,180.9,352,379,6.74,365.78,0
13515,73,6,1265.82,2010-03-05 11:58:00,2011-09-28 11:26:00,819,United Kingdom,3,4,4,344,Loyal,1,210.97,571,645,3.4,215.19,0
17635,424,3,1265.58,2010-04-28 10:51:00,2010-10-11 15:12:00,770,United Kingdom,1,3,4,134,At Risk,1,421.86,166,591,1.85,234.13,1
14379,44,4,1265.16,2010-08-16 15:31:00,2011-10-26 16:43:00,712,United Kingdom,4,3,4,434,Loyal,2,316.29,436,480,3.04,288.46,0
16842,101,3,1264.19,2011-02-10 14:51:00,2011-08-31 10:42:00,693,United Kingdom,3,3,4,334,Loyal,1,421.4,201,302,3.63,458.9,0
14427,50,4,1263.52,2010-03-18 09:49:00,2011-10-20 14:23:00,538,United Kingdom,4,3,4,434,Loyal,2,315.88,581,632,2.31,218.9,0
16688,1,4,1260.86,2011-10-10 12:23:00,2011-12-08 15:24:00,804,United Kingdom,5,4,4,544,Champions,2,315.21,59,61,23.93,2262.89,0
17759,17,5,1260.63,2010-05-05 11:40:00,2011-11-22 16:02:00,964,United Kingdom,5,4,4,544,Champions,2,252.13,566,584,3.12,235.99,0
14984,19,6,1260.51,2010-01-11 13:22:00,2011-11-20 14:28:00,348,United Kingdom,5,4,4,544,Champions,2,210.08,678,697,3.14,197.9,0
18035,36,5,1260.23,2010-11-19 13:42:00,2011-11-04 12:39:00,1134,United Kingdom,4,4,4,444,Champions,2,252.05,349,385,4.74,358.42,0
17343,355,6,1259.94,2009-12-03 18:30:00,2010-12-19 15:07:00,454,United Kingdom,2,4,4,244,Can't Lose Them,1,209.99,380,736,2.98,187.73,1
12993,23,8,1259.6299999999999,2010-02-18 10:35:00,2011-11-16 15:49:00,751,United Kingdom,4,4,4,444,Champions,2,157.45,636,660,4.42,208.78,0
13689,63,2,1259.5,2010-09-21 10:27:00,2011-10-07 13:21:00,722,United Kingdom,3,2,4,324,Needs Attention,2,629.75,381,445,1.64,309.84,0
15009,12,3,1259.43,2011-11-14 17:40:00,2011-11-27 13:35:00,639,United Kingdom,5,3,4,534,Loyal,2,419.81,12,30,36.5,4596.92,0
15651,37,5,1259.06,2010-04-22 13:26:00,2011-11-03 08:41:00,871,United Kingdom,4,4,4,444,Champions,2,251.81,559,596,3.06,231.16,0
14474,46,2,1258.8899999999999,2010-05-09 12:12:00,2011-10-24 13:26:00,448,United Kingdom,4,2,4,424,New / Promising,2,629.44,533,580,1.26,237.93,0
17481,4,4,1255.59,2011-09-07 09:57:00,2011-12-06 12:28:00,1061,United Kingdom,5,4,4,544,Champions,2,313.9,90,94,15.53,1462.46,0
17862,324,4,1254.89,2010-05-25 17:22:00,2011-01-20 12:23:00,440,United Kingdom,2,4,4,244,Can't Lose Them,1,313.72,239,563,2.59,243.76,1
14419,11,7,1254.64,2010-11-22 11:09:00,2011-11-29 11:22:00,552,United Kingdom,5,4,4,544,Champions,2,179.23,372,383,6.67,358.64,0
15064,410,4,1254.41,2009-12-22 16:17:00,2010-10-25 14:32:00,810,United Kingdom,1,3,4,134,At Risk,1,313.6,306,717,2.04,191.92,1
15441,396,3,1254.21,2009-12-09 14:55:00,2010-11-08 15:50:00,587,United Kingdom,2,3,4,234,At Risk,1,418.07,334,730,1.5,188.13,1
16292,122,5,1253.76,2010-04-14 13:29:00,2011-08-10 12:24:00,688,United Kingdom,3,4,4,344,Loyal,1,250.75,482,604,3.02,227.18,0
13919,59,4,1252.68,2010-06-17 09:30:00,2011-10-11 14:24:00,1127,Denmark,4,3,4,434,Loyal,1,313.17,481,541,2.7,253.67,0
13023,64,3,1251.03,2010-06-29 09:51:00,2011-10-06 16:27:00,573,United Kingdom,3,3,4,334,Loyal,1,417.01,464,529,2.07,258.96,0
15579,69,5,1250.63,2010-10-03 14:37:00,2011-10-02 12:45:00,713,United Kingdom,3,4,4,344,Loyal,1,250.13,363,432,4.22,316.66,0
15599,27,3,1250.06,2010-09-20 10:15:00,2011-11-13 11:44:00,1098,United Kingdom,4,3,4,434,Loyal,2,416.69,419,446,2.46,307.52,0
18135,29,10,1249.6200000000001,2010-03-15 13:55:00,2011-11-10 19:32:00,753,United Kingdom,4,5,4,454,Champions,0,124.96,605,634,5.76,215.93,0
14020,17,4,1249.01,2010-06-28 15:29:00,2011-11-23 09:22:00,648,United Kingdom,5,3,4,534,Loyal,2,312.25,512,529,2.76,258.54,0
12666,394,1,1248.42,2010-11-10 16:40:00,2010-11-10 16:40:00,370,Israel,2,1,4,214,Hibernating / Lost,3,1248.42,0,394,0.93,348.31,1
14383,38,3,1247.69,2011-06-29 10:18:00,2011-11-01 15:53:00,817,United Kingdom,4,3,4,434,Loyal,2,415.9,125,164,6.68,833.46,0
14240,30,3,1247.49,2010-10-12 12:48:00,2011-11-09 13:45:00,655,United Kingdom,4,3,4,434,Loyal,2,415.83,393,424,2.58,321.85,0
14725,25,4,1246.86,2010-06-23 11:34:00,2011-11-15 12:42:00,1307,United Kingdom,4,3,4,434,Loyal,2,311.71,510,535,2.73,255.29,0
13860,1,5,1245.9,2011-09-14 09:27:00,2011-12-08 12:57:00,591,United Kingdom,5,4,4,544,Champions,2,249.18,85,87,20.98,1568.34,0
12488,10,3,1244.66,2011-09-25 10:34:00,2011-11-30 08:50:00,526,France,5,3,4,534,Loyal,2,414.89,65,76,14.41,1793.57,0
17076,36,6,1242.75,2009-12-04 12:12:00,2011-11-03 17:53:00,514,United Kingdom,4,4,4,444,Champions,2,207.12,699,736,2.98,185.17,0
17529,610,2,1240.25,2010-01-11 12:29:00,2010-04-08 17:51:00,790,United Kingdom,1,3,4,134,At Risk,1,620.12,87,698,1.05,195.34,1
13863,248,4,1239.55,2010-04-25 13:09:00,2011-04-06 10:20:00,553,United Kingdom,2,3,4,234,At Risk,1,309.89,345,593,2.46,228.7,1
12985,1,2,1239.38,2011-11-11 12:44:00,2011-12-09 10:46:00,1533,United Kingdom,5,2,4,524,New / Promising,2,619.69,27,30,24.33,4523.12,0
17796,40,7,1236.39,2010-10-14 13:37:00,2011-10-30 15:38:00,347,United Kingdom,4,4,4,444,Champions,1,176.63,381,421,6.07,321.64,0
14231,184,4,1235.6200000000001,2010-09-15 09:52:00,2011-06-09 11:05:00,610,United Kingdom,3,3,4,334,Loyal,1,308.91,267,451,3.24,300.26,1
13201,502,4,1233.06,2010-03-07 11:01:00,2010-07-25 14:30:00,1036,United Kingdom,1,3,4,134,At Risk,1,308.26,140,643,2.27,209.93,1
16527,81,2,1232.94,2010-10-11 13:25:00,2011-09-19 16:21:00,708,United Kingdom,3,2,4,324,Needs Attention,1,616.47,343,424,1.72,318.1,0
16159,282,4,1232.79,2009-12-03 11:51:00,2011-03-03 12:27:00,635,United Kingdom,2,4,4,244,Can't Lose Them,1,308.2,455,737,1.98,183.07,1
15664,51,4,1231.53,2010-02-28 12:50:00,2011-10-20 10:57:00,524,United Kingdom,4,3,4,434,Loyal,1,307.88,598,650,2.25,207.82,0
18080,19,2,1231.5,2011-04-11 10:10:00,2011-11-21 08:02:00,642,United Kingdom,5,3,4,534,Loyal,2,615.75,223,243,3.0,554.17,0
16723,91,4,1231.36,2009-12-04 13:23:00,2011-09-09 13:01:00,958,United Kingdom,3,4,4,344,Loyal,1,307.84,643,735,1.99,183.78,0
12805,382,4,1230.95,2010-02-03 09:06:00,2010-11-23 12:27:00,581,Netherlands,2,3,4,234,At Risk,1,307.74,293,675,2.16,199.42,1
14821,367,7,1230.15,2010-02-01 13:33:00,2010-12-08 08:43:00,459,United Kingdom,2,4,4,244,Can't Lose Them,1,175.74,309,676,3.78,199.29,1
13019,379,6,1229.95,2009-12-06 15:40:00,2010-11-25 14:56:00,397,United Kingdom,2,4,4,244,Can't Lose Them,1,204.99,353,733,2.99,183.88,1
14871,3,9,1228.17,2009-12-01 11:57:00,2011-12-06 13:42:00,446,United Kingdom,5,5,4,554,Champions,0,136.46,735,739,4.45,182.17,0
17342,380,4,1227.54,2010-02-08 09:16:00,2010-11-25 11:07:00,521,United Kingdom,2,4,4,244,Can't Lose Them,1,306.88,290,670,2.18,200.7,1
15800,107,7,1227.07,2010-03-31 13:17:00,2011-08-24 14:23:00,575,United Kingdom,3,4,4,344,Loyal,1,175.3,511,618,4.13,217.2,0
13402,127,4,1226.8500000000001,2010-05-24 10:56:00,2011-08-04 15:51:00,917,United Kingdom,3,3,4,334,Loyal,1,306.71,437,565,2.58,237.39,0
15269,24,3,1225.3600000000001,2010-11-14 12:58:00,2011-11-16 09:32:00,372,United Kingdom,4,3,4,434,Loyal,2,408.45,366,390,2.81,344.32,0
15303,290,3,1224.18,2010-01-25 09:42:00,2011-02-22 13:59:00,514,United Kingdom,2,3,4,234,At Risk,1,408.06,393,684,1.6,195.87,1
14428,7,5,1224.06,2011-01-18 16:39:00,2011-12-02 13:17:00,428,United Kingdom,5,4,4,544,Champions,2,244.81,317,325,5.62,412.75,0
12533,628,2,1223.89,2009-12-01 11:50:00,2010-03-22 10:56:00,696,Germany,1,2,4,124,Hibernating / Lost,1,611.95,110,739,0.99,181.75,1
13787,76,6,1222.5,2010-01-14 10:13:00,2011-09-25 12:06:00,998,United Kingdom,3,4,4,344,Loyal,1,203.75,619,695,3.15,192.54,0
16946,383,5,1222.04,2010-03-02 10:49:00,2010-11-21 14:06:00,509,United Kingdom,2,4,4,244,Can't Lose Them,1,244.41,264,648,2.82,206.77,1
15376,40,3,1221.56,2011-05-01 13:45:00,2011-10-30 15:04:00,615,United Kingdom,4,3,4,434,Loyal,2,407.19,182,222,4.93,602.23,0
17132,452,2,1220.9099999999999,2010-08-08 13:49:00,2010-09-13 16:31:00,963,United Kingdom,1,3,4,134,At Risk,1,610.45,36,488,1.5,274.7,1
14430,512,3,1220.9,2010-04-11 15:59:00,2010-07-16 11:35:00,446,United Kingdom,1,3,4,134,At Risk,1,406.97,95,607,1.8,219.76,1
13243,203,5,1220.38,2010-03-18 13:10:00,2011-05-20 13:14:00,554,United Kingdom,2,4,4,244,Can't Lose Them,1,244.08,428,631,2.89,211.62,1
15004,147,1,1220.38,2011-07-15 14:05:00,2011-07-15 14:05:00,622,United Kingdom,3,1,4,314,Needs Attention,3,1220.38,0,147,2.48,907.96,0
13299,268,3,1218.7,2010-06-29 11:30:00,2011-03-16 12:55:00,416,United Kingdom,2,3,4,234,At Risk,1,406.23,260,529,2.07,252.27,1
13304,351,4,1217.99,2010-02-08 12:42:00,2010-12-23 14:35:00,716,United Kingdom,2,3,4,234,At Risk,1,304.5,318,670,2.18,199.14,1
14698,2,5,1217.27,2011-10-19 12:54:00,2011-12-08 12:26:00,602,United Kingdom,5,4,4,544,Champions,2,243.45,49,51,35.78,2613.19,0
15390,396,2,1216.66,2010-10-26 17:23:00,2010-11-08 15:19:00,894,Canada,2,2,4,224,Hibernating / Lost,1,608.33,12,409,1.78,324.85,1
14512,188,7,1215.97,2009-12-07 13:49:00,2011-06-05 12:39:00,736,United Kingdom,2,4,4,244,Can't Lose Them,1,173.71,544,732,3.49,181.87,1
15661,317,8,1215.95,2010-05-10 07:59:00,2011-01-26 13:56:00,779,United Kingdom,2,4,4,244,Can't Lose Them,1,151.99,261,579,5.04,229.81,1
17410,16,5,1214.72,2011-05-08 15:21:00,2011-11-23 15:46:00,616,United Kingdom,5,4,4,544,Champions,2,242.94,199,215,8.49,618.77,0
18263,26,3,1213.1599999999999,2011-04-01 11:48:00,2011-11-14 09:00:00,1468,United Kingdom,4,3,4,434,Loyal,2,404.39,226,253,4.33,525.3,0
16872,77,6,1213.13,2010-09-02 17:36:00,2011-09-23 16:05:00,1079,United Kingdom,3,4,4,344,Loyal,1,202.19,385,463,4.73,286.91,0
12711,612,2,1213.05,2010-02-01 11:30:00,2010-04-07 11:59:00,763,Germany,1,2,4,124,Hibernating / Lost,1,606.52,65,677,1.08,196.51,1
13918,50,2,1212.8400000000001,2011-03-31 18:05:00,2011-10-21 12:25:00,1140,United Kingdom,4,2,4,424,New / Promising,2,606.42,203,253,2.89,525.77,0
16653,16,2,1212.66,2011-09-29 13:38:00,2011-11-23 14:51:00,733,United Kingdom,5,2,4,524,New / Promising,2,606.33,55,71,10.28,1869.92,0
15377,383,4,1211.75,2010-10-20 11:42:00,2010-11-22 08:55:00,253,United Kingdom,2,3,4,234,At Risk,1,302.94,32,416,3.51,319.0,1
14193,68,3,1210.19,2010-11-08 12:31:00,2011-10-03 09:34:00,653,United Kingdom,3,3,4,334,Loyal,1,403.4,328,397,2.76,334.02,0
12364,8,4,1208.1,2011-08-19 15:24:00,2011-12-02 10:22:00,1499,Belgium,5,3,4,534,Loyal,2,302.02,104,112,13.04,1181.5,0
17653,37,4,1207.56,2011-08-11 15:24:00,2011-11-03 12:46:00,1409,United Kingdom,4,4,4,444,Champions,2,301.89,83,120,12.17,1102.2,0
16830,39,4,1207.5,2009-12-13 12:11:00,2011-11-01 11:35:00,699,United Kingdom,4,4,4,444,Champions,2,301.88,687,727,2.01,182.03,0
18193,165,3,1207.35,2010-09-23 13:33:00,2011-06-27 13:58:00,926,United Kingdom,3,3,3,333,Loyal,1,402.45,277,442,2.48,299.42,0
16762,20,3,1207.24,2011-07-18 12:52:00,2011-11-20 11:43:00,480,United Kingdom,4,3,3,433,Loyal,2,402.41,124,144,7.6,917.49,0
12742,626,1,1201.52,2010-03-24 12:43:00,2010-03-24 12:43:00,1359,United Arab Emirates,1,1,3,113,Hibernating / Lost,3,1201.52,0,626,0.58,209.06,1
12426,195,2,1201.21,2010-02-15 08:41:00,2011-05-29 12:26:00,576,Germany,2,2,3,223,Hibernating / Lost,1,600.6,468,663,1.1,198.2,1
12463,53,4,1200.78,2011-04-12 12:47:00,2011-10-17 13:44:00,768,Belgium,4,3,3,433,Loyal,1,300.2,188,242,6.03,543.06,0
17360,17,6,1200.51,2010-10-01 12:07:00,2011-11-22 13:11:00,624,United Kingdom,5,4,3,543,Champions,2,200.08,417,435,5.03,301.92,0
15181,66,5,1200.2,2009-12-08 19:02:00,2011-10-04 13:58:00,688,United Kingdom,3,4,3,343,Loyal,1,240.04,664,731,2.5,180.03,0
15600,428,4,1199.31,2010-04-25 11:50:00,2010-10-07 14:30:00,657,United Kingdom,1,3,3,133,At Risk,1,299.83,165,594,2.46,221.27,1
13405,204,5,1198.81,2009-12-15 14:13:00,2011-05-19 16:31:00,853,United Kingdom,2,4,3,243,Can't Lose Them,1,239.76,520,724,2.52,181.26,1
17397,22,3,1198.28,2010-10-19 13:20:00,2011-11-17 14:08:00,691,United Kingdom,4,3,3,433,Loyal,2,399.43,394,416,2.63,315.15,0
12629,386,2,1198.22,2010-10-12 16:40:00,2010-11-19 09:18:00,713,Sweden,2,2,3,223,Hibernating / Lost,1,599.11,37,423,1.73,310.94,1
17713,382,4,1198.09,2010-06-09 09:33:00,2010-11-22 16:50:00,989,United Kingdom,2,4,3,243,Can't Lose Them,1,299.52,166,549,2.66,239.02,1
12372,72,3,1196.04,2011-02-16 12:46:00,2011-09-29 12:12:00,788,Denmark,3,3,3,333,Loyal,1,398.68,224,297,3.69,441.34,0
14446,1,5,1195.48,2010-11-18 12:08:00,2011-12-09 11:34:00,1031,United Kingdom,5,4,3,543,Champions,2,239.1,385,387,4.72,338.57,0
16307,429,3,1194.92,2010-05-11 14:40:00,2010-10-06 14:31:00,1123,United Kingdom,1,3,3,133,At Risk,1,398.31,147,577,1.9,227.04,1
15145,4,4,1194.73,2011-04-05 15:20:00,2011-12-05 17:21:00,756,United Kingdom,5,3,3,533,Loyal,2,298.68,244,248,5.89,527.77,0
13723,217,6,1194.08,2010-04-07 14:32:00,2011-05-06 17:04:00,593,United Kingdom,2,4,3,243,Can't Lose Them,1,199.01,394,611,3.58,213.74,1
14382,26,2,1193.6299999999999,2010-11-14 16:32:00,2011-11-13 16:18:00,1667,United Kingdom,4,2,3,423,New / Promising,2,596.81,363,390,1.87,334.81,0
14201,60,10,1193.54,2010-04-30 13:00:00,2011-10-10 13:27:00,806,United Kingdom,3,5,3,353,Loyal,1,119.35,528,588,6.21,222.35,0
12611,52,1,1193.32,2011-10-18 13:12:00,2011-10-18 13:12:00,846,Italy,4,1,3,413,New / Promising,2,1193.32,0,52,7.02,2513.13,0
13293,392,6,1192.94,2010-02-09 12:05:00,2010-11-12 13:28:00,555,United Kingdom,2,4,3,243,Can't Lose Them,1,198.82,276,669,3.27,195.04,1
13976,207,4,1192.36,2010-02-09 13:08:00,2011-05-17 09:13:00,452,United Kingdom,2,3,3,233,At Risk,1,298.09,461,668,2.19,195.85,1
14213,405,1,1192.2,2010-10-31 10:37:00,2010-10-31 10:37:00,244,United Kingdom,2,1,3,213,Hibernating / Lost,3,1192.2,0,405,0.9,321.89,1
16501,383,1,1191.23,2010-11-21 14:10:00,2010-11-21 14:10:00,628,United Kingdom,2,1,3,213,Hibernating / Lost,3,1191.23,0,383,0.95,339.5,1
13882,3,5,1191.13,2011-10-06 15:28:00,2011-12-07 11:16:00,953,United Kingdom,5,4,3,543,Champions,2,238.23,61,64,28.52,2038.3,0
16471,275,4,1189.98,2010-02-25 10:07:00,2011-03-10 09:41:00,670,United Kingdom,2,4,3,243,Can't Lose Them,1,297.5,377,653,2.24,199.92,1
17239,313,4,1189.45,2010-07-01 10:53:00,2011-01-31 09:41:00,515,United Kingdom,2,4,3,243,Can't Lose Them,1,297.36,213,527,2.77,247.11,1
14275,396,6,1189.3799999999999,2010-04-11 12:32:00,2010-11-09 09:06:00,538,United Kingdom,2,4,3,243,Can't Lose Them,1,198.23,211,608,3.6,214.09,1
18181,24,5,1188.34,2009-12-04 15:30:00,2011-11-15 15:08:00,510,United Kingdom,4,4,3,443,Champions,2,237.67,710,735,2.48,176.83,0
15737,15,8,1188.1200000000001,2011-04-11 10:01:00,2011-11-25 11:21:00,597,United Kingdom,5,4,3,543,Champions,2,148.52,228,243,12.02,535.56,0
17800,37,9,1186.21,2011-01-09 13:50:00,2011-11-02 12:57:00,731,United Kingdom,4,5,3,453,Champions,1,131.8,296,334,9.84,389.07,0
13388,131,3,1185.65,2010-04-15 10:18:00,2011-07-31 12:52:00,701,United Kingdom,3,3,3,333,Loyal,1,395.22,472,604,1.81,214.6,0
18060,408,2,1185.46,2010-05-24 08:34:00,2010-10-27 16:41:00,902,United Kingdom,2,3,3,233,At Risk,1,592.73,156,565,1.29,229.39,1
14206,239,3,1185.01,2010-11-02 11:37:00,2011-04-14 16:38:00,930,United Kingdom,2,3,3,233,At Risk,1,395.0,163,403,2.72,322.32,1
15259,513,4,1182.3799999999999,2010-01-26 09:41:00,2010-07-15 08:47:00,631,United Kingdom,1,3,3,133,At Risk,1,295.59,169,683,2.14,189.77,1
17021,442,6,1182.22,2010-04-29 20:05:00,2010-09-23 20:01:00,992,United Kingdom,1,4,3,143,Can't Lose Them,1,197.04,146,589,3.72,219.9,1
12818,262,1,1182.0800000000002,2011-03-23 12:06:00,2011-03-23 12:06:00,920,Austria,2,1,3,213,Hibernating / Lost,3,1182.08,0,262,1.39,492.93,1
13526,738,2,1182.0,2009-12-01 12:56:00,2009-12-01 13:13:00,1911,United Kingdom,1,2,3,123,Hibernating / Lost,1,591.0,0,738,0.99,175.53,1
15573,32,5,1180.47,2009-12-10 14:19:00,2011-11-08 11:38:00,769,United Kingdom,4,4,3,443,Champions,2,236.09,697,729,2.5,177.07,0
13395,185,3,1180.23,2010-10-14 13:00:00,2011-06-07 15:04:00,1660,United Kingdom,3,3,3,333,Loyal,1,393.41,236,421,2.6,306.86,1
18277,58,5,1180.05,2010-08-02 10:26:00,2011-10-12 15:22:00,449,United Kingdom,4,4,3,443,Champions,1,236.01,436,495,3.69,261.26,0
17058,82,3,1179.89,2011-04-14 09:18:00,2011-09-19 10:13:00,592,United Kingdom,3,3,3,333,Loyal,1,393.3,158,240,4.56,538.03,0
16614,183,3,1179.79,2010-05-10 15:18:00,2011-06-10 11:36:00,349,United Kingdom,3,3,3,333,Loyal,1,393.26,395,578,1.89,222.98,1
16693,69,5,1179.48,2010-02-21 12:42:00,2011-10-02 11:10:00,658,United Kingdom,3,4,3,343,Loyal,1,235.9,587,657,2.78,196.74,0
13797,437,3,1179.45,2010-03-02 12:17:00,2010-09-29 10:34:00,573,United Kingdom,1,3,3,133,At Risk,1,393.15,210,648,1.69,199.33,1
16345,44,2,1178.79,2010-08-13 17:13:00,2011-10-26 16:03:00,611,United Kingdom,4,2,3,423,New / Promising,2,589.4,438,483,1.51,267.0,0
18025,380,6,1177.72,2010-03-30 17:33:00,2010-11-25 12:37:00,1053,United Kingdom,2,4,3,243,Can't Lose Them,1,196.29,239,619,3.54,208.46,1
13233,74,4,1176.46,2010-01-14 14:10:00,2011-09-26 13:25:00,1604,United Kingdom,3,3,3,333,Loyal,1,294.12,619,694,2.1,185.3,0
15210,225,3,1176.19,2010-05-13 14:42:00,2011-04-28 16:11:00,841,United Kingdom,2,3,3,233,At Risk,1,392.06,350,575,1.9,223.47,1
14370,451,6,1175.78,2010-02-01 08:35:00,2010-09-15 10:53:00,266,United Kingdom,1,4,3,143,Can't Lose Them,1,195.96,226,677,3.23,189.89,1
15994,55,3,1175.68,2010-03-14 11:55:00,2011-10-16 12:28:00,462,United Kingdom,4,3,3,433,Loyal,2,391.89,581,636,1.72,202.22,0
12885,63,3,1175.22,2011-08-08 11:45:00,2011-10-07 13:40:00,655,United Kingdom,3,3,3,333,Loyal,1,391.74,60,124,8.83,1037.72,0
15068,46,4,1174.9,2010-03-28 13:18:00,2011-10-24 14:47:00,832,United Kingdom,4,3,3,433,Loyal,2,293.73,575,621,2.35,207.08,0
12526,1,3,1172.66,2011-09-06 14:19:00,2011-12-09 12:09:00,624,Germany,5,3,3,533,Loyal,2,390.89,93,94,11.65,1366.16,0
14126,8,4,1172.46,2010-09-21 14:51:00,2011-12-02 11:45:00,887,United Kingdom,5,3,3,533,Loyal,2,293.12,436,444,3.29,289.31,0
18071,258,6,1169.68,2009-12-05 10:31:00,2011-03-27 11:59:00,678,United Kingdom,2,4,3,243,Can't Lose Them,1,194.95,477,735,2.98,174.29,1
16926,371,5,1169.6100000000001,2010-07-01 12:57:00,2010-12-03 13:42:00,197,United Kingdom,2,4,3,243,Can't Lose Them,1,233.92,155,526,3.47,243.51,1
18057,393,3,1168.14,2010-01-18 12:42:00,2010-11-11 16:55:00,930,United Kingdom,2,3,3,233,At Risk,1,389.38,297,691,1.58,184.57,1
17373,40,7,1167.5,2010-02-28 14:17:00,2011-10-30 15:28:00,738,United Kingdom,4,4,3,443,Champions,1,166.79,609,649,3.94,197.15,0
13497,283,6,1166.83,2010-02-08 10:27:00,2011-03-02 09:04:00,525,United Kingdom,2,4,3,243,Can't Lose Them,1,194.47,386,670,3.27,190.78,1
17950,72,7,1166.29,2010-01-04 17:39:00,2011-09-28 15:18:00,659,United Kingdom,3,4,3,343,Loyal,1,166.61,631,704,3.63,181.44,0
17664,19,4,1166.23,2010-03-29 17:17:00,2011-11-21 11:29:00,1058,United Kingdom,5,4,3,543,Champions,2,291.56,601,620,2.35,205.55,0
14693,265,7,1165.36,2010-07-02 08:28:00,2011-03-20 12:50:00,388,United Kingdom,2,4,3,243,Can't Lose Them,1,166.48,261,526,4.86,242.73,1
17828,23,4,1165.09,2011-06-08 08:31:00,2011-11-17 08:41:00,655,Malta,4,4,3,443,Champions,2,291.27,162,185,7.89,689.44,0
14261,51,2,1163.45,2011-09-22 10:47:00,2011-10-20 10:04:00,406,United Kingdom,4,2,3,423,New / Promising,2,581.72,27,79,9.24,1612.53,0
16800,11,1,1162.65,2011-11-28 14:06:00,2011-11-28 14:06:00,524,United Kingdom,5,2,3,523,New / Promising,2,1162.65,0,30,12.17,4244.84,0
15347,366,4,1162.0,2010-09-28 12:50:00,2010-12-08 15:25:00,542,United Kingdom,2,3,3,233,At Risk,1,290.5,71,438,3.33,290.21,1
17525,360,3,1161.9,2010-10-07 09:12:00,2010-12-15 12:05:00,338,United Kingdom,2,3,3,233,At Risk,1,387.3,69,429,2.55,296.28,1
17539,628,3,1161.84,2009-12-13 12:36:00,2010-03-21 15:23:00,707,United Kingdom,1,3,3,133,At Risk,1,387.28,98,727,1.51,175.44,1
12972,414,4,1161.2,2010-02-16 14:30:00,2010-10-22 08:41:00,844,United Kingdom,1,3,3,133,At Risk,1,290.3,247,661,2.21,192.47,1
13897,50,3,1160.72,2010-01-31 13:48:00,2011-10-20 14:30:00,820,United Kingdom,4,3,3,433,Loyal,2,386.91,627,677,1.62,188.04,0
13459,625,2,1160.4099999999999,2010-01-26 13:35:00,2010-03-25 10:24:00,986,United Kingdom,1,2,3,123,Hibernating / Lost,1,580.2,57,682,1.07,186.24,1
15088,21,2,1160.07,2011-10-03 14:05:00,2011-11-18 13:14:00,460,United Kingdom,4,2,3,423,New / Promising,2,580.04,45,67,10.9,1896.73,0
13601,45,4,1159.99,2010-06-11 15:03:00,2011-10-25 17:31:00,957,United Kingdom,4,3,3,433,Loyal,2,290.0,501,546,2.67,232.29,0
17978,365,4,1159.99,2009-12-08 13:27:00,2010-12-09 14:05:00,1297,United Kingdom,2,4,3,243,Can't Lose Them,1,290.0,366,731,2.0,174.0,1
16838,197,4,1159.61,2010-02-14 15:27:00,2011-05-26 13:13:00,509,United Kingdom,2,4,3,243,Can't Lose Them,1,289.9,465,663,2.2,191.33,1
15108,142,3,1159.25,2011-04-26 10:54:00,2011-07-21 10:24:00,490,European Community,3,3,3,333,Loyal,1,386.42,85,228,4.8,556.44,0
13499,18,5,1159.11,2011-03-15 08:52:00,2011-11-22 11:21:00,1365,United Kingdom,5,4,3,543,Champions,2,231.82,252,270,6.76,470.13,0
17513,72,3,1158.8,2010-08-17 15:08:00,2011-09-28 16:42:00,440,United Kingdom,3,3,3,333,Loyal,1,386.27,407,479,2.29,265.37,0
16184,64,6,1158.79,2011-05-12 13:33:00,2011-10-06 17:43:00,561,United Kingdom,3,4,3,343,Loyal,1,193.13,147,211,10.38,601.41,0
17169,58,3,1156.73,2010-05-10 13:00:00,2011-10-13 10:25:00,671,United Kingdom,4,3,3,433,Loyal,2,385.58,520,578,1.89,218.62,0
14788,7,3,1156.32,2010-04-22 18:16:00,2011-12-02 17:06:00,719,United Kingdom,5,3,3,533,Loyal,2,385.44,588,596,1.84,212.76,0
17127,429,5,1155.0300000000002,2009-12-04 15:18:00,2010-10-07 09:54:00,340,United Kingdom,1,4,3,143,Can't Lose Them,1,231.01,306,735,2.48,171.87,1
16637,32,4,1154.47,2011-04-28 10:20:00,2011-11-07 13:17:00,927,United Kingdom,4,4,3,443,Champions,2,288.62,193,226,6.46,559.35,0
13462,253,5,1153.85,2009-12-14 09:48:00,2011-04-01 11:20:00,697,United Kingdom,2,4,3,243,Can't Lose Them,1,230.77,473,726,2.51,173.77,1
14818,74,6,1153.56,2010-03-02 12:48:00,2011-09-27 11:01:00,543,United Kingdom,3,4,3,343,Loyal,1,192.26,573,648,3.38,194.95,0
14475,72,4,1151.15,2010-10-27 09:20:00,2011-09-29 10:46:00,541,United Kingdom,3,3,3,333,Loyal,1,287.79,337,409,3.57,308.22,0
17984,145,5,1148.69,2009-12-01 11:51:00,2011-07-17 15:59:00,938,United Kingdom,3,4,3,343,Loyal,1,229.74,593,739,2.47,170.24,0
15038,59,9,1146.53,2010-10-10 14:35:00,2011-10-12 11:33:00,381,United Kingdom,4,5,3,453,Champions,1,127.39,366,425,7.73,295.42,0
16766,273,2,1145.6,2011-03-11 13:34:00,2011-03-11 15:22:00,536,United Kingdom,2,2,3,223,Hibernating / Lost,1,572.8,0,273,2.67,458.81,1
17477,613,2,1144.3,2010-03-02 11:53:00,2010-04-06 10:06:00,225,United Kingdom,1,3,3,133,At Risk,1,572.15,34,648,1.13,193.96,1
12769,239,1,1143.6,2011-04-15 10:25:00,2011-04-15 10:25:00,356,Brazil,2,1,3,213,Hibernating / Lost,3,1143.6,0,239,1.53,524.91,1
17097,2,9,1143.36,2010-10-05 14:09:00,2011-12-07 17:05:00,582,Spain,5,5,3,553,Champions,0,127.04,428,430,7.64,291.18,0
17770,199,5,1143.27,2011-03-02 13:35:00,2011-05-25 12:34:00,365,United Kingdom,2,4,3,243,Can't Lose Them,1,228.65,83,282,6.47,443.81,1
14585,50,5,1143.27,2010-10-19 12:17:00,2011-10-20 14:33:00,630,United Kingdom,4,4,3,443,Champions,1,228.65,366,417,4.38,300.45,0
12439,683,2,1142.88,2009-12-14 08:40:00,2010-01-26 12:11:00,478,Cyprus,1,2,3,123,Hibernating / Lost,1,571.44,43,726,1.01,173.15,1
17908,374,5,1142.47,2009-12-14 12:24:00,2010-12-01 11:45:00,670,United Kingdom,2,4,3,243,Can't Lose Them,1,228.49,351,726,2.51,172.05,1
13856,169,11,1142.03,2010-03-30 15:40:00,2011-06-24 10:03:00,1105,United Kingdom,3,5,3,353,Loyal,1,103.82,450,619,6.49,202.14,0
16270,353,1,1141.24,2010-12-21 14:26:00,2010-12-21 14:26:00,688,United Kingdom,2,1,3,213,Hibernating / Lost,3,1141.24,0,353,1.03,352.64,1
12673,5,3,1140.02,2010-11-03 10:46:00,2011-12-04 13:55:00,695,Germany,5,3,3,533,Loyal,2,380.01,396,402,2.72,310.09,0
12689,26,2,1139.61,2011-08-04 10:04:00,2011-11-14 08:31:00,622,France,4,2,3,423,New / Promising,2,569.8,101,128,5.7,974.36,0
15586,593,3,1139.1,2010-01-08 10:02:00,2010-04-26 11:00:00,1338,United Kingdom,1,3,3,133,At Risk,1,379.7,108,701,1.56,177.7,1
17500,17,3,1138.0,2011-11-10 09:08:00,2011-11-22 14:25:00,17,United Kingdom,5,3,3,533,Loyal,2,379.33,12,30,36.5,4153.66,0
15879,404,4,1137.8,2009-12-17 19:54:00,2010-10-31 16:21:00,639,United Kingdom,2,4,3,243,Can't Lose Them,1,284.45,317,722,2.02,172.38,1
12402,323,6,1136.9,2010-02-07 12:41:00,2011-01-20 13:49:00,576,Belgium,2,4,3,243,Can't Lose Them,1,189.48,347,671,3.26,185.31,1
16521,415,3,1136.36,2010-03-01 13:22:00,2010-10-20 13:09:00,1013,United Kingdom,1,3,3,133,At Risk,1,378.79,232,648,1.69,192.05,1
17302,15,5,1135.63,2011-02-07 10:14:00,2011-11-25 09:36:00,575,United Kingdom,5,4,3,543,Champions,2,227.13,290,306,5.96,406.11,0
17866,143,3,1134.95,2009-12-14 16:01:00,2011-07-20 11:07:00,535,United Kingdom,3,3,3,333,Loyal,1,378.32,582,725,1.51,171.38,0
13109,60,3,1134.03,2010-06-06 12:59:00,2011-10-11 10:16:00,757,United Kingdom,3,3,3,333,Loyal,2,378.01,491,551,1.99,225.67,0
15022,12,5,1133.44,2010-01-31 16:02:00,2011-11-28 12:35:00,640,United Kingdom,5,4,3,543,Champions,2,226.69,665,677,2.7,183.62,0
16989,7,6,1133.25,2011-07-12 09:11:00,2011-12-02 16:39:00,1233,United Kingdom,5,4,3,543,Champions,2,188.88,143,151,14.5,821.63,0
17201,54,4,1132.6,2010-02-10 12:26:00,2011-10-17 11:55:00,979,United Kingdom,4,4,3,443,Champions,1,283.15,613,668,2.19,186.03,0
18125,30,4,1131.75,2011-01-27 15:02:00,2011-11-10 12:29:00,800,United Kingdom,4,4,3,443,Champions,2,282.94,286,316,4.62,392.15,0
15500,8,4,1131.56,2011-09-19 13:47:00,2011-12-01 13:47:00,572,United Kingdom,5,3,3,533,Loyal,2,282.89,73,81,18.02,1529.3,0
13393,584,4,1131.45,2009-12-07 18:12:00,2010-05-05 09:34:00,662,United Kingdom,1,3,3,133,At Risk,1,282.86,148,732,1.99,168.87,1
15695,267,4,1131.04,2010-01-27 10:56:00,2011-03-18 08:32:00,484,United Kingdom,2,3,3,233,At Risk,1,282.76,414,682,2.14,181.53,1
17622,598,2,1130.21,2010-04-20 13:38:00,2010-04-21 12:36:00,379,United Kingdom,1,3,3,133,At Risk,1,565.1,0,598,1.22,206.83,1
13447,23,3,1129.14,2011-11-04 10:10:00,2011-11-16 13:38:00,584,United Kingdom,4,3,3,433,Loyal,2,376.38,12,36,30.42,3434.84,0
13145,40,7,1128.52,2010-04-19 11:11:00,2011-10-31 12:45:00,265,United Kingdom,4,4,3,443,Champions,1,161.22,560,600,4.26,206.04,0
14450,181,7,1128.44,2010-04-08 12:09:00,2011-06-12 10:46:00,522,United Kingdom,3,4,3,343,Loyal,1,161.21,429,611,4.18,202.16,1
14671,549,2,1127.45,2010-05-20 18:21:00,2010-06-08 13:39:00,571,United Kingdom,1,2,3,123,Hibernating / Lost,1,563.72,18,568,1.29,218.16,1
15969,3,5,1127.05,2010-07-05 13:10:00,2011-12-07 11:06:00,223,United Kingdom,5,4,3,543,Champions,2,225.41,519,522,3.5,236.68,0
12605,376,3,1124.95,2010-09-07 14:21:00,2010-11-28 14:18:00,921,Germany,2,3,3,233,At Risk,1,374.98,81,458,2.39,268.86,1
16306,214,7,1124.72,2010-10-01 09:36:00,2011-05-10 12:12:00,712,United Kingdom,2,4,3,243,Can't Lose Them,1,160.67,221,435,5.87,282.94,1
14479,254,4,1124.71,2009-12-06 13:48:00,2011-03-31 09:07:00,562,United Kingdom,2,3,3,233,At Risk,1,281.18,479,733,1.99,167.86,1
13778,103,4,1124.49,2010-05-23 13:34:00,2011-08-28 15:25:00,511,United Kingdom,3,3,3,333,Loyal,1,281.12,462,565,2.58,217.59,0
14917,597,2,1123.75,2010-04-22 09:44:00,2010-04-22 11:28:00,891,United Kingdom,1,2,3,123,Hibernating / Lost,1,561.88,0,597,1.22,205.65,1
17492,248,3,1122.42,2010-07-09 13:27:00,2011-04-05 15:21:00,450,United Kingdom,2,3,3,233,At Risk,1,374.14,270,518,2.11,236.83,1
13486,78,3,1122.41,2011-07-07 17:19:00,2011-09-22 13:13:00,669,United Kingdom,3,3,3,333,Loyal,1,374.14,76,155,7.06,792.43,0
17562,14,7,1122.38,2011-06-19 13:06:00,2011-11-25 14:21:00,817,United Kingdom,5,4,3,543,Champions,2,160.34,159,173,14.77,710.47,0
15882,199,8,1122.38,2009-12-10 15:33:00,2011-05-25 11:35:00,638,United Kingdom,2,4,3,243,Can't Lose Them,1,140.3,530,729,4.01,168.78,1
18218,211,4,1121.84,2010-02-17 15:11:00,2011-05-12 12:53:00,1028,United Kingdom,2,4,3,243,Can't Lose Them,1,280.46,448,660,2.21,185.94,1
13368,257,4,1121.5,2010-10-12 10:43:00,2011-03-28 09:59:00,606,United Kingdom,2,3,3,233,At Risk,1,280.38,166,424,3.44,289.35,1
13589,15,6,1120.74,2009-12-06 10:26:00,2011-11-25 12:10:00,293,United Kingdom,5,4,3,543,Champions,2,186.79,719,734,2.98,166.99,0
16955,185,6,1120.31,2010-01-31 11:38:00,2011-06-08 10:36:00,723,United Kingdom,3,4,3,343,Loyal,1,186.72,492,678,3.23,180.93,1
17007,51,7,1120.1,2010-09-28 13:51:00,2011-10-20 10:47:00,717,United Kingdom,4,4,3,443,Champions,1,160.01,386,437,5.85,280.82,0
16354,63,5,1119.46,2010-04-27 13:33:00,2011-10-07 14:28:00,592,United Kingdom,3,4,3,343,Loyal,1,223.89,528,591,3.09,207.55,0
17423,46,3,1118.95,2010-11-11 12:26:00,2011-10-24 13:36:00,790,United Kingdom,4,3,3,433,Loyal,2,372.98,347,394,2.78,311.07,0
16278,100,3,1117.84,2010-07-28 15:40:00,2011-08-31 17:12:00,342,United Kingdom,3,3,3,333,Loyal,1,372.61,399,499,2.19,244.8,0
16769,260,4,1117.05,2009-12-14 11:10:00,2011-03-24 13:41:00,295,United Kingdom,2,4,3,243,Can't Lose Them,1,279.26,465,726,2.01,168.39,1
14080,33,5,1115.68,2009-12-02 15:01:00,2011-11-07 11:09:00,268,United Kingdom,4,4,3,443,Champions,2,223.14,704,737,2.48,166.02,0
12591,317,3,1114.95,2010-10-27 10:42:00,2011-01-26 14:35:00,645,Italy,2,3,3,233,At Risk,1,371.65,91,409,2.68,298.81,1
13167,19,5,1113.15,2010-11-14 12:58:00,2011-11-21 12:24:00,995,United Kingdom,5,4,3,543,Champions,2,222.63,371,390,4.68,312.57,0
14672,235,4,1113.14,2010-01-28 11:33:00,2011-04-19 10:19:00,646,United Kingdom,2,3,3,233,At Risk,1,278.29,445,681,2.14,178.66,1
17788,74,2,1112.95,2011-08-02 10:38:00,2011-09-27 10:09:00,210,United Kingdom,3,3,3,333,Loyal,2,556.48,55,130,5.62,938.23,0
16139,19,5,1111.15,2009-12-03 13:51:00,2011-11-21 08:37:00,602,United Kingdom,5,4,3,543,Champions,2,222.23,717,736,2.48,165.34,0
16702,415,4,1109.53,2009-12-07 16:40:00,2010-10-20 14:10:00,690,United Kingdom,1,4,3,143,Can't Lose Them,1,277.38,316,732,1.99,165.6,1
15069,179,1,1109.53,2011-06-13 14:16:00,2011-06-13 14:16:00,520,United Kingdom,3,1,3,313,Needs Attention,3,1109.53,0,179,2.04,679.03,0
15559,568,1,1109.4,2010-05-20 14:06:00,2010-05-20 14:06:00,526,United Kingdom,1,1,3,113,Hibernating / Lost,3,1109.4,0,568,0.64,213.0,1
15828,375,1,1108.82,2010-11-29 16:41:00,2010-11-29 16:41:00,367,United Kingdom,2,1,3,213,Hibernating / Lost,3,1108.82,0,375,0.97,322.67,1
13091,28,2,1108.8,2009-12-10 12:44:00,2011-11-11 15:54:00,1338,United Kingdom,4,2,3,423,New / Promising,2,554.4,701,730,1.0,166.32,0
15933,21,3,1107.46,2011-09-14 12:05:00,2011-11-18 13:14:00,885,United Kingdom,4,3,3,433,Loyal,2,369.15,65,87,12.59,1394.28,0
14375,185,3,1106.82,2010-06-16 14:34:00,2011-06-07 13:44:00,647,United Kingdom,3,3,3,333,Loyal,1,368.94,355,541,2.02,223.58,1
14891,148,4,1106.73,2010-09-29 12:41:00,2011-07-14 18:08:00,788,United Kingdom,3,3,3,333,Loyal,1,276.68,288,437,3.34,277.23,0
14102,5,5,1105.8799999999999,2011-10-26 12:46:00,2011-12-04 15:38:00,769,United Kingdom,5,4,3,543,Champions,2,221.18,39,45,40.56,2691.32,0
12434,85,3,1103.43,2010-11-23 13:38:00,2011-09-16 12:38:00,532,Australia,3,3,3,333,Loyal,1,367.81,296,381,2.87,316.68,0
16430,57,6,1102.94,2010-01-27 12:45:00,2011-10-13 14:47:00,306,United Kingdom,4,4,3,443,Champions,1,183.82,624,682,3.21,177.02,0
16895,65,5,1102.9,2010-02-12 11:07:00,2011-10-06 12:15:00,421,United Kingdom,3,4,3,343,Loyal,1,220.58,601,666,2.74,181.32,0
14948,23,6,1101.97,2011-05-04 14:52:00,2011-11-16 17:16:00,673,United Kingdom,4,4,3,443,Champions,2,183.66,196,219,10.0,550.98,0
13295,360,4,1101.97,2010-05-12 09:13:00,2010-12-15 11:21:00,733,United Kingdom,2,3,3,233,At Risk,1,275.49,217,577,2.53,209.1,1
15574,178,6,1101.44,2010-09-01 14:37:00,2011-06-15 12:01:00,750,United Kingdom,3,4,3,343,Loyal,1,183.57,286,464,4.72,259.94,0
16014,38,5,1100.28,2010-01-31 12:43:00,2011-11-02 12:04:00,462,United Kingdom,4,4,3,443,Champions,2,220.06,639,678,2.69,177.59,0
14009,198,3,1099.91,2010-09-03 12:08:00,2011-05-25 15:47:00,951,United Kingdom,2,3,3,233,At Risk,1,366.64,264,463,2.37,260.68,1
17137,416,6,1099.81,2010-01-31 12:27:00,2010-10-19 14:51:00,680,United Kingdom,1,4,3,143,Can't Lose Them,1,183.3,261,678,3.23,177.62,1
13509,9,7,1099.72,2010-07-20 12:10:00,2011-12-01 10:10:00,1213,United Kingdom,5,4,3,543,Champions,2,157.1,498,508,5.03,237.06,0
14971,35,3,1097.98,2011-10-27 13:33:00,2011-11-04 17:07:00,639,United Kingdom,4,3,3,433,Loyal,2,365.99,8,43,25.47,2796.53,0
13835,25,7,1095.27,2010-03-04 08:26:00,2011-11-14 15:37:00,520,United Kingdom,4,4,3,443,Champions,2,156.47,620,646,3.96,185.89,0
17703,35,4,1094.84,2010-10-17 16:16:00,2011-11-04 15:51:00,897,United Kingdom,4,4,3,443,Champions,2,273.71,382,418,3.49,286.57,0
15745,19,4,1094.59,2011-04-17 13:04:00,2011-11-20 13:45:00,421,United Kingdom,5,3,3,533,Loyal,2,273.65,217,236,6.19,508.17,0
14460,110,9,1093.5,2009-12-15 19:06:00,2011-08-21 14:19:00,1879,United Kingdom,3,5,3,353,Loyal,1,121.5,613,724,4.54,165.48,0
12866,283,3,1092.35,2010-07-25 11:37:00,2011-03-01 14:11:00,544,Belgium,2,3,3,233,At Risk,1,364.12,219,503,2.18,238.13,1
17726,395,7,1092.06,2010-01-26 14:58:00,2010-11-09 13:37:00,444,United Kingdom,2,4,3,243,Can't Lose Them,1,156.01,286,682,3.75,175.51,1
14199,218,4,1091.7,2010-06-27 12:13:00,2011-05-05 13:44:00,254,United Kingdom,2,3,3,233,At Risk,1,272.92,312,531,2.75,225.16,1
16211,89,3,1090.59,2010-09-27 15:24:00,2011-09-12 12:11:00,519,United Kingdom,3,3,3,333,Loyal,1,363.53,349,438,2.5,272.65,0
13853,57,1,1090.14,2011-10-13 14:18:00,2011-10-13 14:18:00,312,United Kingdom,4,1,3,413,New / Promising,2,1090.14,0,57,6.4,2093.07,0
15254,127,3,1088.35,2010-05-28 10:08:00,2011-08-04 15:04:00,711,United Kingdom,3,3,3,333,Loyal,1,362.78,433,561,1.95,212.23,0
16188,45,5,1087.66,2010-10-27 11:50:00,2011-10-26 12:19:00,838,United Kingdom,4,4,3,443,Champions,2,217.53,364,409,4.46,291.06,0
16223,375,2,1087.05,2010-11-09 12:07:00,2010-11-30 11:50:00,643,United Kingdom,2,2,3,223,Hibernating / Lost,1,543.52,20,396,1.84,300.02,1
15763,32,2,1086.92,2011-09-23 12:10:00,2011-11-08 09:44:00,271,United Kingdom,4,2,3,423,New / Promising,2,543.46,45,78,9.36,1526.04,0
14139,46,4,1086.8,2010-06-15 09:17:00,2011-10-24 13:34:00,1049,United Kingdom,4,3,3,433,Loyal,2,271.7,496,543,2.69,219.26,0
13546,12,5,1086.24,2010-10-11 17:23:00,2011-11-27 14:50:00,587,United Kingdom,5,4,3,543,Champions,2,217.25,411,424,4.3,280.25,0
16298,23,7,1085.7,2010-09-23 15:23:00,2011-11-17 11:59:00,308,United Kingdom,4,4,3,443,Champions,2,155.1,419,442,5.78,268.94,0
14013,110,5,1084.57,2010-03-26 10:02:00,2011-08-21 15:01:00,775,United Kingdom,3,4,3,343,Loyal,1,216.91,513,624,2.92,190.01,0
16533,19,3,1082.81,2011-10-02 15:07:00,2011-11-20 13:08:00,611,United Kingdom,5,3,3,533,Loyal,2,360.94,48,68,16.1,1743.34,0
14805,15,7,1082.55,2010-03-28 12:34:00,2011-11-24 16:20:00,416,United Kingdom,5,4,3,543,Champions,2,154.65,606,622,4.11,190.68,0
14083,4,11,1082.19,2009-12-18 11:34:00,2011-12-05 13:14:00,760,United Kingdom,5,5,3,553,Champions,0,98.38,717,722,5.56,164.1,0
14561,76,3,1080.76,2011-06-08 13:26:00,2011-09-25 12:39:00,1014,United Kingdom,3,3,3,333,Loyal,1,360.25,108,184,5.95,643.05,0
13744,95,2,1080.52,2011-02-20 14:08:00,2011-09-05 15:19:00,1153,United Kingdom,3,2,3,323,Needs Attention,1,540.26,197,292,2.5,405.2,0
12394,64,2,1080.48,2011-05-06 14:01:00,2011-10-07 08:08:00,808,Belgium,3,2,3,323,Needs Attention,2,540.24,153,217,3.36,544.56,0
14343,421,4,1079.66,2010-01-18 16:47:00,2010-10-14 13:05:00,626,United Kingdom,1,3,3,133,At Risk,1,269.92,268,690,2.12,171.67,1
13726,39,2,1079.6599999999999,2011-08-31 11:06:00,2011-11-01 10:49:00,1054,United Kingdom,4,2,3,423,New / Promising,2,539.83,61,101,7.23,1170.89,0
12354,232,1,1079.4,2011-04-21 13:11:00,2011-04-21 13:11:00,530,Spain,2,1,3,213,Hibernating / Lost,3,1079.4,0,232,1.57,508.4,1
13567,428,4,1079.29,2010-06-16 12:48:00,2010-10-07 12:51:00,643,United Kingdom,1,3,3,133,At Risk,1,269.82,113,542,2.69,217.74,1
15546,607,2,1079.1000000000001,2010-04-12 11:45:00,2010-04-12 11:51:00,198,United Kingdom,1,2,3,123,Hibernating / Lost,1,539.55,0,607,1.2,194.24,1
14352,157,4,1078.96,2011-03-11 14:58:00,2011-07-05 15:41:00,538,United Kingdom,3,3,3,333,Loyal,1,269.74,116,273,5.35,432.93,0
13656,165,4,1078.85,2010-04-23 12:50:00,2011-06-28 10:31:00,862,United Kingdom,3,3,3,333,Loyal,1,269.71,430,596,2.45,198.24,0
16183,67,4,1077.81,2010-10-28 14:43:00,2011-10-03 14:59:00,351,United Kingdom,3,4,3,343,Loyal,1,269.45,340,407,3.59,290.2,0
16642,5,3,1077.45,2010-10-20 14:22:00,2011-12-05 11:31:00,775,United Kingdom,5,3,3,533,Loyal,2,359.15,410,415,2.64,284.45,0
17366,432,2,1077.24,2010-09-09 19:46:00,2010-10-03 16:04:00,504,United Kingdom,1,3,3,133,At Risk,1,538.62,23,456,1.6,258.54,1
16071,45,4,1076.8,2010-02-22 14:48:00,2011-10-26 11:14:00,697,United Kingdom,4,4,3,443,Champions,2,269.2,610,655,2.23,180.09,0
16805,174,4,1076.34,2009-12-14 15:17:00,2011-06-19 11:23:00,1119,United Kingdom,3,4,3,343,Loyal,1,269.08,551,725,2.01,162.26,0
13607,40,2,1075.81,2010-11-02 11:48:00,2011-10-30 16:17:00,466,United Kingdom,4,2,3,423,New / Promising,2,537.9,362,403,1.81,292.08,0
15912,178,9,1074.7,2009-12-10 12:58:00,2011-06-14 14:29:00,759,United Kingdom,3,5,3,353,Loyal,1,119.41,551,729,4.51,161.56,0
16231,379,4,1074.47,2010-04-21 12:06:00,2010-11-25 15:00:00,563,United Kingdom,2,4,3,243,Can't Lose Them,1,268.62,218,598,2.44,196.63,1
13727,29,8,1074.15,2009-12-09 13:25:00,2011-11-11 09:46:00,368,United Kingdom,4,4,3,443,Champions,2,134.27,701,730,4.0,161.12,0
12639,239,3,1072.37,2010-03-22 09:05:00,2011-04-15 12:48:00,625,Sweden,2,3,3,233,At Risk,1,357.46,389,628,1.74,186.59,1
15238,29,3,1071.99,2011-06-08 16:00:00,2011-11-10 14:28:00,692,United Kingdom,4,3,3,433,Loyal,2,357.33,154,184,5.95,637.83,0
13467,11,2,1071.91,2011-11-03 16:56:00,2011-11-29 10:01:00,580,United Kingdom,5,2,3,523,New / Promising,2,535.96,25,36,20.28,3260.78,0
16593,51,8,1071.1399999999999,2009-12-05 10:44:00,2011-10-20 12:41:00,377,United Kingdom,4,5,3,453,Champions,1,133.89,684,735,3.97,159.46,0
14484,50,4,1070.98,2009-12-17 10:57:00,2011-10-20 14:11:00,744,United Kingdom,4,3,3,433,Loyal,2,267.74,672,723,2.02,162.25,0
16884,38,4,1070.97,2010-05-18 12:00:00,2011-11-02 11:52:00,520,United Kingdom,4,4,3,443,Champions,2,267.74,532,571,2.56,205.62,0
13521,1,3,1070.47,2011-11-29 15:09:00,2011-12-08 13:50:00,715,United Kingdom,5,3,3,533,Loyal,2,356.82,8,30,36.5,3907.18,0
17871,205,5,1068.95,2010-01-15 14:48:00,2011-05-19 11:32:00,665,United Kingdom,2,4,3,243,Can't Lose Them,1,213.79,488,693,2.63,168.68,1
17854,185,6,1068.5,2009-12-08 11:13:00,2011-06-07 16:21:00,607,United Kingdom,3,4,3,343,Loyal,1,178.08,546,732,2.99,159.74,1
16386,29,3,1068.16,2010-11-17 11:19:00,2011-11-11 12:28:00,700,United Kingdom,4,3,3,433,Loyal,2,356.05,359,388,2.82,301.22,0
15436,12,3,1067.75,2011-04-19 16:52:00,2011-11-27 16:05:00,574,United Kingdom,5,3,3,533,Loyal,2,355.92,221,234,4.68,499.71,0
15626,75,3,1067.52,2010-10-14 17:16:00,2011-09-26 10:03:00,1138,United Kingdom,3,3,3,333,Loyal,1,355.84,346,421,2.6,277.56,0
17522,2,5,1066.15,2011-05-05 16:31:00,2011-12-08 12:31:00,1022,United Kingdom,5,4,3,543,Champions,2,213.23,216,218,8.37,535.42,0
12475,54,2,1065.64,2010-10-26 08:49:00,2011-10-17 10:10:00,766,Germany,4,2,3,423,New / Promising,2,532.82,356,410,1.78,284.53,0
17277,228,2,1065.3500000000001,2011-01-21 12:37:00,2011-04-26 12:47:00,430,United Kingdom,2,3,3,233,At Risk,1,532.68,95,323,2.26,361.16,1
15639,134,3,1065.08,2010-04-13 13:11:00,2011-07-28 14:30:00,849,United Kingdom,3,3,3,333,Loyal,1,355.03,471,605,1.81,192.78,0
13959,79,6,1064.77,2010-07-16 15:11:00,2011-09-21 15:06:00,694,United Kingdom,3,4,3,343,Loyal,1,177.46,431,511,4.29,228.39,0
14488,68,1,1064.28,2011-10-03 09:30:00,2011-10-03 09:30:00,799,United Kingdom,3,1,3,313,Needs Attention,2,1064.28,0,68,5.37,1714.56,0
14966,15,6,1064.26,2009-12-15 13:48:00,2011-11-25 12:20:00,1060,United Kingdom,5,4,3,543,Champions,2,177.38,709,724,3.02,160.71,0
15801,46,3,1063.95,2011-08-22 09:53:00,2011-10-24 13:52:00,570,United Kingdom,4,3,3,433,Loyal,2,354.65,63,110,9.95,1058.63,0
12936,17,4,1063.9,2011-09-22 13:51:00,2011-11-22 17:32:00,559,United Kingdom,5,3,3,533,Loyal,2,265.98,61,78,18.72,1493.74,0
17849,218,8,1063.76,2010-03-14 15:17:00,2011-05-05 13:46:00,224,United Kingdom,2,5,3,253,Can't Lose Them,1,132.97,416,635,4.6,183.5,1
14411,311,1,1063.0,2011-02-02 10:56:00,2011-02-02 10:56:00,196,United Kingdom,2,1,3,213,Hibernating / Lost,3,1063.0,0,311,1.17,373.11,1
15706,64,4,1060.56,2011-08-15 14:32:00,2011-10-07 10:09:00,321,United Kingdom,3,3,3,333,Loyal,1,265.14,52,116,12.59,1001.43,0
17727,15,1,1060.25,2011-11-24 17:06:00,2011-11-24 17:06:00,645,United Kingdom,5,2,3,523,New / Promising,2,1060.25,0,30,12.17,3870.97,0
17421,386,3,1059.41,2009-12-04 15:43:00,2010-11-18 16:57:00,807,United Kingdom,2,3,3,233,At Risk,1,353.14,349,735,1.49,157.85,1
18130,15,3,1059.39,2011-10-13 15:58:00,2011-11-24 14:40:00,824,United Kingdom,5,3,3,533,Loyal,2,353.13,41,57,19.21,2035.09,0
17214,60,6,1059.1200000000001,2010-12-15 15:14:00,2011-10-10 13:17:00,272,United Kingdom,3,4,3,343,Loyal,1,176.52,298,359,6.1,323.03,0
12717,151,3,1058.91,2010-04-28 14:34:00,2011-07-11 14:47:00,595,Greece,3,3,3,333,Loyal,1,352.97,439,590,1.86,196.96,0
14734,426,4,1056.42,2010-06-06 15:15:00,2010-10-10 12:04:00,378,United Kingdom,1,3,3,133,At Risk,1,264.1,125,551,2.65,209.96,1
13065,373,5,1055.05,2010-06-10 11:44:00,2010-12-01 16:52:00,381,United Kingdom,2,4,3,243,Can't Lose Them,1,211.01,174,548,3.33,210.8,1
13140,108,5,1054.92,2010-08-05 19:05:00,2011-08-23 15:33:00,572,United Kingdom,3,4,3,343,Loyal,1,210.98,382,491,3.72,235.45,0
15645,19,3,1054.75,2010-10-10 12:51:00,2011-11-21 11:55:00,395,United Kingdom,5,3,3,533,Loyal,2,351.58,406,425,2.58,272.12,0
15977,17,2,1054.73,2011-10-31 16:24:00,2011-11-22 13:29:00,1016,United Kingdom,5,2,3,523,New / Promising,2,527.36,21,39,18.72,2961.65,0
15886,60,4,1052.8700000000001,2010-04-20 15:03:00,2011-10-10 14:25:00,667,United Kingdom,3,4,3,343,Loyal,1,263.22,537,598,2.44,192.68,0
15855,137,6,1052.72,2010-08-20 17:15:00,2011-07-26 10:20:00,712,United Kingdom,3,4,3,343,Loyal,1,175.45,339,476,4.6,242.12,0
14947,72,6,1049.79,2010-03-25 11:29:00,2011-09-28 15:48:00,416,United Kingdom,3,4,3,343,Loyal,1,174.96,552,625,3.5,183.71,0
13775,591,1,1049.66,2010-04-28 12:15:00,2010-04-28 12:15:00,455,United Kingdom,1,1,3,113,Hibernating / Lost,3,1049.66,0,591,0.62,195.24,1
17934,52,3,1049.15,2010-10-29 12:23:00,2011-10-19 11:16:00,628,United Kingdom,4,3,3,433,Loyal,2,349.72,354,407,2.69,282.22,0
16391,401,4,1048.86,2010-05-27 11:27:00,2010-11-04 12:27:00,713,United Kingdom,2,4,3,243,Can't Lose Them,1,262.21,161,562,2.6,204.52,1
15839,33,3,1048.49,2011-07-14 16:35:00,2011-11-06 13:54:00,675,United Kingdom,4,3,3,433,Loyal,2,349.5,114,148,7.4,775.89,0
16728,46,4,1048.28,2011-03-20 13:28:00,2011-10-24 14:36:00,671,United Kingdom,4,4,3,443,Champions,2,262.07,218,264,5.53,434.77,0
17578,218,7,1047.33,2010-06-28 11:55:00,2011-05-05 18:38:00,529,United Kingdom,2,4,3,243,Can't Lose Them,1,149.62,311,530,4.82,216.35,1
17474,600,1,1047.0,2010-04-19 10:43:00,2010-04-19 10:43:00,200,United Kingdom,1,2,3,123,Hibernating / Lost,3,1047.0,0,600,0.61,191.6,1
15407,34,4,1046.74,2011-02-07 13:18:00,2011-11-06 11:55:00,552,United Kingdom,4,3,3,433,Loyal,2,261.68,271,305,4.79,376.03,0
15091,68,3,1046.6100000000001,2010-02-03 11:46:00,2011-10-03 12:47:00,582,United Kingdom,3,3,3,333,Loyal,1,348.87,607,675,1.62,169.55,0
17555,20,5,1045.74,2010-05-02 16:02:00,2011-11-20 12:22:00,739,United Kingdom,4,4,3,443,Champions,2,209.15,566,586,3.11,195.14,0
14108,31,4,1044.96,2009-12-01 18:07:00,2011-11-09 10:41:00,660,United Kingdom,4,3,3,433,Loyal,2,261.24,707,738,1.98,155.18,0
15464,338,1,1044.65,2011-01-05 15:56:00,2011-01-05 15:56:00,348,United Kingdom,2,1,3,213,Hibernating / Lost,3,1044.65,0,338,1.08,338.47,1
12691,28,6,1044.4,2010-10-15 12:00:00,2011-11-11 16:49:00,438,France,4,4,3,443,Champions,2,174.07,392,421,5.2,271.55,0
15535,173,6,1044.3700000000001,2010-09-16 20:04:00,2011-06-19 16:02:00,314,United Kingdom,3,4,3,343,Loyal,1,174.06,275,449,4.88,254.82,0
15026,80,5,1044.09,2010-09-17 13:52:00,2011-09-20 13:52:00,595,United Kingdom,3,4,3,343,Loyal,1,208.82,368,448,4.07,254.97,0
13359,64,2,1043.31,2010-11-01 15:05:00,2011-10-07 09:30:00,381,United Kingdom,3,2,3,323,Needs Attention,2,521.66,339,403,1.81,283.26,0
16903,29,3,1041.75,2010-10-20 14:42:00,2011-11-10 15:32:00,717,United Kingdom,4,3,3,433,Loyal,2,347.25,386,415,2.64,275.02,0
16991,421,1,1041.21,2010-10-14 14:08:00,2010-10-14 14:08:00,793,United Kingdom,1,2,3,123,Hibernating / Lost,3,1041.21,0,421,0.87,271.76,1
16261,17,6,1041.16,2010-09-23 16:40:00,2011-11-22 17:23:00,454,United Kingdom,5,4,3,543,Champions,2,173.53,425,442,4.95,257.69,0
13613,453,5,1039.8500000000001,2010-02-17 12:40:00,2010-09-13 12:01:00,445,United Kingdom,1,4,3,143,Can't Lose Them,1,207.97,207,661,2.76,172.2,1
12648,155,4,1039.0,2010-01-07 18:38:00,2011-07-08 11:55:00,513,Germany,3,3,3,333,Loyal,1,259.75,546,701,2.08,162.08,0
13873,120,8,1038.92,2010-03-03 12:31:00,2011-08-12 10:08:00,472,United Kingdom,3,4,3,343,Loyal,1,129.86,526,647,4.51,175.7,0
17042,3,5,1036.58,2011-04-06 14:53:00,2011-12-07 12:26:00,990,United Kingdom,5,4,3,543,Champions,2,207.32,244,247,7.39,459.63,0
14902,26,3,1035.6200000000001,2010-06-04 12:35:00,2011-11-14 10:34:00,716,United Kingdom,4,3,3,433,Loyal,2,345.21,527,554,1.98,205.05,0
17926,133,5,1035.49,2010-05-09 14:07:00,2011-07-29 14:39:00,572,United Kingdom,3,4,3,343,Loyal,1,207.1,446,579,3.15,195.71,0
16260,51,1,1035.45,2011-10-20 09:40:00,2011-10-20 09:40:00,311,United Kingdom,4,1,3,413,New / Promising,2,1035.45,0,51,7.16,2224.15,0
17724,71,3,1033.0,2011-07-24 13:26:00,2011-09-29 15:26:00,300,United Kingdom,3,3,3,333,Loyal,1,344.33,67,138,7.93,819.16,0
14248,318,3,1032.95,2010-07-12 14:27:00,2011-01-25 14:45:00,692,United Kingdom,2,3,3,233,At Risk,1,344.32,197,515,2.13,220.02,1
13000,107,4,1032.5,2009-12-14 17:03:00,2011-08-25 10:43:00,548,United Kingdom,3,3,3,333,Loyal,1,258.12,618,725,2.01,155.65,0
17405,1,3,1031.41,2011-07-12 14:17:00,2011-12-08 17:12:00,726,United Kingdom,5,3,3,533,Loyal,2,343.8,149,150,7.3,752.92,0
13235,212,1,1031.07,2011-05-11 17:13:00,2011-05-11 17:13:00,441,United Kingdom,2,1,3,213,Hibernating / Lost,3,1031.07,0,212,1.72,532.03,1
12630,10,2,1030.88,2011-10-27 10:41:00,2011-11-30 10:48:00,542,Finland,5,2,3,523,New / Promising,2,515.44,34,44,16.59,2565.34,0
16198,75,2,1030.04,2010-09-28 13:59:00,2011-09-25 14:58:00,383,United Kingdom,3,2,3,323,Needs Attention,2,515.02,362,437,1.67,258.03,0
16418,45,5,1028.74,2010-10-13 12:31:00,2011-10-26 12:39:00,564,United Kingdom,4,4,3,443,Champions,2,205.75,378,423,4.31,266.03,0
15333,208,1,1028.56,2011-05-15 13:27:00,2011-05-15 13:27:00,344,United Kingdom,2,1,3,213,Hibernating / Lost,3,1028.56,0,208,1.75,539.99,1
16682,5,5,1028.0,2011-06-05 11:02:00,2011-12-05 12:13:00,1040,United Kingdom,5,4,3,543,Champions,2,205.6,183,188,9.71,598.91,0
16227,225,3,1027.22,2010-06-22 13:28:00,2011-04-28 13:33:00,436,United Kingdom,2,3,3,233,At Risk,1,342.41,310,535,2.05,210.58,1
15887,407,3,1027.15,2010-06-02 11:53:00,2010-10-29 08:36:00,605,United Kingdom,2,3,3,233,At Risk,1,342.38,148,556,1.97,202.35,1
15003,473,6,1027.03,2010-01-26 13:04:00,2010-08-23 15:44:00,525,United Kingdom,1,4,3,143,Can't Lose Them,1,171.17,209,682,3.21,164.84,1
17749,178,3,1026.18,2010-06-11 14:56:00,2011-06-14 15:45:00,446,United Kingdom,3,3,3,333,Loyal,1,342.06,368,546,2.01,206.26,0
16160,65,2,1025.44,2011-09-15 10:53:00,2011-10-05 14:19:00,1162,United Kingdom,3,2,3,323,Needs Attention,2,512.72,20,86,8.49,1305.9,0
13602,65,4,1025.17,2010-05-28 11:49:00,2011-10-06 11:47:00,538,United Kingdom,3,3,3,333,Loyal,1,256.29,495,561,2.6,199.91,0
17310,387,2,1025.1,2010-06-23 11:38:00,2010-11-17 16:00:00,402,United Kingdom,2,3,3,233,At Risk,1,512.55,147,535,1.36,209.12,1
14204,2,4,1024.83,2009-12-02 13:26:00,2011-12-07 13:38:00,469,United Kingdom,5,3,3,533,Loyal,2,256.21,735,737,1.98,152.19,0
17362,239,7,1024.04,2010-01-06 10:53:00,2011-04-14 14:43:00,549,United Kingdom,2,4,3,243,Can't Lose Them,1,146.29,463,703,3.63,159.31,1
12616,95,3,1023.1,2010-11-16 11:38:00,2011-09-05 15:17:00,492,France,3,3,3,333,Loyal,1,341.03,293,389,2.81,287.49,0
12710,97,3,1023.02,2011-05-22 14:05:00,2011-09-04 12:00:00,844,Germany,3,3,3,333,Loyal,1,341.01,104,201,5.45,557.55,0
12546,47,2,1021.5,2011-09-23 09:44:00,2011-10-24 12:09:00,628,Spain,4,2,3,423,New / Promising,2,510.75,31,78,9.36,1434.19,0
16568,428,2,1020.9000000000001,2010-03-08 14:51:00,2010-10-08 10:54:00,366,United Kingdom,1,2,3,123,Hibernating / Lost,1,510.45,213,641,1.14,174.57,1
13376,99,3,1019.76,2011-04-19 13:03:00,2011-09-01 16:16:00,493,United Kingdom,3,3,3,333,Loyal,1,339.92,135,234,4.68,477.25,0
18142,157,2,1019.52,2011-05-08 12:31:00,2011-07-05 13:19:00,1276,United Kingdom,3,3,3,333,Loyal,1,509.76,58,216,3.38,516.9,0
18074,374,2,1019.44,2010-07-22 10:31:00,2010-12-01 09:53:00,361,United Kingdom,2,3,3,233,At Risk,1,509.72,131,506,1.44,220.2,1
13956,5,5,1019.27,2011-03-13 12:51:00,2011-12-04 13:20:00,486,United Kingdom,5,4,3,543,Champions,2,203.85,266,271,6.73,411.57,0
12828,3,6,1018.71,2011-08-01 16:16:00,2011-12-07 08:45:00,494,United Kingdom,5,4,3,543,Champions,2,169.78,127,130,16.85,858.24,0
16284,31,3,1018.48,2010-11-11 13:27:00,2011-11-08 16:12:00,674,United Kingdom,4,3,3,433,Loyal,2,339.49,362,393,2.79,284.15,0
12905,577,2,1018.42,2010-01-26 14:06:00,2010-05-12 10:05:00,532,United Kingdom,1,2,3,123,Hibernating / Lost,1,509.21,105,682,1.07,163.46,1
12803,393,1,1017.81,2010-11-11 14:57:00,2010-11-11 14:57:00,867,Netherlands,2,1,3,213,Hibernating / Lost,3,1017.81,0,393,0.93,283.97,1
16787,398,4,1017.53,2010-01-10 11:12:00,2010-11-07 11:01:00,472,United Kingdom,2,4,3,243,Can't Lose Them,1,254.38,300,699,2.09,159.5,1
15970,304,2,1017.32,2010-04-20 11:30:00,2011-02-09 12:08:00,498,United Kingdom,2,2,3,223,Hibernating / Lost,1,508.66,295,599,1.22,186.17,1
13333,411,3,1015.74,2010-02-19 09:26:00,2010-10-24 13:24:00,685,United Kingdom,1,3,3,133,At Risk,1,338.58,247,659,1.66,168.61,1
14675,16,2,1015.58,2010-11-16 12:22:00,2011-11-23 12:58:00,660,United Kingdom,5,2,3,523,New / Promising,2,507.79,372,389,1.88,286.39,0
16623,246,4,1015.24,2010-04-26 14:04:00,2011-04-08 10:09:00,442,United Kingdom,2,4,3,243,Can't Lose Them,1,253.81,346,592,2.47,188.07,1
13466,184,5,1013.35,2010-03-21 13:50:00,2011-06-08 16:39:00,660,United Kingdom,3,4,3,343,Loyal,1,202.67,444,628,2.91,176.93,1
16441,67,5,1013.18,2010-03-22 18:00:00,2011-10-03 17:48:00,477,United Kingdom,3,4,3,343,Loyal,1,202.64,559,627,2.91,176.9,0
15951,9,3,1013.17,2010-11-23 18:20:00,2011-12-01 08:34:00,420,United Kingdom,5,3,3,533,Loyal,2,337.72,372,381,2.87,290.78,0
16451,88,3,1013.15,2009-12-04 15:11:00,2011-09-13 09:17:00,524,United Kingdom,3,3,3,333,Loyal,1,337.72,647,735,1.49,150.96,0
17197,30,1,1013.01,2011-11-10 10:32:00,2011-11-10 10:32:00,191,United Kingdom,4,2,3,423,New / Promising,2,1013.01,0,30,12.17,3698.5,0
17980,166,4,1012.72,2010-11-11 14:42:00,2011-06-27 12:01:00,771,United Kingdom,3,4,3,343,Loyal,1,253.18,227,393,3.72,282.55,0
14775,58,3,1011.9,2010-12-02 16:38:00,2011-10-12 15:27:00,1174,United Kingdom,4,3,3,433,Loyal,2,337.3,313,372,2.94,297.5,0
13039,584,4,1010.73,2009-12-17 16:43:00,2010-05-04 16:45:00,290,United Kingdom,1,3,3,133,At Risk,1,252.68,138,722,2.02,153.12,1
16572,127,3,1009.6,2011-03-09 12:04:00,2011-08-04 16:34:00,532,United Kingdom,3,3,3,333,Loyal,1,336.53,148,276,3.97,400.81,0
13258,12,5,1009.43,2010-11-04 12:45:00,2011-11-28 09:31:00,446,United Kingdom,5,4,3,543,Champions,2,201.89,388,401,4.55,275.58,0
16287,170,5,1006.98,2010-01-19 09:46:00,2011-06-23 09:08:00,1426,United Kingdom,3,4,3,343,Loyal,1,201.4,519,690,2.64,159.51,0
13429,11,4,1006.8,2011-09-25 15:59:00,2011-11-29 09:10:00,1390,United Kingdom,5,3,3,533,Loyal,2,251.7,64,75,19.47,1470.18,0
15850,19,6,1006.75,2009-12-13 13:27:00,2011-11-20 14:14:00,1334,United Kingdom,5,4,3,543,Champions,2,167.79,707,726,3.02,152.02,0
13238,17,6,1006.63,2010-04-28 15:02:00,2011-11-22 15:37:00,442,United Kingdom,5,4,3,543,Champions,2,167.77,573,590,3.71,186.73,0
15771,604,3,1006.54,2010-01-15 12:14:00,2010-04-14 13:56:00,512,United Kingdom,1,3,3,133,At Risk,1,335.51,89,694,1.58,159.03,1
13427,19,6,1006.53,2009-12-17 13:44:00,2011-11-20 13:02:00,880,United Kingdom,5,4,3,543,Champions,2,167.76,702,722,3.03,152.49,0
13549,26,8,1005.8,2010-11-17 12:17:00,2011-11-14 09:20:00,554,United Kingdom,4,4,3,443,Champions,2,125.72,361,388,7.53,284.0,0
13867,31,3,1005.09,2011-05-05 17:28:00,2011-11-08 15:48:00,501,United Kingdom,4,3,3,433,Loyal,2,335.03,186,218,5.02,504.56,0
14214,31,5,1004.38,2011-03-07 12:26:00,2011-11-09 10:31:00,751,United Kingdom,4,4,3,443,Champions,2,200.88,246,278,6.56,395.33,0
18160,57,3,1003.88,2010-11-18 16:33:00,2011-10-13 15:50:00,519,United Kingdom,4,3,3,433,Loyal,2,334.63,328,386,2.84,285.1,0
16435,512,3,1003.0699999999999,2010-07-13 13:29:00,2010-07-15 18:22:00,608,United Kingdom,1,3,3,133,At Risk,1,334.36,2,514,2.13,213.66,1
12446,58,1,1002.3100000000001,2011-10-13 12:50:00,2011-10-13 12:50:00,351,RSA,4,1,3,413,New / Promising,2,1002.31,0,58,6.29,1891.36,0
13857,393,6,1000.91,2010-05-17 14:21:00,2010-11-11 12:54:00,781,United Kingdom,2,4,3,243,Can't Lose Them,1,166.82,177,571,3.84,192.18,1
15508,189,6,1000.27,2011-04-18 15:31:00,2011-06-03 15:43:00,440,United Kingdom,2,4,3,243,Can't Lose Them,1,166.71,46,235,9.32,466.12,1
18143,117,2,1000.16,2011-07-21 10:44:00,2011-08-15 12:07:00,570,United Kingdom,3,3,3,333,Loyal,1,500.08,25,142,5.14,771.12,0
13005,174,4,999.68,2010-09-08 12:52:00,2011-06-19 10:53:00,462,United Kingdom,3,3,3,333,Loyal,1,249.92,283,457,3.19,239.17,0
17205,54,3,999.35,2010-05-24 15:36:00,2011-10-17 12:46:00,2214,United Kingdom,4,3,3,433,Loyal,2,333.12,510,564,1.94,193.88,0
17329,14,5,998.53,2009-12-03 16:09:00,2011-11-25 14:24:00,430,United Kingdom,5,4,3,543,Champions,2,199.71,721,736,2.48,148.58,0
17631,2,7,998.49,2009-12-09 14:15:00,2011-12-08 09:47:00,591,United Kingdom,5,4,3,543,Champions,2,142.64,728,730,3.5,149.77,0
13965,477,3,996.61,2010-01-05 15:21:00,2010-08-20 10:40:00,425,United Kingdom,1,3,3,133,At Risk,1,332.2,226,703,1.56,155.47,1
16699,380,7,994.6,2009-12-04 13:31:00,2010-11-24 14:38:00,640,United Kingdom,2,4,3,243,Can't Lose Them,1,142.09,355,735,3.48,148.34,1
12640,24,3,994.58,2011-09-19 12:01:00,2011-11-16 11:52:00,301,France,4,3,3,433,Loyal,2,331.53,57,82,13.35,1327.78,0
13292,39,5,994.51,2010-07-01 14:36:00,2011-11-01 10:04:00,530,United Kingdom,4,4,3,443,Champions,2,198.9,487,526,3.47,207.05,0
17237,11,4,994.13,2010-11-23 11:45:00,2011-11-28 15:02:00,414,United Kingdom,5,4,3,543,Champions,2,248.53,370,382,3.82,284.82,0
15104,197,2,993.54,2011-03-02 14:16:00,2011-05-27 12:29:00,635,United Kingdom,2,2,3,223,Hibernating / Lost,1,496.77,85,282,2.59,385.99,1
17299,12,6,993.23,2010-08-15 16:00:00,2011-11-28 12:01:00,919,United Kingdom,5,4,3,543,Champions,2,165.54,469,481,4.55,225.96,0
14223,92,3,991.13,2011-03-20 16:02:00,2011-09-08 13:38:00,585,United Kingdom,3,3,3,333,Loyal,1,330.38,171,264,4.15,411.32,0
13559,513,2,990.0,2010-06-14 11:52:00,2010-07-15 09:52:00,360,United Kingdom,1,2,3,123,Hibernating / Lost,1,495.0,30,544,1.34,198.99,1
13245,51,2,989.22,2010-10-03 14:03:00,2011-10-20 11:40:00,371,United Kingdom,4,2,3,423,New / Promising,2,494.61,381,432,1.69,250.77,0
17883,3,7,988.42,2010-02-25 20:07:00,2011-12-06 17:49:00,476,United Kingdom,5,4,3,543,Champions,2,141.2,648,652,3.92,166.05,0
15176,668,1,988.04,2010-02-10 10:36:00,2010-02-10 10:36:00,448,United Kingdom,1,1,3,113,Hibernating / Lost,3,988.04,0,668,0.55,163.03,1
16130,422,4,987.48,2010-04-01 13:58:00,2010-10-13 15:14:00,296,United Kingdom,1,4,3,143,Can't Lose Them,1,246.87,195,617,2.37,175.52,1
18237,3,5,987.1,2011-07-28 13:05:00,2011-12-07 12:49:00,622,United Kingdom,5,4,3,543,Champions,2,197.42,131,134,13.62,806.66,0
13439,255,3,986.61,2010-07-01 14:36:00,2011-03-29 14:20:00,952,United Kingdom,2,3,3,233,At Risk,1,328.87,270,526,2.08,205.21,1
12862,426,2,984.62,2010-08-01 15:20:00,2010-10-10 11:47:00,611,United Kingdom,1,2,3,123,Hibernating / Lost,1,492.31,69,495,1.47,217.11,1
17144,1,2,984.57,2011-09-16 12:50:00,2011-12-08 17:57:00,483,United Kingdom,5,3,3,533,Loyal,2,492.28,83,85,8.59,1268.61,0
15109,246,3,983.1,2009-12-04 12:33:00,2011-04-08 09:58:00,258,United Kingdom,2,3,3,233,At Risk,1,327.7,489,736,1.49,146.48,1
12534,131,1,981.18,2011-08-01 10:26:00,2011-08-01 10:26:00,645,Germany,3,1,3,313,Needs Attention,3,981.18,0,131,2.79,821.25,0
14510,376,3,979.85,2010-09-29 13:35:00,2010-11-29 12:46:00,793,United Kingdom,2,3,3,233,At Risk,1,326.62,60,436,2.51,245.94,1
14230,436,3,979.8000000000001,2010-06-09 13:56:00,2010-09-30 09:07:00,246,United Kingdom,1,3,3,133,At Risk,1,326.6,112,548,2.0,195.96,1
12722,85,4,979.63,2011-07-12 11:55:00,2011-09-15 14:50:00,565,France,3,3,3,333,Loyal,1,244.91,65,151,9.67,710.48,0
17369,456,1,979.1999999999999,2010-09-10 09:49:00,2010-09-10 09:49:00,1152,United Kingdom,1,2,3,123,Hibernating / Lost,3,979.2,0,456,0.8,235.01,1
13350,16,2,979.12,2011-09-21 13:33:00,2011-11-23 16:33:00,287,United Kingdom,5,2,3,523,New / Promising,2,489.56,63,79,9.24,1357.06,0
14157,20,5,978.69,2010-03-03 16:49:00,2011-11-20 11:32:00,521,United Kingdom,4,4,3,443,Champions,2,195.74,626,646,2.83,166.18,0
15132,18,5,977.9300000000001,2011-03-22 12:02:00,2011-11-21 17:10:00,679,United Kingdom,5,4,3,543,Champions,2,195.59,244,263,6.94,407.22,0
14454,376,5,977.3,2009-12-06 12:56:00,2010-11-28 13:26:00,400,United Kingdom,2,4,3,243,Can't Lose Them,1,195.46,357,733,2.49,146.01,1
17221,7,5,976.62,2010-04-11 15:34:00,2011-12-02 13:35:00,713,United Kingdom,5,4,3,543,Champions,2,195.32,599,607,3.01,176.37,0
15247,122,3,976.06,2010-06-20 14:08:00,2011-08-09 12:52:00,514,United Kingdom,3,3,3,333,Loyal,1,325.35,414,537,2.04,199.11,0
15406,31,4,975.87,2010-09-12 13:06:00,2011-11-08 13:22:00,547,United Kingdom,4,3,3,433,Loyal,2,243.97,422,453,3.22,235.68,0
17456,365,2,975.5600000000001,2010-09-09 15:28:00,2010-12-09 15:23:00,508,United Kingdom,2,3,3,233,At Risk,1,487.78,90,456,1.6,234.13,1
12915,149,4,975.1,2010-04-29 19:36:00,2011-07-14 11:34:00,411,United Kingdom,3,3,3,333,Loyal,1,243.78,440,589,2.48,181.37,0
16376,9,2,974.96,2011-11-22 16:47:00,2011-12-01 11:38:00,691,United Kingdom,5,2,3,523,New / Promising,2,487.48,8,30,24.33,3558.12,0
15449,26,3,974.52,2011-03-23 10:43:00,2011-11-13 15:02:00,812,United Kingdom,4,3,3,433,Loyal,2,324.84,235,262,4.18,407.35,0
12994,4,3,974.4200000000001,2011-03-16 08:31:00,2011-12-05 15:43:00,459,United Kingdom,5,3,3,533,Loyal,2,324.81,264,269,4.07,396.59,0
17958,117,2,973.88,2009-12-11 15:37:00,2011-08-15 12:19:00,284,United Kingdom,3,3,3,333,Loyal,1,486.94,611,728,1.0,146.08,0
16009,22,4,972.11,2011-07-03 11:26:00,2011-11-17 16:51:00,366,United Kingdom,4,4,3,443,Champions,2,243.03,137,160,9.12,664.93,0
14350,274,3,972.03,2010-10-05 15:52:00,2011-03-10 14:14:00,543,United Kingdom,2,3,3,233,At Risk,1,324.01,155,430,2.55,247.87,1
15025,33,2,971.84,2010-05-20 13:28:00,2011-11-06 15:20:00,502,United Kingdom,4,2,3,423,New / Promising,2,485.92,535,568,1.29,188.05,0
17100,18,2,971.74,2011-11-21 16:36:00,2011-11-21 16:36:00,800,United Kingdom,5,3,3,533,Loyal,2,485.87,0,30,24.33,3546.37,0
15208,1,6,970.52,2010-10-12 12:17:00,2011-12-08 17:24:00,356,United Kingdom,5,4,3,543,Champions,2,161.75,422,424,5.17,250.87,0
18006,23,4,969.51,2009-12-17 12:27:00,2011-11-16 16:52:00,395,United Kingdom,4,4,3,443,Champions,2,242.38,699,723,2.02,146.88,0
13223,200,6,969.1200000000001,2010-02-12 13:27:00,2011-05-23 13:03:00,568,United Kingdom,2,4,3,243,Can't Lose Them,1,161.52,464,665,3.29,159.42,1
14953,25,4,968.82,2010-09-30 12:16:00,2011-11-14 14:59:00,1012,United Kingdom,4,3,3,433,Loyal,2,242.2,410,436,3.35,243.41,0
16254,378,3,967.44,2010-03-17 15:43:00,2010-11-26 13:22:00,543,United Kingdom,2,3,3,233,At Risk,1,322.48,253,632,1.73,167.37,1
17123,162,3,966.67,2010-05-16 11:52:00,2011-07-01 10:47:00,651,United Kingdom,3,3,3,333,Loyal,1,322.22,410,573,1.91,184.63,0
13204,731,1,966.6600000000001,2009-12-08 14:56:00,2009-12-08 14:56:00,428,United Kingdom,1,1,3,113,Hibernating / Lost,3,966.66,0,731,0.5,145.0,1
14138,2,2,965.8800000000001,2011-10-07 09:38:00,2011-12-08 12:44:00,600,United Kingdom,5,2,3,523,New / Promising,2,482.94,62,64,11.41,1653.1,0
17987,185,5,965.4399999999999,2010-06-07 11:23:00,2011-06-07 14:22:00,981,United Kingdom,3,4,3,343,Loyal,1,193.09,365,551,3.31,191.74,1
15084,380,2,965.2,2010-03-04 10:45:00,2010-11-25 11:58:00,600,United Kingdom,2,2,3,223,Hibernating / Lost,1,482.6,266,646,1.13,163.6,1
16763,199,2,964.6999999999999,2009-12-01 15:26:00,2011-05-25 11:52:00,492,United Kingdom,2,2,3,223,Hibernating / Lost,1,482.35,539,738,0.99,143.26,1
14931,5,4,964.6800000000001,2011-04-13 09:32:00,2011-12-05 10:19:00,416,Channel Islands,5,3,3,533,Loyal,2,241.17,236,241,6.06,438.45,0
12716,4,2,963.49,2011-07-29 13:28:00,2011-12-06 08:55:00,703,France,5,2,3,523,New / Promising,2,481.74,129,133,5.49,793.43,0
15028,8,6,962.94,2010-11-10 14:32:00,2011-12-01 14:06:00,673,United Kingdom,5,4,3,543,Champions,2,160.49,385,394,5.56,267.7,0
12580,247,2,962.9,2010-05-12 11:45:00,2011-04-07 10:24:00,564,Germany,2,2,3,223,Hibernating / Lost,1,481.45,329,577,1.27,183.43,1
15268,479,3,961.9000000000001,2010-04-13 11:27:00,2010-08-18 10:33:00,428,United Kingdom,1,3,3,133,At Risk,1,320.63,126,606,1.81,174.1,1
15156,1,3,961.49,2011-11-06 12:41:00,2011-12-08 18:22:00,597,United Kingdom,5,3,3,533,Loyal,2,320.5,32,34,32.21,3096.99,0
16518,61,4,959.37,2010-06-01 13:31:00,2011-10-09 15:04:00,524,United Kingdom,3,4,3,343,Loyal,1,239.84,495,556,2.63,189.23,0
18192,72,1,957.97,2011-09-29 09:53:00,2011-09-29 09:53:00,339,United Kingdom,3,2,3,323,Needs Attention,2,957.97,0,72,5.07,1457.07,0
17080,22,7,957.53,2010-07-01 16:03:00,2011-11-17 12:59:00,569,United Kingdom,4,4,3,443,Champions,2,136.79,503,526,4.86,199.44,0
12464,10,8,957.05,2011-02-03 13:30:00,2011-11-29 13:33:00,95,Belgium,5,4,3,543,Champions,2,119.63,299,309,9.45,339.15,0
17172,79,3,956.5699999999999,2009-12-13 11:46:00,2011-09-22 09:36:00,1215,United Kingdom,3,3,3,333,Loyal,1,318.86,647,727,1.51,144.44,0
16141,88,2,955.94,2010-10-18 14:12:00,2011-09-12 13:11:00,410,United Kingdom,3,2,3,323,Needs Attention,1,477.97,328,417,1.75,250.93,0
12990,31,7,955.5,2010-03-30 11:36:00,2011-11-08 13:01:00,480,United Kingdom,4,4,3,443,Champions,2,136.5,588,620,4.12,168.71,0
14629,4,2,955.26,2011-10-23 16:13:00,2011-12-05 16:55:00,378,United Kingdom,5,2,3,523,New / Promising,2,477.63,43,47,15.53,2225.28,0
15430,468,2,954.75,2010-06-29 15:04:00,2010-08-29 10:42:00,309,United Kingdom,1,2,3,123,Hibernating / Lost,3,477.38,60,528,1.38,197.64,1
15835,44,4,954.09,2011-01-13 10:35:00,2011-10-26 15:47:00,439,United Kingdom,4,4,3,443,Champions,2,238.52,286,331,4.41,315.56,0
17189,106,5,953.63,2009-12-02 11:45:00,2011-08-25 19:39:00,601,United Kingdom,3,4,3,343,Loyal,1,190.73,631,738,2.47,141.33,0
17420,50,6,953.58,2010-11-03 13:09:00,2011-10-20 14:52:00,446,United Kingdom,4,4,3,443,Champions,1,158.93,351,401,5.46,260.33,0
16535,5,2,952.04,2010-11-19 13:01:00,2011-12-04 15:18:00,663,United Kingdom,5,2,3,523,New / Promising,2,476.02,380,385,1.9,271.33,0
14615,394,5,951.76,2010-06-09 13:59:00,2010-11-10 13:36:00,495,United Kingdom,2,4,3,243,Can't Lose Them,1,190.35,153,548,3.33,190.16,1
12679,59,4,951.02,2011-03-01 12:26:00,2011-10-12 12:30:00,545,France,4,3,3,433,Loyal,1,237.76,225,284,5.14,366.63,0
17955,199,6,949.9,2010-02-12 16:27:00,2011-05-25 12:00:00,681,United Kingdom,2,4,3,243,Can't Lose Them,1,158.32,466,665,3.29,156.26,1
12767,376,1,949.82,2010-11-29 09:38:00,2010-11-29 09:38:00,598,Korea,2,1,3,213,Hibernating / Lost,3,949.82,0,376,0.97,276.4,1
17081,25,6,949.39,2010-02-22 13:19:00,2011-11-14 12:56:00,381,United Kingdom,4,4,3,443,Champions,2,158.23,629,655,3.34,158.55,0
13046,31,3,949.25,2010-09-09 13:09:00,2011-11-09 08:36:00,505,United Kingdom,4,3,3,433,Loyal,2,316.42,425,456,2.4,227.82,0
13636,37,5,949.12,2011-02-27 14:29:00,2011-11-03 10:30:00,592,United Kingdom,4,4,3,443,Champions,2,189.82,248,285,6.4,364.45,0
15177,426,1,948.93,2010-10-10 12:48:00,2010-10-10 12:48:00,485,United Kingdom,1,1,3,113,Hibernating / Lost,3,948.93,0,426,0.86,244.82,1
12822,71,2,948.88,2011-09-13 13:46:00,2011-09-30 10:04:00,550,United Kingdom,3,2,3,323,Needs Attention,2,474.44,16,87,8.39,1194.17,0
12355,214,2,947.61,2010-05-21 11:59:00,2011-05-09 13:49:00,543,Bahrain,2,2,3,223,Hibernating / Lost,1,473.8,353,568,1.29,183.36,1
17516,15,6,947.5,2010-11-26 12:50:00,2011-11-24 16:51:00,522,United Kingdom,5,4,3,543,Champions,2,157.92,363,379,5.78,273.83,0
12403,50,2,947.36,2010-07-06 11:39:00,2011-10-21 10:51:00,256,Denmark,4,2,3,423,New / Promising,2,473.68,471,522,1.4,198.95,0
16136,60,4,946.8,2010-02-14 12:49:00,2011-10-11 09:10:00,674,United Kingdom,3,4,3,343,Loyal,1,236.7,603,664,2.2,156.22,0
16947,236,4,946.71,2010-03-03 10:54:00,2011-04-18 09:38:00,654,United Kingdom,2,4,3,243,Can't Lose Them,1,236.68,410,647,2.26,160.47,1
16861,60,5,946.59,2010-07-19 11:44:00,2011-10-11 09:05:00,616,United Kingdom,3,4,3,343,Loyal,1,189.32,448,509,3.59,203.9,0
17356,312,5,946.47,2010-01-20 12:14:00,2011-02-01 11:07:00,925,United Kingdom,2,4,3,243,Can't Lose Them,1,189.29,376,689,2.65,150.49,1
16146,157,4,946.38,2010-09-17 10:46:00,2011-07-05 14:20:00,544,United Kingdom,3,4,3,343,Loyal,1,236.6,291,449,3.25,230.68,0
18217,29,4,945.04,2010-07-01 15:39:00,2011-11-10 13:18:00,740,United Kingdom,4,4,3,443,Champions,2,236.26,496,526,2.78,197.04,0
17544,390,3,944.82,2010-11-14 14:47:00,2010-11-14 15:08:00,410,United Kingdom,2,3,3,233,At Risk,1,314.94,0,390,2.81,265.49,1
13261,269,2,944.1,2011-02-27 10:41:00,2011-03-16 12:22:00,210,United Kingdom,2,2,3,223,Hibernating / Lost,1,472.05,17,286,2.55,361.12,1
16203,59,6,943.84,2010-07-23 13:09:00,2011-10-12 12:31:00,537,United Kingdom,4,4,3,443,Champions,1,157.31,445,504,4.35,205.29,0
14994,382,5,942.77,2010-03-26 14:16:00,2010-11-22 12:59:00,566,United Kingdom,2,4,3,243,Can't Lose Them,1,188.55,240,623,2.93,165.74,1
16199,392,7,942.75,2010-03-18 18:47:00,2010-11-12 12:55:00,321,United Kingdom,2,4,3,243,Can't Lose Them,1,134.68,238,631,4.05,163.64,1
17604,217,6,942.38,2010-01-27 12:19:00,2011-05-06 13:43:00,614,United Kingdom,2,4,3,243,Can't Lose Them,1,157.06,464,682,3.21,151.25,1
13641,641,4,942.37,2009-12-05 13:17:00,2010-03-09 07:37:00,1097,United Kingdom,1,3,3,133,At Risk,1,235.59,93,734,1.99,140.65,1
15385,40,3,942.08,2010-01-31 13:02:00,2011-10-30 15:11:00,428,United Kingdom,4,3,3,433,Loyal,2,314.03,637,677,1.62,152.62,0
14958,147,6,941.99,2009-12-03 16:02:00,2011-07-15 14:20:00,248,United Kingdom,3,4,3,343,Loyal,1,157.0,588,736,2.98,140.36,0
14326,242,3,940.98,2010-06-25 12:10:00,2011-04-11 15:04:00,572,United Kingdom,2,3,3,233,At Risk,1,313.66,290,533,2.05,192.9,1
13416,44,3,940.8000000000001,2009-12-03 13:02:00,2011-10-27 08:56:00,208,United Kingdom,4,3,3,433,Loyal,2,313.6,692,736,1.49,140.18,0
13936,180,3,939.66,2010-10-21 14:21:00,2011-06-13 08:47:00,661,United Kingdom,3,3,3,333,Loyal,1,313.22,234,414,2.64,248.07,0
16109,219,3,939.48,2010-01-10 10:37:00,2011-05-05 09:17:00,1092,United Kingdom,2,3,3,233,At Risk,1,313.16,479,699,1.57,147.5,1
17527,54,4,939.37,2011-05-05 13:43:00,2011-10-17 12:32:00,488,United Kingdom,4,4,3,443,Champions,2,234.84,164,218,6.7,472.03,0
17298,101,5,938.36,2010-03-08 08:56:00,2011-08-30 16:43:00,850,United Kingdom,3,4,3,343,Loyal,1,187.67,540,642,2.84,159.89,0
12462,19,2,937.59,2011-02-09 14:44:00,2011-11-21 09:11:00,527,Spain,5,2,3,523,New / Promising,2,468.8,284,303,2.41,338.94,0
17020,542,2,935.62,2010-03-03 12:27:00,2010-06-15 13:06:00,860,United Kingdom,1,3,3,133,At Risk,3,467.81,104,647,1.13,158.59,1
14140,4,2,935.05,2011-11-08 11:20:00,2011-12-06 09:05:00,811,United Kingdom,5,2,3,523,New / Promising,2,467.52,27,32,22.81,3199.24,0
15792,400,2,933.84,2010-03-31 09:42:00,2010-11-05 08:21:00,606,United Kingdom,2,2,3,223,Hibernating / Lost,1,466.92,218,619,1.18,165.29,1
15787,26,3,933.26,2011-10-09 13:11:00,2011-11-13 14:55:00,534,United Kingdom,4,3,3,433,Loyal,2,311.09,35,61,17.95,1675.22,0
16661,540,4,932.76,2009-12-17 15:39:00,2010-06-17 15:24:00,364,United Kingdom,1,4,3,143,Can't Lose Them,1,233.19,181,722,2.02,141.31,1
18154,3,5,932.6,2010-08-06 09:18:00,2011-12-06 16:41:00,626,United Kingdom,5,4,3,543,Champions,2,186.52,487,491,3.72,208.16,0
18133,212,1,931.4999999999999,2011-05-11 14:14:00,2011-05-11 14:14:00,1350,United Kingdom,2,2,3,223,Hibernating / Lost,3,931.5,0,212,1.72,480.65,1
12396,674,1,931.43,2010-02-03 13:22:00,2010-02-03 13:22:00,591,RSA,1,1,3,113,Hibernating / Lost,3,931.43,0,674,0.54,150.89,1
13465,446,2,931.12,2010-05-02 15:30:00,2010-09-19 15:13:00,584,United Kingdom,1,2,3,123,Hibernating / Lost,3,465.56,139,586,1.25,174.58,1
14924,246,3,931.01,2010-03-10 12:51:00,2011-04-08 09:25:00,312,United Kingdom,2,3,3,233,At Risk,1,310.34,393,639,1.71,159.2,1
15723,365,4,930.7,2010-05-14 12:55:00,2010-12-10 11:12:00,427,United Kingdom,2,3,3,233,At Risk,1,232.68,209,574,2.54,177.3,1
14338,161,3,928.1,2010-06-21 10:32:00,2011-07-01 14:08:00,622,United Kingdom,3,3,3,333,Loyal,1,309.37,375,537,2.04,189.33,0
12373,311,3,927.6500000000001,2010-02-04 12:08:00,2011-02-01 13:10:00,511,Austria,2,3,3,233,At Risk,1,309.22,362,674,1.62,150.28,1
13288,443,5,927.61,2010-02-11 14:59:00,2010-09-22 16:32:00,379,United Kingdom,1,4,3,143,Can't Lose Them,1,185.52,223,666,2.74,152.5,1
15243,74,2,927.2800000000001,2010-09-30 17:28:00,2011-09-26 14:12:00,543,United Kingdom,3,2,3,323,Needs Attention,2,463.64,360,435,1.68,233.67,0
17805,74,2,927.03,2010-04-08 14:36:00,2011-09-27 11:49:00,1126,United Kingdom,3,3,3,333,Loyal,2,463.52,536,610,1.2,166.87,0
12728,71,5,926.17,2010-11-21 11:34:00,2011-09-29 15:31:00,535,France,3,4,3,343,Loyal,1,185.23,312,384,4.75,263.95,0
16975,423,3,926.12,2010-07-22 11:38:00,2010-10-12 17:53:00,586,United Kingdom,1,3,3,133,At Risk,1,308.71,82,506,2.16,200.04,1
13805,52,2,924.6,2011-08-02 15:29:00,2011-10-18 14:50:00,1900,United Kingdom,4,2,3,423,New / Promising,2,462.3,76,129,5.66,784.99,0
14128,61,3,924.21,2010-06-06 14:05:00,2011-10-10 12:00:00,814,United Kingdom,3,3,3,333,Loyal,2,308.07,490,551,1.99,183.92,0
18001,12,6,924.14,2009-12-02 15:38:00,2011-11-27 16:02:00,874,United Kingdom,5,4,3,543,Champions,2,154.02,725,737,2.97,137.23,0
16643,246,2,923.11,2010-10-13 09:47:00,2011-04-08 08:24:00,553,United Kingdom,2,2,3,223,Hibernating / Lost,1,461.56,176,423,1.73,239.55,1
17322,376,5,922.59,2009-12-03 11:46:00,2010-11-28 14:41:00,631,United Kingdom,2,4,3,243,Can't Lose Them,1,184.52,360,737,2.48,137.28,1
15654,9,2,922.53,2011-11-13 15:15:00,2011-11-30 13:08:00,475,United Kingdom,5,2,3,523,New / Promising,2,461.26,16,30,24.33,3366.74,0
13122,94,2,922.39,2011-04-13 14:12:00,2011-09-06 15:53:00,585,United Kingdom,3,2,3,323,Needs Attention,1,461.2,146,240,3.04,420.61,0
17472,191,4,922.35,2010-03-21 13:27:00,2011-06-01 14:57:00,551,United Kingdom,2,4,3,243,Can't Lose Them,1,230.59,437,628,2.32,160.49,1
16362,32,6,922.16,2010-09-28 09:24:00,2011-11-07 13:01:00,467,United Kingdom,4,4,3,443,Champions,2,153.69,405,438,5.0,230.54,0
13934,264,1,922.1,2011-03-21 08:39:00,2011-03-21 08:39:00,390,United Kingdom,2,1,3,213,Hibernating / Lost,3,922.1,0,264,1.38,381.75,1
15576,38,1,921.37,2011-11-02 12:03:00,2011-11-02 12:03:00,394,United Kingdom,4,1,3,413,New / Promising,2,921.37,0,38,9.61,2656.31,0
15957,32,3,921.25,2010-10-15 12:11:00,2011-11-08 12:14:00,453,United Kingdom,4,3,3,433,Loyal,2,307.08,389,421,2.6,239.52,0
14272,74,4,920.81,2010-05-06 14:01:00,2011-09-27 10:08:00,1097,United Kingdom,3,3,3,333,Loyal,1,230.2,508,582,2.51,173.34,0
14605,374,4,920.71,2009-12-08 13:59:00,2010-11-30 14:07:00,415,United Kingdom,2,3,3,233,At Risk,1,230.18,357,731,2.0,138.11,1
17363,395,3,920.46,2010-11-02 17:25:00,2010-11-09 17:11:00,499,United Kingdom,2,3,3,233,At Risk,1,306.82,6,402,2.72,250.37,1
12998,493,3,920.08,2010-02-24 11:55:00,2010-08-04 08:05:00,1124,United Kingdom,1,3,3,133,At Risk,1,306.69,160,654,1.67,153.65,1
14568,435,1,919.7,2010-09-30 17:15:00,2010-09-30 17:15:00,645,Channel Islands,1,1,3,113,Hibernating / Lost,3,919.7,0,435,0.84,231.76,1
13075,130,1,919.61,2011-08-02 10:19:00,2011-08-02 10:19:00,485,United Kingdom,3,1,3,313,Needs Attention,3,919.61,0,130,2.81,775.23,0
13872,527,3,919.57,2009-12-14 09:56:00,2010-06-30 15:35:00,339,United Kingdom,1,3,3,133,At Risk,1,306.52,198,726,1.51,138.85,1
16204,23,3,918.71,2009-12-08 17:44:00,2011-11-16 13:40:00,671,United Kingdom,4,3,3,433,Loyal,2,306.24,707,731,1.5,137.81,0
14342,21,6,918.44,2010-08-24 13:03:00,2011-11-18 13:21:00,521,United Kingdom,4,4,3,443,Champions,2,153.07,451,472,4.64,213.07,0
12368,628,1,917.6999999999999,2010-03-21 15:56:00,2010-03-21 15:56:00,330,Cyprus,1,1,3,113,Hibernating / Lost,3,917.7,0,628,0.58,159.68,1
14061,507,3,917.4300000000001,2009-12-01 18:03:00,2010-07-20 17:22:00,133,United Kingdom,1,3,3,133,At Risk,1,305.81,230,738,1.48,135.78,1
14015,53,1,917.34,2011-10-18 10:02:00,2011-10-18 10:02:00,378,United Kingdom,4,1,3,413,New / Promising,2,917.34,0,53,6.89,1896.14,0
12486,432,1,917.28,2010-10-04 12:14:00,2010-10-04 12:14:00,520,Sweden,1,1,3,113,Hibernating / Lost,3,917.28,0,432,0.84,231.15,1
15707,35,4,916.98,2011-09-14 14:19:00,2011-11-04 14:35:00,594,United Kingdom,4,3,3,433,Loyal,2,229.24,51,86,16.98,1167.75,0
14423,218,3,916.6099999999999,2010-01-14 11:49:00,2011-05-05 15:12:00,419,United Kingdom,2,3,3,233,At Risk,1,305.54,476,695,1.58,144.83,1
14839,418,3,915.28,2010-01-04 16:29:00,2010-10-17 13:01:00,927,United Kingdom,1,3,3,133,At Risk,1,305.09,285,704,1.56,142.78,1
14141,3,4,915.13,2011-08-26 14:40:00,2011-12-07 09:53:00,355,United Kingdom,5,3,3,533,Loyal,2,228.78,102,105,13.9,954.01,0
16216,267,1,914.9300000000001,2011-03-17 15:34:00,2011-03-17 15:34:00,254,United Kingdom,2,1,3,213,Hibernating / Lost,3,914.93,0,267,1.37,376.04,1
14549,311,4,913.6,2009-12-02 14:06:00,2011-02-01 13:47:00,394,United Kingdom,2,3,3,233,At Risk,1,228.4,425,737,1.98,135.67,1
15364,96,2,913.19,2011-03-30 13:39:00,2011-09-05 09:46:00,493,United Kingdom,3,2,3,323,Needs Attention,1,456.6,158,254,2.87,393.13,0
12572,9,2,912.42,2011-10-19 08:20:00,2011-12-01 09:20:00,446,Germany,5,2,3,523,New / Promising,2,456.21,43,52,14.04,1921.56,0
14359,19,3,912.18,2011-09-13 09:03:00,2011-11-20 13:17:00,371,United Kingdom,5,3,3,533,Loyal,2,304.06,68,88,12.44,1134.75,0
15244,65,3,912.08,2010-02-11 14:48:00,2011-10-05 13:19:00,472,United Kingdom,3,3,3,333,Loyal,2,304.03,600,666,1.64,149.58,0
17812,13,7,911.99,2010-06-27 13:34:00,2011-11-27 11:47:00,444,United Kingdom,5,4,3,543,Champions,2,130.28,517,530,4.82,188.38,0
16034,196,6,911.3199999999999,2010-10-26 13:00:00,2011-05-27 16:17:00,585,United Kingdom,2,4,3,243,Can't Lose Them,1,151.89,213,409,5.35,243.78,1
14289,9,6,911.26,2011-02-23 12:33:00,2011-12-01 11:44:00,292,United Kingdom,5,4,3,543,Champions,2,151.88,280,290,7.55,344.01,0
14133,130,4,911.14,2009-12-06 12:10:00,2011-08-02 11:34:00,398,United Kingdom,3,3,3,333,Loyal,1,227.78,603,734,1.99,135.98,0
16138,379,3,910.35,2010-04-28 09:51:00,2010-11-26 12:13:00,774,United Kingdom,2,3,3,233,At Risk,1,303.45,212,591,1.85,168.41,1
13038,80,3,908.46,2011-02-22 11:43:00,2011-09-20 14:37:00,360,United Kingdom,3,3,3,333,Loyal,1,302.82,210,291,3.76,341.58,0
15097,4,3,908.35,2010-05-05 14:22:00,2011-12-05 14:03:00,424,United Kingdom,5,3,3,533,Loyal,2,302.78,578,583,1.88,170.77,0
17464,158,3,907.14,2010-03-30 13:15:00,2011-07-04 13:19:00,608,United Kingdom,3,3,3,333,Loyal,1,302.38,461,619,1.77,160.56,0
14714,24,4,906.24,2010-01-21 11:51:00,2011-11-15 13:07:00,642,United Kingdom,4,3,3,433,Loyal,2,226.56,663,688,2.12,144.09,0
14969,704,1,906.23,2010-01-05 12:43:00,2010-01-05 12:43:00,665,United Kingdom,1,1,3,113,Hibernating / Lost,3,906.23,0,704,0.52,141.37,1
12642,25,3,905.26,2011-08-24 09:23:00,2011-11-14 15:03:00,546,Germany,4,3,3,433,Loyal,2,301.75,82,108,10.14,917.92,0
12785,364,3,904.4,2009-12-08 13:56:00,2010-12-10 13:48:00,446,Portugal,2,3,3,233,At Risk,1,301.47,366,731,1.5,135.66,1
17746,240,4,904.1800000000001,2010-04-08 12:54:00,2011-04-13 14:31:00,688,United Kingdom,2,4,3,243,Can't Lose Them,1,226.04,370,610,2.39,162.07,1
13573,50,6,903.07,2010-03-12 16:06:00,2011-10-20 14:33:00,646,United Kingdom,4,4,3,443,Champions,1,150.51,586,637,3.44,155.33,0
17176,202,3,902.3199999999999,2010-01-31 15:49:00,2011-05-22 12:41:00,576,United Kingdom,2,3,3,233,At Risk,1,300.77,475,677,1.62,146.17,1
17382,65,8,902.28,2010-05-19 11:33:00,2011-10-05 13:05:00,457,United Kingdom,3,5,3,353,Loyal,1,112.78,504,570,5.12,173.23,0
13548,96,3,901.44,2010-08-25 13:44:00,2011-09-04 14:50:00,558,United Kingdom,3,3,3,333,Loyal,1,300.48,375,471,2.32,209.13,0
15511,12,5,900.53,2011-09-15 15:05:00,2011-11-28 09:43:00,269,United Kingdom,5,4,3,543,Champions,2,180.11,73,85,21.47,1160.09,0
12945,288,2,900.11,2010-02-21 15:18:00,2011-02-24 14:15:00,446,United Kingdom,2,2,3,223,Hibernating / Lost,1,450.06,367,656,1.11,149.87,1
12940,55,2,899.69,2011-09-13 10:16:00,2011-10-16 12:09:00,404,United Kingdom,4,2,3,423,New / Promising,2,449.84,33,88,8.3,1120.1,0
16834,228,2,898.96,2010-02-03 14:24:00,2011-04-26 09:37:00,760,United Kingdom,2,3,3,233,At Risk,1,449.48,446,674,1.08,145.63,1
15710,417,1,898.87,2010-10-18 17:05:00,2010-10-18 17:05:00,641,United Kingdom,1,1,3,113,Hibernating / Lost,3,898.87,0,417,0.88,237.3,1
12703,71,4,898.53,2010-01-24 12:05:00,2011-09-29 17:52:00,589,Germany,3,3,3,333,Loyal,1,224.63,613,685,2.13,143.54,0
15992,4,3,896.6,2010-09-12 11:52:00,2011-12-06 11:00:00,514,United Kingdom,5,3,3,533,Loyal,2,298.87,449,454,2.41,216.08,0
16916,24,4,896.12,2010-10-20 12:56:00,2011-11-16 12:08:00,647,United Kingdom,4,4,3,443,Champions,2,224.03,391,415,3.52,236.58,0
12503,584,1,896.0,2010-05-04 13:59:00,2010-05-04 13:59:00,560,Spain,1,1,3,113,Hibernating / Lost,3,896.0,0,584,0.62,166.66,1
13996,386,2,895.76,2010-11-05 15:07:00,2010-11-18 16:27:00,613,United Kingdom,2,2,3,223,Hibernating / Lost,3,447.88,13,399,1.83,245.89,1
16122,73,6,895.62,2010-10-10 15:26:00,2011-09-27 15:34:00,1280,United Kingdom,3,4,3,343,Loyal,1,149.27,352,425,5.15,230.62,0
17226,309,3,895.47,2010-02-12 14:31:00,2011-02-04 11:52:00,853,United Kingdom,2,3,3,233,At Risk,1,298.49,356,665,1.65,147.75,1
15211,60,2,894.4100000000001,2010-12-09 16:08:00,2011-10-10 13:31:00,240,United Kingdom,3,2,3,323,Needs Attention,2,447.21,304,365,2.0,268.33,0
12811,262,4,893.9,2010-10-08 12:20:00,2011-03-23 10:55:00,429,Portugal,2,3,3,233,At Risk,1,223.48,165,428,3.41,228.62,1
15066,53,1,893.59,2011-10-17 13:25:00,2011-10-17 13:25:00,317,United Kingdom,4,1,3,413,New / Promising,2,893.59,0,53,6.89,1847.05,0
17155,18,7,892.46,2009-12-03 11:34:00,2011-11-22 12:38:00,987,United Kingdom,5,4,3,543,Champions,2,127.49,719,737,3.47,132.72,0
16784,20,5,892.33,2010-03-28 12:55:00,2011-11-20 12:20:00,494,United Kingdom,4,4,3,443,Champions,2,178.47,601,621,2.94,157.41,0
16442,2,5,891.98,2009-12-13 11:05:00,2011-12-08 11:43:00,580,United Kingdom,5,4,3,543,Champions,2,178.4,725,727,2.51,134.34,0
15393,16,5,891.34,2009-12-15 17:56:00,2011-11-23 16:48:00,378,United Kingdom,5,4,3,543,Champions,2,178.27,707,724,2.52,134.77,0
16361,10,4,891.21,2011-09-29 13:13:00,2011-11-30 12:32:00,418,United Kingdom,5,4,3,543,Champions,2,222.8,61,71,20.56,1374.23,0
12652,331,2,891.03,2010-10-01 15:16:00,2011-01-12 15:00:00,529,France,2,2,3,223,Hibernating / Lost,1,445.52,102,434,1.68,224.54,1
14065,389,3,891.02,2010-10-04 12:03:00,2010-11-15 16:13:00,582,United Kingdom,2,3,3,233,At Risk,1,297.01,42,432,2.53,225.43,1
15824,453,2,890.94,2010-06-25 15:10:00,2010-09-12 13:20:00,478,United Kingdom,1,2,3,123,Hibernating / Lost,3,445.47,78,532,1.37,183.09,1
14813,370,4,888.91,2010-04-08 11:49:00,2010-12-05 11:57:00,392,United Kingdom,2,3,3,233,At Risk,1,222.23,241,611,2.39,159.34,1
15525,2,4,887.72,2010-11-22 12:10:00,2011-12-07 14:43:00,525,United Kingdom,5,3,3,533,Loyal,2,221.93,380,383,3.81,253.67,0
17537,30,2,887.67,2011-02-09 13:37:00,2011-11-10 10:56:00,699,United Kingdom,4,3,3,433,Loyal,2,443.84,273,303,2.41,320.9,0
15900,24,4,886.5699999999999,2010-05-26 11:27:00,2011-11-16 12:19:00,656,United Kingdom,4,4,3,443,Champions,2,221.64,539,563,2.59,172.21,0
16228,385,3,885.71,2010-11-04 18:54:00,2010-11-19 14:20:00,555,United Kingdom,2,3,3,233,At Risk,1,295.24,14,400,2.74,242.69,1
16898,26,5,885.21,2010-05-12 12:18:00,2011-11-13 15:44:00,695,United Kingdom,4,4,3,443,Champions,2,177.04,550,577,3.16,167.83,0
17704,169,2,885.19,2011-04-14 09:28:00,2011-06-24 09:40:00,343,United Kingdom,3,3,3,333,Loyal,1,442.6,71,240,3.04,403.65,0
17062,314,6,884.71,2010-09-26 11:57:00,2011-01-30 11:01:00,632,United Kingdom,2,4,3,243,Can't Lose Them,1,147.45,125,440,4.98,220.29,1
17708,188,4,884.1800000000001,2010-10-12 12:13:00,2011-06-05 10:12:00,387,United Kingdom,2,4,3,243,Can't Lose Them,1,221.04,235,424,3.44,228.11,1
12525,498,3,883.73,2010-03-02 14:01:00,2010-07-29 16:08:00,504,France,1,3,3,133,At Risk,1,294.58,149,647,1.69,149.35,1
18141,402,2,882.47,2010-04-29 15:32:00,2010-11-03 11:44:00,433,United Kingdom,2,3,3,233,At Risk,3,441.24,187,589,1.24,164.14,1
16387,323,5,882.46,2010-03-11 12:22:00,2011-01-21 11:34:00,448,United Kingdom,2,4,3,243,Can't Lose Them,1,176.49,315,639,2.86,151.43,1
17480,78,2,882.23,2010-09-21 12:31:00,2011-09-23 11:39:00,581,United Kingdom,3,3,3,333,Loyal,2,441.12,366,445,1.64,217.03,0
16900,17,3,882.16,2011-10-07 13:17:00,2011-11-23 10:32:00,832,United Kingdom,5,3,3,533,Loyal,2,294.05,46,63,17.38,1533.18,0
15907,4,3,881.87,2011-05-13 13:01:00,2011-12-06 12:21:00,477,United Kingdom,5,3,3,533,Loyal,2,293.96,206,210,5.21,459.46,0
16385,60,5,881.35,2010-03-18 12:45:00,2011-10-10 13:12:00,476,United Kingdom,3,4,3,343,Loyal,1,176.27,571,632,2.89,152.83,0
17143,417,2,880.97,2010-07-12 13:26:00,2010-10-18 15:27:00,314,United Kingdom,1,3,3,133,At Risk,3,440.48,98,515,1.42,187.64,1
16677,411,2,880.62,2010-02-25 16:11:00,2010-10-24 14:53:00,457,United Kingdom,1,2,3,123,Hibernating / Lost,3,440.31,240,652,1.12,147.94,1
13937,169,2,880.13,2010-11-02 12:37:00,2011-06-23 16:35:00,587,United Kingdom,3,2,3,323,Needs Attention,1,440.06,233,403,1.81,238.95,0
14551,18,7,878.09,2010-01-27 12:06:00,2011-11-21 13:36:00,486,United Kingdom,5,4,3,543,Champions,2,125.44,663,682,3.75,141.12,0
14612,415,1,877.7,2010-10-20 16:01:00,2010-10-20 16:01:00,134,United Kingdom,1,1,3,113,Hibernating / Lost,3,877.7,0,415,0.88,231.71,1
15653,93,2,877.4399999999999,2011-08-16 09:50:00,2011-09-08 10:49:00,1200,United Kingdom,3,2,3,323,Needs Attention,1,438.72,23,116,6.29,827.86,0
14645,157,3,876.89,2010-03-15 11:33:00,2011-07-06 09:15:00,587,United Kingdom,3,3,3,333,Loyal,1,292.3,477,635,1.72,150.83,0
17864,13,5,876.57,2010-10-08 11:49:00,2011-11-27 11:15:00,1015,United Kingdom,5,4,3,543,Champions,2,175.31,414,428,4.26,224.05,0
13768,727,2,875.97,2009-12-09 10:25:00,2009-12-13 10:41:00,373,United Kingdom,1,2,3,123,Hibernating / Lost,3,437.98,4,731,1.0,131.39,1
13166,283,2,875.93,2010-10-21 14:29:00,2011-03-01 15:16:00,522,United Kingdom,2,2,3,223,Hibernating / Lost,1,437.96,131,414,1.76,231.24,1
14681,71,6,875.1500000000001,2010-02-24 08:54:00,2011-09-29 15:52:00,172,United Kingdom,3,4,3,343,Loyal,1,145.86,582,654,3.35,146.59,0
12421,16,6,874.6,2010-07-22 13:57:00,2011-11-24 09:07:00,644,Spain,5,4,3,543,Champions,2,145.77,489,505,4.34,189.79,0
16513,5,4,874.59,2011-10-27 14:56:00,2011-12-05 10:18:00,407,United Kingdom,5,4,3,543,Champions,2,218.65,38,43,33.95,2226.95,0
16657,10,4,874.43,2011-03-30 12:02:00,2011-11-30 11:48:00,1130,United Kingdom,5,4,3,543,Champions,2,218.61,244,255,5.73,375.79,0
15469,50,3,874.25,2010-09-27 10:09:00,2011-10-20 16:21:00,287,United Kingdom,4,3,3,433,Loyal,2,291.42,388,439,2.49,217.69,0
12874,385,2,873.42,2010-06-03 12:51:00,2010-11-19 15:23:00,618,Belgium,2,2,3,223,Hibernating / Lost,3,436.71,169,554,1.32,172.94,1
14437,366,5,873.34,2010-05-05 12:20:00,2010-12-09 09:27:00,420,United Kingdom,2,4,3,243,Can't Lose Them,1,174.67,217,584,3.12,163.49,1
12675,554,2,873.25,2010-05-10 16:44:00,2010-06-04 09:49:00,333,Italy,1,2,3,123,Hibernating / Lost,3,436.62,24,578,1.26,165.04,1
12801,501,1,871.82,2010-07-27 09:38:00,2010-07-27 09:38:00,500,Sweden,1,1,3,113,Hibernating / Lost,3,871.82,0,501,0.73,190.93,1
17361,49,5,871.79,2010-02-01 14:30:00,2011-10-21 15:43:00,380,United Kingdom,4,4,3,443,Champions,2,174.36,627,676,2.7,141.23,0
12413,67,4,871.45,2010-11-02 13:26:00,2011-10-04 09:00:00,313,France,3,3,3,333,Loyal,1,217.86,335,402,3.63,237.25,0
15224,358,5,871.36,2010-01-15 16:14:00,2010-12-16 15:02:00,443,United Kingdom,2,4,3,243,Can't Lose Them,1,174.27,334,693,2.63,137.5,1
13200,19,4,870.09,2011-08-05 14:50:00,2011-11-20 15:35:00,516,United Kingdom,5,3,3,533,Loyal,2,217.52,107,126,11.59,756.32,0
17566,8,2,869.77,2011-11-14 13:42:00,2011-12-01 19:54:00,497,United Kingdom,5,3,3,533,Loyal,2,434.88,17,30,24.33,3174.19,0
14753,87,2,869.51,2010-09-05 11:04:00,2011-09-13 14:50:00,412,United Kingdom,3,2,3,323,Needs Attention,2,434.76,373,461,1.58,206.08,0
16948,139,7,868.77,2010-02-21 13:48:00,2011-07-24 12:46:00,2091,United Kingdom,3,4,3,343,Loyal,1,124.11,517,656,3.89,144.84,0
16357,33,4,868.37,2010-11-23 18:52:00,2011-11-06 16:04:00,389,United Kingdom,4,4,3,443,Champions,2,217.09,347,381,3.83,249.44,0
17167,380,3,867.11,2010-09-20 14:02:00,2010-11-25 10:05:00,429,United Kingdom,2,3,3,233,At Risk,1,289.04,65,445,2.46,213.31,1
16567,194,2,865.6,2011-01-07 09:31:00,2011-05-29 13:57:00,996,United Kingdom,2,2,3,223,Hibernating / Lost,1,432.8,142,337,2.17,281.75,1
13922,352,3,865.2,2010-08-29 14:36:00,2010-12-23 10:38:00,467,United Kingdom,2,3,3,233,At Risk,1,288.4,115,467,2.34,202.46,1
14600,306,2,865.1700000000001,2010-11-11 15:56:00,2011-02-07 09:48:00,487,United Kingdom,2,2,3,223,Hibernating / Lost,1,432.58,87,393,1.86,241.38,1
12815,148,2,863.46,2011-05-25 13:34:00,2011-07-15 10:21:00,374,Poland,3,2,3,323,Needs Attention,1,431.73,50,198,3.69,477.93,0
16668,15,13,862.42,2010-03-18 18:25:00,2011-11-24 17:43:00,773,United Kingdom,5,5,3,553,Champions,0,66.34,615,631,7.52,149.66,0
17358,303,5,861.01,2010-02-24 16:42:00,2011-02-09 16:57:00,430,United Kingdom,2,4,3,243,Can't Lose Them,1,172.2,350,653,2.79,144.13,1
12794,53,2,860.41,2011-09-02 12:01:00,2011-10-17 14:54:00,592,Portugal,4,2,3,423,New / Promising,2,430.2,45,99,7.37,951.17,0
13339,201,1,860.12,2011-05-23 08:31:00,2011-05-23 08:31:00,326,United Kingdom,2,1,3,213,Hibernating / Lost,3,860.12,0,201,1.82,469.63,1
14372,443,2,860.08,2010-04-19 15:57:00,2010-09-22 16:17:00,378,United Kingdom,1,2,3,123,Hibernating / Lost,3,430.04,156,599,1.22,157.39,1
13891,378,3,859.21,2010-05-06 16:02:00,2010-11-26 15:57:00,476,United Kingdom,2,3,3,233,At Risk,1,286.4,203,582,1.88,161.53,1
15870,33,4,857.46,2010-09-19 16:22:00,2011-11-07 10:58:00,504,United Kingdom,4,4,3,443,Champions,2,214.36,413,446,3.27,210.29,0
15287,22,5,856.03,2009-12-02 12:13:00,2011-11-17 15:34:00,1010,United Kingdom,4,4,3,443,Champions,2,171.21,715,738,2.47,126.87,0
17161,444,1,856.01,2010-09-21 16:44:00,2010-09-21 16:44:00,537,United Kingdom,1,2,3,123,Hibernating / Lost,3,856.01,0,444,0.82,210.58,1
15542,512,3,855.71,2009-12-02 11:53:00,2010-07-15 13:32:00,418,United Kingdom,1,3,3,133,At Risk,1,285.24,225,738,1.48,126.65,1
17064,59,3,855.45,2011-01-16 16:10:00,2011-10-12 10:18:00,316,United Kingdom,4,3,3,433,Loyal,2,285.15,268,327,3.35,286.58,0
12878,236,2,854.99,2011-03-18 14:02:00,2011-04-17 13:07:00,547,United Kingdom,2,2,3,223,Hibernating / Lost,1,427.5,29,266,2.74,351.4,1
13945,395,2,854.15,2010-08-17 09:59:00,2010-11-10 10:00:00,413,United Kingdom,2,2,3,223,Hibernating / Lost,3,427.08,85,480,1.52,194.75,1
14873,210,2,854.13,2010-03-16 10:51:00,2011-05-13 13:52:00,311,United Kingdom,2,2,3,223,Hibernating / Lost,1,427.06,423,634,1.15,147.34,1
14686,414,5,852.53,2010-02-18 18:29:00,2010-10-21 18:31:00,457,United Kingdom,1,4,3,143,Can't Lose Them,1,170.51,245,659,2.77,141.69,1
15266,338,5,852.21,2010-01-07 12:19:00,2011-01-05 13:40:00,236,United Kingdom,2,4,3,243,Can't Lose Them,1,170.44,363,702,2.6,132.94,1
16070,22,2,852.15,2011-11-07 16:36:00,2011-11-17 15:50:00,457,United Kingdom,4,2,3,423,New / Promising,2,426.08,9,32,22.81,2915.67,0
13991,12,6,851.88,2011-07-19 12:58:00,2011-11-27 16:18:00,994,United Kingdom,5,4,3,543,Champions,2,141.98,131,143,15.31,652.11,0
13479,201,4,851.37,2010-08-19 16:18:00,2011-05-23 10:45:00,716,United Kingdom,2,3,3,233,At Risk,1,212.84,276,477,3.06,195.39,1
16020,17,3,851.01,2011-10-05 13:54:00,2011-11-23 11:18:00,487,United Kingdom,5,3,3,533,Loyal,2,283.67,48,65,16.85,1433.95,0
18108,254,3,848.8100000000001,2009-12-02 12:47:00,2011-03-30 13:56:00,261,United Kingdom,2,3,3,233,At Risk,1,282.94,483,738,1.48,125.63,1
15264,64,2,848.4,2010-06-27 13:29:00,2011-10-06 13:49:00,443,United Kingdom,3,2,3,323,Needs Attention,2,424.2,466,530,1.38,175.62,0
15784,468,2,848.3299999999999,2010-02-05 14:42:00,2010-08-29 10:38:00,381,United Kingdom,1,2,3,123,Hibernating / Lost,3,424.16,204,672,1.09,138.7,1
14202,381,3,847.76,2010-03-25 10:36:00,2010-11-23 17:13:00,166,United Kingdom,2,3,3,233,At Risk,1,282.59,243,625,1.75,148.36,1
13487,58,5,846.87,2009-12-05 10:25:00,2011-10-13 12:07:00,362,United Kingdom,4,4,3,443,Champions,1,169.37,677,735,2.48,126.01,0
16877,12,6,846.62,2011-05-15 16:13:00,2011-11-27 13:47:00,458,United Kingdom,5,4,3,543,Champions,2,141.1,195,208,10.53,445.73,0
13970,386,2,846.55,2010-09-28 11:53:00,2010-11-18 13:21:00,469,United Kingdom,2,2,3,223,Hibernating / Lost,3,423.28,51,438,1.67,212.06,1
14803,162,3,845.55,2011-02-20 13:21:00,2011-06-30 13:58:00,370,United Kingdom,3,3,3,333,Loyal,1,281.85,130,292,3.75,317.08,0
13221,240,2,844.86,2010-12-15 13:24:00,2011-04-13 16:58:00,243,United Kingdom,2,2,3,223,Hibernating / Lost,1,422.43,119,359,2.03,257.26,1
16500,5,9,843.9100000000001,2010-06-14 14:54:00,2011-12-05 12:04:00,386,United Kingdom,5,5,3,553,Champions,2,93.77,538,543,6.05,170.19,0
14922,394,2,843.74,2010-07-20 09:45:00,2010-11-11 11:14:00,376,United Kingdom,2,2,3,223,Hibernating / Lost,3,421.87,114,508,1.44,182.25,1
16344,158,4,842.42,2010-02-09 12:16:00,2011-07-04 15:50:00,706,United Kingdom,3,4,3,343,Loyal,1,210.6,510,669,2.18,137.73,0
16846,50,3,842.41,2010-03-10 12:03:00,2011-10-20 13:55:00,517,United Kingdom,4,3,3,433,Loyal,2,280.8,589,640,1.71,144.05,0
17638,647,2,842.4,2009-12-18 09:58:00,2010-03-02 14:32:00,432,United Kingdom,1,3,3,133,At Risk,3,421.2,74,722,1.01,127.62,1
16810,192,2,842.0400000000001,2010-10-15 15:32:00,2011-05-31 15:32:00,372,United Kingdom,2,3,3,233,At Risk,1,421.02,228,420,1.74,219.77,1
14862,26,2,841.1999999999999,2011-07-14 11:20:00,2011-11-14 10:01:00,772,United Kingdom,4,2,3,423,New / Promising,2,420.6,122,149,4.9,618.28,0
12541,30,3,841.18,2011-03-04 09:32:00,2011-11-10 10:40:00,675,Spain,4,3,3,433,Loyal,2,280.39,251,281,3.9,328.06,0
16798,554,3,841.16,2009-12-10 19:35:00,2010-06-03 19:01:00,205,United Kingdom,1,3,3,133,At Risk,1,280.39,174,729,1.5,126.18,1
12891,186,11,840.5,2010-02-18 14:32:00,2011-06-07 12:31:00,2325,United Kingdom,3,5,3,353,Loyal,1,76.41,473,659,6.09,139.6,1
12543,448,1,840.25,2010-09-17 15:51:00,2010-09-17 15:51:00,683,Spain,1,1,3,113,Hibernating / Lost,3,840.25,0,448,0.81,204.18,1
13169,64,3,840.08,2010-05-26 15:58:00,2011-10-07 12:11:00,296,United Kingdom,3,3,3,333,Loyal,2,280.03,498,562,1.95,163.82,0
14355,366,3,840.0500000000001,2010-03-22 15:08:00,2010-12-09 12:16:00,617,United Kingdom,2,3,3,233,At Risk,1,280.02,261,627,1.75,147.01,1
18247,415,3,839.73,2010-03-18 15:52:00,2010-10-21 09:49:00,335,United Kingdom,1,3,3,133,At Risk,1,279.91,216,631,1.74,146.11,1
15713,143,4,839.64,2009-12-16 09:41:00,2011-07-19 13:34:00,451,United Kingdom,3,3,3,333,Loyal,1,209.91,580,724,2.02,127.21,0
13940,17,4,839.14,2011-07-18 16:05:00,2011-11-22 15:15:00,516,United Kingdom,5,3,3,533,Loyal,2,209.78,126,144,10.14,638.15,0
14037,176,6,836.95,2009-12-07 11:39:00,2011-06-16 13:57:00,590,United Kingdom,3,4,3,343,Loyal,1,139.49,556,733,2.99,125.12,0
15832,254,1,836.79,2011-03-30 15:29:00,2011-03-30 15:29:00,465,United Kingdom,2,1,3,213,Hibernating / Lost,3,836.79,0,254,1.44,361.49,1
14929,32,2,836.69,2010-10-14 12:22:00,2011-11-07 17:21:00,487,United Kingdom,4,2,3,423,New / Promising,2,418.34,389,422,1.73,217.12,0
13795,388,4,836.3,2010-03-12 12:44:00,2010-11-16 17:25:00,1250,United Kingdom,2,3,3,233,At Risk,1,209.08,249,638,2.29,143.64,1
16747,38,2,836.06,2011-10-03 10:18:00,2011-11-02 11:37:00,583,United Kingdom,4,2,3,423,New / Promising,2,418.03,30,68,10.74,1346.89,0
13386,414,2,835.46,2010-09-28 13:09:00,2010-10-21 12:52:00,514,United Kingdom,1,2,3,123,Hibernating / Lost,3,417.73,22,437,1.67,209.28,1
16737,53,2,835.1999999999999,2010-05-11 09:53:00,2011-10-17 13:03:00,576,United Kingdom,4,2,3,423,New / Promising,2,417.6,524,578,1.26,157.85,0
15190,434,1,834.4399999999999,2010-10-01 13:09:00,2010-10-01 13:09:00,790,United Kingdom,1,1,3,113,Hibernating / Lost,3,834.44,0,434,0.84,210.28,1
16863,31,3,834.27,2010-10-26 10:03:00,2011-11-08 15:26:00,640,United Kingdom,4,3,3,433,Loyal,2,278.09,378,410,2.67,222.75,0
16644,178,2,833.78,2011-05-11 12:53:00,2011-06-15 12:39:00,826,United Kingdom,3,2,3,323,Needs Attention,1,416.89,34,212,3.44,430.23,0
12903,429,1,833.53,2010-10-07 12:39:00,2010-10-07 12:39:00,493,United Kingdom,1,1,3,113,Hibernating / Lost,3,833.53,0,429,0.85,212.55,1
12545,75,2,832.39,2011-03-25 12:04:00,2011-09-25 13:39:00,517,Spain,3,2,3,323,Needs Attention,2,416.2,184,260,2.81,350.86,0
13175,582,2,831.45,2009-12-04 12:11:00,2010-05-06 13:13:00,423,United Kingdom,1,2,3,123,Hibernating / Lost,3,415.72,153,736,0.99,123.47,1
15766,64,3,831.06,2010-01-26 15:55:00,2011-10-06 17:03:00,334,United Kingdom,3,3,3,333,Loyal,2,277.02,618,682,1.61,133.8,0
15759,218,7,830.9300000000001,2009-12-02 10:08:00,2011-05-05 15:13:00,523,United Kingdom,2,4,3,243,Can't Lose Them,1,118.7,519,738,3.46,123.21,1
16924,21,3,829.89,2011-09-16 12:54:00,2011-11-18 12:53:00,467,United Kingdom,4,3,3,433,Loyal,2,276.63,62,84,13.04,1082.18,0
14087,3,3,829.47,2009-12-04 15:27:00,2011-12-07 12:41:00,718,United Kingdom,5,3,3,533,Loyal,2,276.49,732,735,1.49,123.59,0
14851,23,3,829.4100000000001,2010-03-19 11:52:00,2011-11-16 14:20:00,631,United Kingdom,4,3,3,433,Loyal,2,276.47,607,631,1.74,144.32,0
12953,10,2,828.8100000000001,2010-07-05 13:37:00,2011-11-30 09:24:00,364,United Kingdom,5,2,3,523,New / Promising,2,414.4,512,522,1.4,174.05,0
15617,396,3,828.5500000000001,2010-07-20 13:16:00,2010-11-08 16:07:00,485,United Kingdom,2,3,3,233,At Risk,1,276.18,111,507,2.16,178.96,1
17003,402,4,828.21,2010-05-10 11:20:00,2010-11-02 13:15:00,494,United Kingdom,2,4,3,243,Can't Lose Them,1,207.05,176,579,2.52,156.53,1
13681,18,4,827.83,2011-07-07 15:21:00,2011-11-22 11:13:00,360,United Kingdom,5,3,3,533,Loyal,2,206.96,137,155,9.42,584.87,0
17332,528,5,827.77,2010-02-21 14:41:00,2010-06-29 16:10:00,769,United Kingdom,1,4,3,143,Can't Lose Them,1,165.55,128,656,2.78,138.07,1
17045,113,5,827.6800000000001,2010-10-06 14:52:00,2011-08-18 17:09:00,294,United Kingdom,3,4,3,343,Loyal,1,165.54,316,429,4.25,211.06,0
13810,29,2,827.51,2011-10-14 12:57:00,2011-11-11 08:33:00,307,Germany,4,2,3,423,New / Promising,2,413.76,27,56,13.04,1618.63,0
16494,297,1,826.53,2011-02-16 12:49:00,2011-02-16 12:49:00,675,United Kingdom,2,1,3,213,Hibernating / Lost,3,826.53,0,297,1.23,304.99,1
17880,365,3,824.9200000000001,2009-12-09 16:13:00,2010-12-10 10:21:00,466,United Kingdom,2,3,3,233,At Risk,1,274.97,365,730,1.5,123.74,1
12550,79,1,824.83,2011-09-21 14:35:00,2011-09-21 14:35:00,564,Spain,3,1,3,313,Needs Attention,2,824.83,0,79,4.62,1143.21,0
13513,127,3,824.59,2010-02-22 16:36:00,2011-08-05 11:50:00,364,United Kingdom,3,3,3,333,Loyal,1,274.86,528,655,1.67,137.7,0
15107,311,9,824.35,2010-09-14 10:47:00,2011-02-01 14:46:00,330,United Kingdom,2,5,3,253,Can't Lose Them,1,91.59,140,452,7.27,199.76,1
14260,471,3,824.28,2010-06-09 11:23:00,2010-08-25 14:55:00,544,United Kingdom,1,3,3,133,At Risk,1,274.76,77,549,1.99,164.03,1
16264,438,2,823.53,2010-09-19 16:14:00,2010-09-27 15:00:00,616,United Kingdom,1,2,3,123,Hibernating / Lost,3,411.76,7,446,1.64,202.59,1
15137,521,2,823.4,2010-01-28 15:45:00,2010-07-07 09:41:00,596,United Kingdom,1,2,3,123,Hibernating / Lost,3,411.7,159,680,1.07,132.16,1
14508,22,5,822.92,2010-06-17 13:02:00,2011-11-17 19:48:00,347,United Kingdom,4,4,3,443,Champions,2,164.58,518,540,3.38,166.88,0
15847,38,5,822.57,2010-03-08 08:47:00,2011-11-01 14:41:00,643,United Kingdom,4,4,3,443,Champions,2,164.51,603,642,2.84,140.16,0
16164,17,3,822.48,2011-10-28 09:12:00,2011-11-22 15:04:00,433,United Kingdom,5,3,3,533,Loyal,2,274.16,25,43,25.47,2094.86,0
16680,43,3,821.45,2010-06-23 09:30:00,2011-10-27 17:35:00,377,United Kingdom,4,3,3,433,Loyal,2,273.82,491,535,2.05,168.4,0
16246,460,2,821.35,2010-02-08 12:32:00,2010-09-06 12:04:00,336,United Kingdom,1,2,3,123,Hibernating / Lost,3,410.68,209,670,1.09,134.29,1
13893,298,1,821.1,2011-02-15 11:30:00,2011-02-15 11:30:00,190,United Kingdom,2,1,3,213,Hibernating / Lost,3,821.1,0,298,1.22,300.52,1
15314,199,3,820.4499999999999,2010-10-07 15:41:00,2011-05-24 14:39:00,750,United Kingdom,2,3,3,233,At Risk,1,273.48,228,428,2.56,210.03,1
16135,263,2,819.45,2010-05-05 09:35:00,2011-03-22 12:30:00,395,United Kingdom,2,2,3,223,Hibernating / Lost,3,409.72,321,584,1.25,153.65,1
17683,386,3,819.01,2010-06-03 17:15:00,2010-11-19 10:11:00,781,United Kingdom,2,3,3,233,At Risk,1,273.0,168,554,1.98,162.16,1
16048,373,4,818.7900000000001,2010-06-08 12:36:00,2010-12-01 15:28:00,425,United Kingdom,2,4,3,243,Can't Lose Them,1,204.7,176,550,2.65,162.74,1
13612,633,1,818.29,2010-03-17 12:14:00,2010-03-17 12:14:00,444,United Kingdom,1,1,3,113,Hibernating / Lost,3,818.29,0,633,0.58,142.38,1
14890,254,3,817.25,2010-02-18 09:00:00,2011-03-31 11:57:00,636,United Kingdom,2,3,3,233,At Risk,1,272.42,406,660,1.66,135.67,1
16869,23,4,817.12,2011-06-17 13:01:00,2011-11-17 12:02:00,583,United Kingdom,4,4,3,443,Champions,2,204.28,152,175,8.34,511.11,0
15180,367,3,816.9300000000001,2010-04-29 15:27:00,2010-12-07 14:57:00,654,United Kingdom,2,3,3,233,At Risk,1,272.31,221,589,1.86,151.95,1
16943,212,3,816.73,2011-01-25 14:00:00,2011-05-12 11:57:00,145,United Kingdom,2,3,3,233,At Risk,1,272.24,106,318,3.44,280.95,1
14872,484,3,816.6,2010-03-16 14:41:00,2010-08-13 12:34:00,662,United Kingdom,1,3,3,133,At Risk,1,272.2,149,633,1.73,141.27,1
13514,74,4,815.9000000000001,2010-01-26 15:11:00,2011-09-27 09:39:00,288,United Kingdom,3,3,3,333,Loyal,1,203.98,608,682,2.14,130.96,0
15399,1,3,815.77,2011-09-21 15:57:00,2011-12-08 13:04:00,611,United Kingdom,5,3,3,533,Loyal,2,271.92,77,79,13.86,1130.64,0
14556,596,3,815.69,2010-01-20 11:49:00,2010-04-22 14:57:00,323,United Kingdom,1,3,3,133,At Risk,1,271.9,92,689,1.59,129.7,1
14624,57,6,814.07,2010-04-14 10:44:00,2011-10-13 13:44:00,645,United Kingdom,4,4,3,443,Champions,1,135.68,547,605,3.62,147.35,0
17869,107,7,813.64,2010-06-10 13:47:00,2011-08-24 16:16:00,491,United Kingdom,3,4,3,343,Loyal,1,116.23,440,547,4.67,162.84,0
16621,52,4,813.48,2011-03-07 11:32:00,2011-10-19 11:38:00,302,United Kingdom,4,4,3,443,Champions,2,203.37,226,278,5.25,320.31,0
16460,28,3,811.23,2011-09-19 10:15:00,2011-11-11 13:46:00,876,United Kingdom,4,3,3,433,Loyal,2,270.41,53,82,13.35,1082.99,0
15483,161,10,810.68,2010-01-24 15:42:00,2011-07-01 13:07:00,871,United Kingdom,3,5,3,353,Loyal,1,81.07,522,684,5.34,129.87,0
16624,81,2,810.5699999999999,2011-05-26 14:20:00,2011-09-20 12:39:00,488,United Kingdom,3,2,3,323,Needs Attention,2,405.28,116,197,3.71,451.08,0
13045,99,3,808.92,2010-08-10 13:02:00,2011-09-01 15:04:00,405,United Kingdom,3,3,3,333,Loyal,1,269.64,387,486,2.25,182.01,0
15533,19,3,807.57,2011-09-11 15:41:00,2011-11-20 15:35:00,289,United Kingdom,5,3,3,533,Loyal,2,269.19,69,89,12.3,993.31,0
17495,8,3,806.72,2010-11-14 11:50:00,2011-12-02 12:08:00,367,United Kingdom,5,3,3,533,Loyal,2,268.91,383,391,2.8,225.88,0
18248,123,2,804.02,2011-06-06 13:18:00,2011-08-09 10:19:00,511,United Kingdom,3,3,3,333,Loyal,1,402.01,63,186,3.92,472.76,0
16469,24,5,803.9,2010-07-13 13:17:00,2011-11-16 12:25:00,332,United Kingdom,4,4,3,443,Champions,2,160.78,490,514,3.55,171.23,0
15644,166,4,803.54,2011-03-23 15:37:00,2011-06-26 14:54:00,550,United Kingdom,3,3,3,333,Loyal,1,200.88,94,261,5.59,336.88,0
13637,52,3,803.05,2011-04-27 13:06:00,2011-10-18 13:32:00,404,United Kingdom,4,3,3,433,Loyal,2,267.68,174,226,4.85,389.47,0
18265,72,2,801.51,2011-07-04 15:26:00,2011-09-28 14:10:00,311,United Kingdom,3,3,3,333,Loyal,2,400.76,85,158,4.62,555.45,0
16127,39,2,801.31,2009-12-13 12:19:00,2011-10-31 13:58:00,391,United Kingdom,4,2,3,423,New / Promising,2,400.66,687,727,1.0,120.2,0
17114,6,8,801.12,2011-01-09 11:39:00,2011-12-04 12:17:00,215,United Kingdom,5,5,3,553,Champions,2,100.14,329,335,8.72,261.97,0
17023,417,3,800.18,2010-01-11 15:09:00,2010-10-18 15:37:00,530,United Kingdom,1,3,3,133,At Risk,1,266.73,280,697,1.57,125.63,1
13720,117,4,799.9,2011-03-30 09:17:00,2011-08-15 12:46:00,501,United Kingdom,3,3,3,333,Loyal,1,199.98,138,255,5.73,343.77,0
12787,10,4,799.18,2010-10-22 14:57:00,2011-11-30 08:44:00,506,Netherlands,5,3,3,533,Loyal,2,199.8,403,413,3.54,212.19,0
13041,451,4,799.13,2010-04-29 08:43:00,2010-09-15 11:44:00,335,United Kingdom,1,3,3,133,At Risk,1,199.78,139,590,2.47,148.04,1
17251,363,3,798.98,2009-12-15 10:36:00,2010-12-12 11:06:00,377,United Kingdom,2,3,3,233,At Risk,1,266.33,362,725,1.51,120.65,1
16438,6,5,798.35,2011-09-18 13:31:00,2011-12-04 10:51:00,463,United Kingdom,5,4,3,543,Champions,2,159.67,76,82,22.26,1066.28,0
15309,611,4,797.96,2009-12-04 13:01:00,2010-04-08 11:11:00,440,United Kingdom,1,3,3,133,At Risk,1,199.49,124,735,1.99,119.1,1
13389,11,3,797.96,2011-04-21 12:12:00,2011-11-28 14:01:00,429,United Kingdom,5,3,3,533,Loyal,2,265.99,221,233,4.7,375.05,0
17281,374,6,797.8499999999999,2010-02-04 13:00:00,2010-11-30 18:05:00,295,United Kingdom,2,4,3,243,Can't Lose Them,1,132.98,299,673,3.25,129.66,1
15637,53,5,797.59,2009-12-15 17:54:00,2011-10-18 08:28:00,651,United Kingdom,4,4,3,443,Champions,2,159.52,671,724,2.52,120.6,0
16155,382,5,796.9,2010-06-18 11:23:00,2010-11-23 12:03:00,495,United Kingdom,2,4,3,243,Can't Lose Them,1,159.38,158,540,3.38,161.61,1
15304,61,9,796.4000000000001,2010-10-14 10:24:00,2011-10-10 10:23:00,112,United Kingdom,3,5,3,353,Loyal,1,88.49,360,422,7.78,206.54,0
15396,113,2,796.38,2010-05-05 09:04:00,2011-08-19 10:56:00,278,United Kingdom,3,2,3,323,Needs Attention,1,398.19,471,584,1.25,149.32,0
16952,109,5,795.83,2009-12-11 13:52:00,2011-08-22 13:03:00,343,United Kingdom,3,4,3,343,Loyal,1,159.17,618,728,2.51,119.86,0
18084,16,3,795.2299999999999,2010-11-16 08:09:00,2011-11-23 13:57:00,755,United Kingdom,5,3,3,533,Loyal,2,265.08,372,389,2.81,223.46,0
13336,77,1,795.12,2011-09-23 14:05:00,2011-09-23 14:05:00,559,United Kingdom,3,1,3,313,Needs Attention,2,795.12,0,77,4.74,1130.66,0
15831,58,3,794.64,2011-01-19 14:52:00,2011-10-12 13:14:00,1092,United Kingdom,4,3,3,433,Loyal,2,264.88,265,324,3.38,268.59,0
16961,116,3,794.56,2010-06-25 14:36:00,2011-08-15 13:46:00,482,United Kingdom,3,3,3,333,Loyal,1,264.85,415,532,2.06,163.68,0
12713,1,1,794.55,2011-12-09 12:16:00,2011-12-09 12:16:00,505,Germany,5,1,3,513,New / Promising,2,794.55,0,30,12.17,2900.9,0
17212,253,3,794.41,2010-08-10 09:22:00,2011-03-31 19:42:00,727,United Kingdom,2,3,3,233,At Risk,1,264.8,233,487,2.25,178.74,1
13296,137,6,792.51,2010-05-11 14:29:00,2011-07-25 13:46:00,653,United Kingdom,3,4,3,343,Loyal,1,132.08,439,577,3.8,150.57,0
14022,225,2,792.15,2010-08-10 09:38:00,2011-04-28 14:39:00,681,United Kingdom,2,2,3,223,Hibernating / Lost,1,396.08,261,487,1.5,178.24,1
12680,1,4,790.81,2011-08-18 15:44:00,2011-12-09 12:50:00,439,France,5,3,3,533,Loyal,2,197.7,112,113,12.92,766.29,0
13484,241,3,790.72,2010-03-10 11:46:00,2011-04-12 16:30:00,224,United Kingdom,2,3,3,233,At Risk,1,263.57,398,640,1.71,135.21,1
13544,40,6,790.2,2010-03-05 11:31:00,2011-10-31 11:57:00,331,United Kingdom,4,4,3,443,Champions,2,131.7,605,645,3.4,134.33,0
14656,169,5,790.0,2010-04-15 12:10:00,2011-06-23 13:51:00,309,United Kingdom,3,4,3,343,Loyal,1,158.0,434,604,3.02,143.15,0
13016,73,3,789.89,2011-08-08 15:00:00,2011-09-27 14:08:00,527,United Kingdom,3,3,3,333,Loyal,2,263.3,49,123,8.9,703.01,0
16759,8,3,789.79,2011-11-09 09:06:00,2011-12-02 12:42:00,609,United Kingdom,5,3,3,533,Loyal,2,263.26,23,31,35.32,2789.5,0
16472,434,2,789.6,2010-04-21 11:48:00,2010-10-01 13:56:00,252,United Kingdom,1,2,3,123,Hibernating / Lost,3,394.8,163,598,1.22,144.5,1
15448,313,2,788.81,2010-02-03 13:29:00,2011-01-31 10:42:00,487,United Kingdom,2,2,3,223,Hibernating / Lost,3,394.4,361,674,1.08,127.79,1
17952,378,4,788.46,2010-06-16 11:54:00,2010-11-26 13:54:00,477,United Kingdom,2,4,3,243,Can't Lose Them,1,197.12,163,542,2.69,159.08,1
14557,85,1,788.38,2011-09-15 15:48:00,2011-09-15 15:48:00,510,United Kingdom,3,1,3,313,Needs Attention,2,788.38,0,85,4.29,1014.65,0
17817,4,6,788.15,2010-10-13 15:07:00,2011-12-05 14:39:00,353,United Kingdom,5,4,3,543,Champions,2,131.36,417,422,5.19,204.53,0
14513,101,6,788.01,2010-05-20 17:57:00,2011-08-31 11:25:00,593,United Kingdom,3,4,3,343,Loyal,1,131.34,467,568,3.86,152.09,0
13323,3,5,787.85,2011-09-16 13:23:00,2011-12-06 17:12:00,175,United Kingdom,5,4,3,543,Champions,2,157.57,81,84,21.73,1027.2,0
16468,74,3,787.52,2010-08-15 13:10:00,2011-09-26 14:13:00,371,United Kingdom,3,3,3,333,Loyal,2,262.51,407,481,2.28,179.56,0
12505,409,1,787.2,2010-10-27 09:18:00,2010-10-27 09:18:00,318,Italy,2,1,3,213,Hibernating / Lost,3,787.2,0,409,0.89,210.18,1
13212,20,3,786.83,2011-10-09 14:48:00,2011-11-20 12:40:00,309,United Kingdom,4,3,3,433,Loyal,2,262.28,41,61,17.95,1412.38,0
12781,64,2,786.74,2011-02-28 08:43:00,2011-10-07 10:37:00,670,Czech Republic,3,2,3,323,Needs Attention,2,393.37,221,285,2.56,302.11,0
14463,98,4,786.5699999999999,2010-07-28 11:35:00,2011-09-02 15:20:00,210,United Kingdom,3,3,3,333,Loyal,1,196.64,401,500,2.92,172.26,0
16739,177,2,786.43,2010-06-21 09:38:00,2011-06-16 09:17:00,391,United Kingdom,3,2,3,323,Needs Attention,1,393.22,359,537,1.36,160.43,0
13770,422,4,785.37,2009-12-09 14:44:00,2010-10-13 15:10:00,468,United Kingdom,1,3,3,133,At Risk,1,196.34,308,730,2.0,117.8,1
13541,427,2,785.25,2010-05-18 16:15:00,2010-10-08 16:37:00,279,United Kingdom,1,2,3,123,Hibernating / Lost,3,392.62,143,570,1.28,150.77,1
15646,158,5,784.8100000000001,2010-10-25 13:06:00,2011-07-05 09:53:00,821,United Kingdom,3,4,3,343,Loyal,1,156.96,252,410,4.45,209.54,0
15806,46,3,784.58,2011-03-08 09:24:00,2011-10-24 14:35:00,602,United Kingdom,4,3,3,433,Loyal,2,261.53,230,277,3.95,309.91,0
13595,517,3,784.48,2010-03-03 14:42:00,2010-07-11 12:36:00,341,United Kingdom,1,3,3,133,At Risk,1,261.49,129,646,1.7,133.36,1
13415,473,4,784.17,2009-12-11 14:20:00,2010-08-24 11:38:00,496,United Kingdom,1,3,3,133,At Risk,1,196.04,255,728,2.01,118.21,1
15714,12,5,783.96,2010-06-02 12:08:00,2011-11-28 11:26:00,361,United Kingdom,5,4,3,543,Champions,2,156.79,543,556,3.28,154.28,0
16836,40,4,782.37,2010-05-14 12:52:00,2011-10-31 10:05:00,539,United Kingdom,4,4,3,443,Champions,2,195.59,534,574,2.54,149.04,0
15952,34,4,781.91,2011-04-28 12:55:00,2011-11-06 11:18:00,391,United Kingdom,4,4,3,443,Champions,2,195.48,191,225,6.49,380.6,0
17255,41,4,781.7,2010-09-19 15:53:00,2011-10-30 12:18:00,583,United Kingdom,4,4,3,443,Champions,2,195.42,405,446,3.27,191.71,0
13453,166,3,781.6899999999999,2010-11-02 13:23:00,2011-06-27 09:34:00,341,United Kingdom,3,3,3,333,Loyal,1,260.56,236,402,2.72,212.62,0
13287,603,3,781.59,2010-01-04 10:43:00,2010-04-15 15:26:00,429,United Kingdom,1,3,3,133,At Risk,1,260.53,101,705,1.55,121.15,1
15679,24,4,781.28,2011-06-10 08:24:00,2011-11-15 16:19:00,1170,United Kingdom,4,3,3,433,Loyal,2,195.32,158,183,7.98,467.6,0
15239,10,2,780.59,2011-09-22 09:53:00,2011-11-29 14:14:00,594,United Kingdom,5,2,3,523,New / Promising,2,390.3,68,79,9.24,1081.91,0
13502,17,5,780.5,2010-06-09 10:52:00,2011-11-23 10:39:00,490,United Kingdom,5,4,3,543,Champions,2,156.1,531,549,3.32,155.48,0
15246,238,3,780.4,2010-06-02 11:28:00,2011-04-15 14:45:00,359,United Kingdom,2,3,3,233,At Risk,1,260.13,317,556,1.97,153.74,1
18228,57,2,779.9,2011-09-21 10:48:00,2011-10-14 09:21:00,238,United Kingdom,4,3,3,433,Loyal,2,389.95,22,80,9.12,1066.9,0
13781,251,3,778.83,2009-12-18 15:46:00,2011-04-03 12:08:00,300,United Kingdom,2,3,3,233,At Risk,1,259.61,470,721,1.52,118.38,1
14815,37,2,778.5,2011-10-03 11:36:00,2011-11-03 11:36:00,744,United Kingdom,4,2,3,423,New / Promising,2,389.25,31,68,10.74,1254.16,0
16958,435,1,778.49,2010-09-30 14:25:00,2010-09-30 14:25:00,514,United Kingdom,1,2,3,123,Hibernating / Lost,3,778.49,0,435,0.84,196.18,1
14690,44,4,777.68,2010-10-25 12:20:00,2011-10-26 15:39:00,341,United Kingdom,4,3,3,433,Loyal,2,194.42,366,411,3.55,207.06,0
16505,32,1,777.6,2011-11-08 12:14:00,2011-11-08 12:14:00,576,United Kingdom,4,1,3,413,New / Promising,2,777.6,0,32,11.41,2661.72,0
13563,84,2,777.53,2011-07-22 17:21:00,2011-09-16 14:45:00,209,United Kingdom,3,2,3,323,Needs Attention,2,388.76,55,140,5.21,607.63,0
13745,162,2,777.36,2010-06-11 17:19:00,2011-06-30 16:43:00,1146,United Kingdom,3,2,3,323,Needs Attention,1,388.68,383,546,1.34,156.25,0
15837,65,2,777.01,2010-08-11 10:16:00,2011-10-06 09:01:00,405,United Kingdom,3,2,3,323,Needs Attention,2,388.5,420,486,1.5,174.82,0
15794,736,2,777.0,2009-12-02 15:10:00,2009-12-03 13:04:00,288,United Kingdom,1,2,3,123,Hibernating / Lost,3,388.5,0,737,0.99,115.38,1
15618,33,4,776.85,2011-07-26 10:13:00,2011-11-07 08:34:00,453,United Kingdom,4,3,3,433,Loyal,2,194.21,103,137,10.66,621.08,0
17194,361,2,776.66,2010-06-27 13:16:00,2010-12-14 12:06:00,413,United Kingdom,2,3,3,233,At Risk,3,388.33,169,530,1.38,160.77,1
14997,46,4,776.5999999999999,2010-02-22 12:11:00,2011-10-24 13:28:00,1408,United Kingdom,4,3,3,433,Loyal,2,194.15,609,656,2.23,129.89,0
15092,215,3,776.46,2010-09-03 12:33:00,2011-05-08 14:10:00,230,United Kingdom,2,3,3,233,At Risk,1,258.82,247,463,2.37,184.02,1
15743,16,4,775.96,2011-06-08 10:14:00,2011-11-23 17:19:00,214,United Kingdom,5,3,3,533,Loyal,2,193.99,168,185,7.89,459.17,0
13314,2,3,775.94,2011-09-27 10:20:00,2011-12-08 12:29:00,560,United Kingdom,5,3,3,533,Loyal,2,258.65,72,74,14.8,1148.41,0
13341,261,1,775.85,2011-03-24 09:50:00,2011-03-24 09:50:00,301,United Kingdom,2,1,3,213,Hibernating / Lost,3,775.85,0,261,1.4,325.86,1
17482,487,2,775.64,2010-05-10 14:10:00,2010-08-09 15:33:00,240,United Kingdom,1,3,3,133,At Risk,3,387.82,91,578,1.26,146.6,1
15414,10,3,774.9000000000001,2011-04-11 13:45:00,2011-11-30 09:50:00,443,United Kingdom,5,3,3,533,Loyal,2,258.3,232,242,4.52,350.25,0
14976,57,6,774.86,2011-01-17 11:09:00,2011-10-13 16:33:00,232,United Kingdom,4,4,3,443,Champions,1,129.14,269,327,6.7,259.57,0
15773,6,2,774.52,2010-10-26 15:27:00,2011-12-04 12:48:00,410,United Kingdom,5,2,3,523,New / Promising,2,387.26,403,409,1.78,206.8,0
18058,10,3,774.06,2010-02-10 09:38:00,2011-11-30 08:38:00,394,United Kingdom,5,3,3,533,Loyal,2,258.02,657,668,1.64,126.95,0
12410,309,3,773.71,2010-07-25 13:26:00,2011-02-04 10:39:00,335,Switzerland,2,3,3,233,At Risk,1,257.9,193,502,2.18,168.67,1
18112,12,4,773.36,2010-06-06 12:40:00,2011-11-27 14:43:00,443,United Kingdom,5,4,3,543,Champions,2,193.34,539,552,2.64,153.13,0
16565,364,4,773.05,2010-06-02 12:47:00,2010-12-10 15:21:00,211,United Kingdom,2,4,3,243,Can't Lose Them,1,193.26,191,556,2.63,152.48,1
15075,78,1,773.03,2011-09-23 12:27:00,2011-09-23 12:27:00,447,United Kingdom,3,1,3,313,Needs Attention,2,773.03,0,78,4.68,1085.33,0
17349,179,5,772.41,2010-03-18 14:26:00,2011-06-13 14:29:00,772,United Kingdom,3,4,3,343,Loyal,1,154.48,452,631,2.89,133.93,0
17801,451,3,770.03,2010-01-17 11:31:00,2010-09-14 14:32:00,820,United Kingdom,1,3,3,133,At Risk,1,256.68,240,692,1.58,121.67,1
14838,423,2,769.9200000000001,2009-12-03 09:52:00,2010-10-12 15:46:00,361,United Kingdom,1,2,3,123,Hibernating / Lost,3,384.96,313,737,0.99,114.33,1
12965,89,1,769.8100000000001,2011-09-11 15:31:00,2011-09-11 15:31:00,282,United Kingdom,3,1,3,313,Needs Attention,3,769.81,0,89,4.1,946.87,0
16480,76,1,769.29,2011-09-25 11:40:00,2011-09-25 11:40:00,455,United Kingdom,3,1,3,313,Needs Attention,2,769.29,0,76,4.8,1107.78,0
12923,64,3,769.17,2010-05-13 14:55:00,2011-10-06 16:20:00,229,United Kingdom,3,3,3,333,Loyal,2,256.39,511,575,1.9,146.14,0
16978,78,3,768.88,2010-02-11 16:27:00,2011-09-23 12:50:00,285,United Kingdom,3,3,3,333,Loyal,1,256.29,588,666,1.64,126.09,0
13980,60,5,768.82,2010-02-21 14:18:00,2011-10-10 13:34:00,463,United Kingdom,3,4,3,343,Loyal,1,153.76,595,656,2.78,128.24,0
13356,80,1,768.24,2011-09-20 14:33:00,2011-09-20 14:33:00,325,United Kingdom,3,1,3,313,Needs Attention,2,768.24,0,80,4.56,1050.95,0
15331,500,3,767.91,2010-04-09 14:26:00,2010-07-28 09:42:00,701,United Kingdom,1,3,3,133,At Risk,1,255.97,109,609,1.8,138.22,1
13712,247,2,766.42,2010-04-08 11:16:00,2011-04-07 12:33:00,1128,United Kingdom,2,2,3,223,Hibernating / Lost,3,383.21,364,611,1.19,136.81,1
15921,173,4,765.61,2010-03-09 11:03:00,2011-06-20 11:03:00,333,United Kingdom,3,4,3,343,Loyal,1,191.4,468,641,2.28,130.92,0
12991,23,3,764.82,2010-11-15 13:43:00,2011-11-16 15:34:00,483,United Kingdom,4,3,3,433,Loyal,2,254.94,366,389,2.81,214.91,0
13699,155,2,764.15,2010-06-07 13:03:00,2011-07-07 16:51:00,219,United Kingdom,3,2,3,323,Needs Attention,1,382.08,395,550,1.33,152.45,0
16602,36,2,763.33,2010-11-16 09:13:00,2011-11-03 15:54:00,429,United Kingdom,4,2,3,423,New / Promising,2,381.66,352,389,1.88,215.26,0
17466,10,2,763.28,2011-09-22 09:16:00,2011-11-29 13:15:00,306,United Kingdom,5,3,3,533,Loyal,2,381.64,68,79,9.24,1057.91,0
15428,15,4,762.75,2009-12-17 17:46:00,2011-11-24 16:54:00,347,United Kingdom,5,3,3,533,Loyal,2,190.69,706,722,2.02,115.56,0
13598,47,5,761.96,2010-02-26 11:22:00,2011-10-23 14:28:00,393,United Kingdom,4,4,3,443,Champions,2,152.39,604,652,2.8,128.01,0
14883,19,6,761.59,2011-05-12 09:49:00,2011-11-21 10:23:00,790,United Kingdom,5,4,3,543,Champions,2,126.93,193,212,10.33,393.36,0
17425,19,2,759.17,2011-10-10 11:37:00,2011-11-20 15:30:00,407,United Kingdom,5,3,3,533,Loyal,2,379.58,41,61,11.97,1363.07,0
18246,24,3,758.8199999999999,2010-04-09 10:19:00,2011-11-16 11:49:00,214,United Kingdom,4,3,3,433,Loyal,2,252.94,586,610,1.8,136.59,0
15908,491,2,758.62,2010-07-15 19:21:00,2010-08-06 11:56:00,173,United Kingdom,1,2,3,123,Hibernating / Lost,3,379.31,21,512,1.43,162.72,1
15568,3,3,758.29,2011-09-27 14:37:00,2011-12-07 11:27:00,461,United Kingdom,5,3,3,533,Loyal,2,252.76,70,73,15.0,1137.42,0
12697,29,3,757.59,2011-06-23 15:44:00,2011-11-11 08:47:00,503,Sweden,4,3,3,433,Loyal,2,252.53,140,169,6.48,490.92,0
13034,55,3,756.82,2010-11-03 15:22:00,2011-10-16 12:21:00,406,United Kingdom,4,3,3,433,Loyal,2,252.27,346,401,2.73,206.61,0
14176,297,5,756.46,2010-11-23 13:21:00,2011-02-15 13:12:00,265,United Kingdom,2,4,3,243,Can't Lose Them,1,151.29,83,381,4.79,217.4,1
16411,19,4,756.39,2010-10-07 15:09:00,2011-11-20 13:23:00,461,United Kingdom,5,4,3,543,Champions,2,189.1,408,428,3.41,193.45,0
16392,270,3,755.45,2010-05-27 11:17:00,2011-03-15 12:11:00,603,United Kingdom,2,3,3,233,At Risk,1,251.82,292,562,1.95,147.31,1
16262,378,1,755.15,2010-11-26 13:22:00,2010-11-26 13:22:00,446,United Kingdom,2,1,3,213,Hibernating / Lost,3,755.15,0,378,0.97,219.75,1
13370,372,1,754.87,2010-12-03 10:26:00,2010-12-03 10:26:00,343,United Kingdom,2,1,3,213,Hibernating / Lost,3,754.87,0,372,0.98,221.93,1
16892,1,7,754.75,2009-12-08 14:20:00,2011-12-08 13:18:00,367,United Kingdom,5,4,3,543,Champions,2,107.82,729,731,3.5,113.21,0
18104,37,1,754.64,2011-11-02 14:07:00,2011-11-02 14:07:00,362,United Kingdom,4,2,3,423,New / Promising,2,754.64,0,37,9.86,2232.23,0
14234,22,4,754.12,2011-10-13 13:58:00,2011-11-17 17:53:00,951,United Kingdom,4,3,3,433,Loyal,2,188.53,35,57,25.61,1448.48,0
14247,278,5,753.56,2010-06-06 15:07:00,2011-03-06 15:21:00,378,United Kingdom,2,4,3,243,Can't Lose Them,1,150.71,273,551,3.31,149.66,1
18034,22,3,753.35,2010-11-29 12:36:00,2011-11-18 12:22:00,950,United Kingdom,4,3,3,433,Loyal,2,251.12,353,376,2.91,219.23,0
17579,5,4,753.28,2010-05-10 14:28:00,2011-12-05 12:28:00,375,United Kingdom,5,4,3,543,Champions,2,188.32,573,578,2.53,142.93,0
14998,170,4,753.18,2010-04-13 16:07:00,2011-06-22 17:30:00,352,United Kingdom,3,3,3,333,Loyal,1,188.3,435,605,2.41,136.14,0
15006,51,2,752.83,2010-09-12 13:03:00,2011-10-19 15:08:00,386,United Kingdom,4,2,3,423,New / Promising,2,376.42,402,453,1.61,181.81,0
13730,136,2,752.6,2011-07-01 12:47:00,2011-07-27 08:35:00,488,United Kingdom,3,2,3,323,Needs Attention,1,376.3,25,162,4.51,509.13,0
12772,60,1,752.47,2011-10-11 09:19:00,2011-10-11 09:19:00,551,Portugal,3,1,3,313,Needs Attention,2,752.47,0,60,6.08,1372.51,0
13030,11,2,752.4399999999999,2010-12-06 14:31:00,2011-11-28 14:30:00,348,United Kingdom,5,2,3,523,New / Promising,2,376.22,356,368,1.98,223.47,0
13070,192,4,751.7,2009-12-07 14:44:00,2011-05-31 13:45:00,372,United Kingdom,2,3,3,233,At Risk,1,187.92,539,732,1.99,112.19,1
14923,51,1,749.1,2011-10-20 11:51:00,2011-10-20 11:51:00,418,United Kingdom,4,1,3,413,New / Promising,2,749.1,0,51,7.16,1609.07,0
16972,383,2,749.0,2010-09-09 11:20:00,2010-11-22 10:59:00,183,United Kingdom,2,3,3,233,At Risk,3,374.5,73,457,1.6,179.76,1
12808,37,5,748.7,2010-09-03 10:24:00,2011-11-03 10:05:00,321,Portugal,4,4,3,443,Champions,2,149.74,425,463,3.94,176.99,0
14048,305,3,748.69,2010-11-22 14:08:00,2011-02-07 14:53:00,467,United Kingdom,2,3,3,233,At Risk,1,249.56,77,382,2.87,214.87,1
15656,45,4,748.5,2011-02-28 15:32:00,2011-10-25 14:56:00,343,United Kingdom,4,3,3,433,Loyal,2,187.12,238,284,5.14,288.54,0
13108,373,2,748.46,2010-09-30 17:09:00,2010-12-02 10:35:00,745,United Kingdom,2,2,3,223,Hibernating / Lost,3,374.23,62,435,1.68,188.61,1
17387,20,2,746.81,2011-11-06 11:25:00,2011-11-20 11:00:00,522,United Kingdom,4,3,3,433,Loyal,2,373.4,13,34,21.47,2405.07,0
14942,402,4,746.56,2009-12-10 10:32:00,2010-11-03 10:51:00,354,United Kingdom,2,3,3,233,At Risk,1,186.64,328,730,2.0,111.98,1
17889,212,7,746.42,2010-03-31 10:54:00,2011-05-11 16:26:00,403,United Kingdom,2,4,3,243,Can't Lose Them,1,106.63,406,619,4.13,132.11,1
17760,22,6,746.39,2010-02-28 12:15:00,2011-11-18 10:56:00,531,United Kingdom,4,4,3,443,Champions,2,124.4,627,650,3.37,125.77,0
14050,32,2,746.36,2011-08-25 13:46:00,2011-11-08 10:00:00,689,United Kingdom,4,2,3,423,New / Promising,2,373.18,74,106,6.89,771.36,0
16465,421,2,746.24,2010-09-21 10:46:00,2010-10-15 09:27:00,504,United Kingdom,1,2,3,123,Hibernating / Lost,3,373.12,23,445,1.64,183.58,1
18190,192,5,745.62,2009-12-22 12:05:00,2011-05-31 14:48:00,490,United Kingdom,2,4,3,243,Can't Lose Them,1,149.12,525,718,2.54,113.63,1
12793,335,3,745.53,2010-11-03 13:05:00,2011-01-09 12:12:00,456,Portugal,2,3,3,233,At Risk,1,248.51,66,401,2.73,203.53,1
14228,438,3,745.5,2010-06-11 12:29:00,2010-09-28 09:45:00,260,United Kingdom,1,3,3,133,At Risk,1,248.5,108,547,2.0,149.1,1
13950,11,4,745.06,2011-04-07 11:29:00,2011-11-28 14:44:00,323,United Kingdom,5,3,3,533,Loyal,2,186.26,235,247,5.91,330.24,0
13236,25,2,744.85,2011-08-25 08:58:00,2011-11-15 12:50:00,416,United Kingdom,4,2,3,423,New / Promising,2,372.42,82,107,6.82,761.97,0
12871,84,3,744.02,2010-09-26 10:34:00,2011-09-16 15:07:00,484,United Kingdom,3,3,3,333,Loyal,1,248.01,355,440,2.49,185.26,0
13354,71,1,743.53,2011-09-29 13:17:00,2011-09-29 13:17:00,604,United Kingdom,3,1,3,313,Needs Attention,2,743.53,0,71,5.14,1146.52,0
17038,30,2,743.17,2010-10-20 16:04:00,2011-11-09 13:50:00,535,United Kingdom,4,3,3,433,Loyal,2,371.58,384,415,1.76,196.19,0
16730,52,3,743.11,2011-01-24 14:01:00,2011-10-18 14:11:00,994,United Kingdom,4,3,3,433,Loyal,2,247.7,267,319,3.43,254.88,0
15420,434,6,743.0,2009-12-05 13:29:00,2010-10-01 15:46:00,844,United Kingdom,1,4,3,143,Can't Lose Them,1,123.83,300,734,2.98,110.7,1
14302,431,3,742.9000000000001,2009-12-02 08:16:00,2010-10-05 08:10:00,298,United Kingdom,1,3,3,133,At Risk,1,247.63,306,738,1.48,109.95,1
18275,578,2,741.85,2009-12-08 16:23:00,2010-05-10 15:46:00,417,United Kingdom,1,3,3,133,At Risk,3,370.92,152,731,1.0,111.28,1
13721,36,2,741.54,2010-11-09 17:59:00,2011-11-03 14:05:00,512,United Kingdom,4,2,3,423,New / Promising,2,370.77,358,395,1.85,205.78,0
13713,408,3,740.76,2010-05-05 16:48:00,2010-10-27 16:18:00,284,United Kingdom,2,3,3,233,At Risk,1,246.92,174,583,1.88,139.26,1
14104,155,5,740.53,2010-05-28 16:11:00,2011-07-08 12:50:00,495,United Kingdom,3,4,3,343,Loyal,1,148.11,405,560,3.26,144.85,0
15720,24,2,739.22,2010-06-07 15:40:00,2011-11-15 14:48:00,327,United Kingdom,4,2,3,423,New / Promising,2,369.61,525,550,1.33,147.47,0
12440,462,2,739.2,2009-12-22 12:03:00,2010-09-03 13:11:00,328,Austria,1,2,3,123,Hibernating / Lost,3,369.6,255,718,1.02,113.1,1
15070,373,3,737.0500000000001,2009-12-15 13:49:00,2010-12-02 11:23:00,339,United Kingdom,2,3,3,233,At Risk,1,245.68,351,724,1.51,111.29,1
15462,94,4,737.05,2010-09-20 10:23:00,2011-09-06 13:11:00,495,United Kingdom,3,3,3,333,Loyal,1,184.26,351,446,3.27,180.76,0
16075,503,2,736.9300000000001,2010-05-24 15:57:00,2010-07-25 11:31:00,271,United Kingdom,1,2,3,123,Hibernating / Lost,3,368.46,61,564,1.29,142.59,1
15988,19,3,736.39,2010-02-21 11:36:00,2011-11-20 13:23:00,474,United Kingdom,5,3,3,533,Loyal,2,245.46,637,657,1.67,122.98,0
16806,103,4,736.21,2011-04-14 19:59:00,2011-08-28 15:27:00,355,United Kingdom,3,4,3,343,Loyal,1,184.05,135,239,6.11,337.36,0
17461,23,3,735.82,2011-11-10 12:01:00,2011-11-17 10:21:00,770,United Kingdom,4,3,3,433,Loyal,2,245.27,6,30,36.5,2685.71,0
15045,152,2,735.66,2011-03-27 11:44:00,2011-07-11 11:33:00,114,United Kingdom,3,2,3,323,Needs Attention,1,367.83,105,258,2.83,312.29,0
13286,600,1,734.91,2010-04-18 15:35:00,2010-04-18 15:35:00,274,United Kingdom,1,1,3,113,Hibernating / Lost,3,734.91,0,600,0.61,134.49,1
15938,112,9,734.81,2010-06-01 09:42:00,2011-08-19 12:56:00,449,United Kingdom,3,5,3,353,Loyal,1,81.65,444,557,5.9,144.52,0
17616,174,4,734.4,2010-09-14 10:43:00,2011-06-19 10:11:00,288,United Kingdom,3,4,3,343,Loyal,1,183.6,277,452,3.23,177.91,0
12628,4,3,732.46,2011-10-06 09:28:00,2011-12-05 13:15:00,445,Germany,5,3,3,533,Loyal,2,244.15,60,65,16.85,1234.18,0
13780,7,3,732.07,2010-10-28 19:51:00,2011-12-02 13:49:00,479,United Kingdom,5,3,3,533,Loyal,2,244.02,399,407,2.69,196.92,0
13575,23,5,732.0699999999999,2011-06-16 14:24:00,2011-11-16 13:14:00,449,United Kingdom,4,4,3,443,Champions,2,146.41,152,176,10.37,455.48,0
12696,435,2,731.91,2010-07-19 10:02:00,2010-10-01 10:43:00,561,Finland,1,2,3,123,Hibernating / Lost,3,365.96,74,509,1.43,157.0,1
17548,234,4,731.26,2010-11-08 16:19:00,2011-04-20 12:01:00,494,United Kingdom,2,4,3,243,Can't Lose Them,1,182.82,162,396,3.69,202.38,1
17681,597,5,731.2,2010-01-15 11:53:00,2010-04-21 17:22:00,450,United Kingdom,1,4,3,143,Can't Lose Them,1,146.24,96,694,2.63,115.38,1
14778,127,2,730.86,2011-02-04 11:43:00,2011-08-04 15:23:00,306,United Kingdom,3,2,3,323,Needs Attention,1,365.43,181,309,2.36,258.72,0
13921,402,4,730.7,2009-12-18 12:19:00,2010-11-02 16:32:00,210,United Kingdom,2,3,3,233,At Risk,1,182.68,319,722,2.02,110.7,1
13452,259,3,729.8,2010-08-24 09:53:00,2011-03-25 14:19:00,6,United Kingdom,2,3,3,233,At Risk,1,243.27,213,473,2.32,169.32,1
12925,5,3,729.3299999999999,2010-04-26 10:32:00,2011-12-05 11:11:00,649,United Kingdom,5,3,3,533,Loyal,2,243.11,588,593,1.85,134.93,0
15872,15,4,729.25,2010-06-07 14:53:00,2011-11-25 11:55:00,467,United Kingdom,5,4,3,543,Champions,2,182.31,535,550,2.65,144.94,0
17979,36,4,729.01,2011-03-25 11:34:00,2011-11-04 12:05:00,379,United Kingdom,4,4,3,443,Champions,2,182.25,224,260,5.62,307.27,0
18163,584,1,728.84,2010-05-04 14:51:00,2010-05-04 14:51:00,452,United Kingdom,1,2,3,123,Hibernating / Lost,3,728.84,0,584,0.62,135.56,1
17756,376,3,728.75,2010-11-10 12:54:00,2010-11-29 12:20:00,399,United Kingdom,2,3,3,233,At Risk,1,242.92,18,394,2.78,202.6,1
17547,376,2,727.85,2010-02-12 14:34:00,2010-11-29 09:41:00,223,United Kingdom,2,3,3,233,At Risk,3,363.92,289,665,1.1,120.09,1
17141,418,4,727.58,2010-01-24 14:19:00,2010-10-17 14:54:00,423,United Kingdom,1,4,3,143,Can't Lose Them,1,181.9,266,684,2.13,116.23,1
17374,219,3,727.11,2010-11-09 17:14:00,2011-05-05 09:05:00,155,United Kingdom,2,3,3,233,At Risk,1,242.37,176,395,2.77,201.41,1
16447,136,3,727.1,2010-02-17 14:09:00,2011-07-27 12:45:00,315,United Kingdom,3,3,3,333,Loyal,1,242.37,524,660,1.66,120.7,0
18078,217,4,725.53,2010-03-21 15:50:00,2011-05-06 14:32:00,370,United Kingdom,2,4,3,243,Can't Lose Them,1,181.38,410,628,2.32,126.24,1
13569,17,4,725.04,2010-10-07 13:05:00,2011-11-22 13:07:00,344,United Kingdom,5,3,3,533,Loyal,2,181.26,411,428,3.41,185.43,0
18187,632,1,724.89,2010-03-18 09:49:00,2010-03-18 09:49:00,310,United Kingdom,1,2,3,123,Hibernating / Lost,3,724.89,0,632,0.58,126.13,1
13729,436,3,724.73,2010-01-24 14:57:00,2010-09-30 10:44:00,419,United Kingdom,1,3,3,133,At Risk,1,241.58,248,684,1.6,115.96,1
14798,53,8,724.31,2010-03-01 08:38:00,2011-10-18 10:58:00,601,United Kingdom,4,4,3,443,Champions,1,90.54,596,649,4.5,122.23,0
12745,487,2,723.85,2010-05-14 16:50:00,2010-08-10 10:14:00,467,United Kingdom,1,2,3,123,Hibernating / Lost,3,361.92,87,574,1.27,137.89,1
15368,21,2,722.74,2010-11-10 15:52:00,2011-11-18 14:42:00,406,United Kingdom,4,2,3,423,New / Promising,2,361.37,372,394,1.85,200.56,0
13264,443,1,722.5600000000001,2010-09-23 12:42:00,2010-09-23 12:42:00,375,United Kingdom,1,1,3,113,Hibernating / Lost,3,722.56,0,443,0.82,177.75,1
17615,130,6,721.8,2010-08-11 12:54:00,2011-08-01 14:06:00,378,United Kingdom,3,4,3,343,Loyal,1,120.3,355,485,4.52,163.13,0
13441,92,2,720.9,2010-10-04 10:38:00,2011-09-09 09:38:00,520,United Kingdom,3,2,3,323,Needs Attention,2,360.45,339,432,1.69,182.75,0
16023,46,3,719.81,2011-03-18 13:32:00,2011-10-24 16:34:00,358,United Kingdom,4,3,3,433,Loyal,2,239.94,220,266,4.12,296.57,0
12588,39,3,718.78,2010-04-21 12:22:00,2011-10-31 15:01:00,432,Finland,4,3,3,433,Loyal,2,239.59,558,598,1.83,131.53,0
13537,426,2,717.85,2010-09-14 10:41:00,2010-10-10 12:45:00,337,United Kingdom,1,2,3,123,Hibernating / Lost,3,358.92,26,452,1.62,174.44,1
13604,659,1,717.62,2010-02-19 12:02:00,2010-02-19 12:02:00,242,United Kingdom,1,1,3,113,Hibernating / Lost,3,717.62,0,659,0.55,118.41,1
16269,438,1,717.57,2010-09-28 11:50:00,2010-09-28 11:50:00,579,United Kingdom,1,1,3,113,Hibernating / Lost,3,717.57,0,438,0.83,178.67,1
12527,82,5,717.51,2010-06-28 15:37:00,2011-09-19 11:55:00,525,Germany,3,4,3,343,Loyal,1,143.5,447,529,3.45,148.52,0
12573,227,5,717.41,2010-08-31 17:25:00,2011-04-26 15:52:00,479,France,2,4,3,243,Can't Lose Them,1,143.48,237,465,3.92,168.73,1
17860,369,4,717.39,2009-12-11 16:48:00,2010-12-06 12:41:00,696,United Kingdom,2,4,3,243,Can't Lose Them,1,179.35,359,728,2.01,108.15,1
16526,172,2,717.21,2010-05-04 16:34:00,2011-06-21 12:02:00,279,United Kingdom,3,2,3,323,Needs Attention,3,358.6,412,584,1.25,134.48,0
15274,4,2,716.57,2011-11-21 14:17:00,2011-12-05 16:57:00,619,United Kingdom,5,2,3,523,New / Promising,2,358.28,14,30,24.33,2615.09,0
12535,92,2,716.35,2011-06-06 12:47:00,2011-09-09 08:48:00,219,France,3,2,3,323,Needs Attention,2,358.18,94,187,3.9,419.07,0
12792,257,2,715.01,2010-06-23 10:49:00,2011-03-28 11:36:00,390,Portugal,2,2,3,223,Hibernating / Lost,3,357.5,278,535,1.36,145.86,1
15330,32,2,714.96,2011-10-10 12:30:00,2011-11-07 17:50:00,1312,United Kingdom,4,2,3,423,New / Promising,2,357.48,28,61,11.97,1283.71,0
12632,521,2,714.88,2010-05-24 09:07:00,2010-07-07 09:39:00,689,Germany,1,2,3,123,Hibernating / Lost,3,357.44,44,565,1.29,138.33,1
13512,261,4,713.39,2010-05-05 13:22:00,2011-03-24 10:03:00,419,United Kingdom,2,3,3,233,At Risk,1,178.35,322,583,2.5,133.76,1
14026,471,2,713.11,2010-03-24 14:10:00,2010-08-26 10:31:00,427,United Kingdom,1,2,3,123,Hibernating / Lost,3,356.56,154,625,1.17,125.15,1
12761,465,1,712.95,2010-09-01 10:47:00,2010-09-01 10:47:00,277,Netherlands,1,1,3,113,Hibernating / Lost,3,712.95,0,465,0.78,166.83,1
13147,10,4,712.8000000000001,2011-09-01 12:28:00,2011-11-29 13:59:00,144,United Kingdom,5,3,3,533,Loyal,2,178.2,89,100,14.6,780.52,0
17761,33,1,712.78,2011-11-07 10:23:00,2011-11-07 10:23:00,398,United Kingdom,4,2,3,423,New / Promising,2,712.78,0,33,11.06,2365.0,0
14470,12,3,712.04,2010-10-05 12:39:00,2011-11-28 10:31:00,282,United Kingdom,5,3,3,533,Loyal,2,237.35,418,431,2.54,180.86,0
15127,66,2,711.5,2010-07-08 10:07:00,2011-10-05 10:30:00,464,United Kingdom,3,2,3,323,Needs Attention,2,355.75,454,520,1.4,149.42,0
13103,40,3,709.64,2010-05-11 14:41:00,2011-10-31 09:38:00,426,United Kingdom,4,3,3,433,Loyal,2,236.55,537,577,1.9,134.83,0
13057,530,3,709.59,2010-03-18 12:14:00,2010-06-27 15:44:00,456,United Kingdom,1,3,3,133,At Risk,1,236.53,101,632,1.73,122.76,1
13927,75,2,708.26,2010-09-28 16:12:00,2011-09-26 12:00:00,463,United Kingdom,3,2,3,323,Needs Attention,2,354.13,362,437,1.67,177.42,0
12485,529,1,708.1,2010-06-28 15:22:00,2010-06-28 15:22:00,414,Sweden,1,1,3,113,Hibernating / Lost,3,708.1,0,529,0.69,146.58,1
14398,401,2,707.79,2010-06-30 11:57:00,2010-11-03 13:46:00,267,United Kingdom,2,2,3,223,Hibernating / Lost,3,353.9,126,528,1.38,146.51,1
16449,198,2,707.69,2011-03-04 12:15:00,2011-05-26 10:25:00,367,United Kingdom,2,2,3,223,Hibernating / Lost,3,353.84,82,281,2.6,276.0,1
12453,134,1,707.09,2011-07-28 14:08:00,2011-07-28 14:08:00,473,Austria,3,1,3,313,Needs Attention,3,707.09,0,134,2.72,576.99,0
12723,4,5,707.07,2011-10-05 15:52:00,2011-12-06 10:19:00,433,France,5,4,3,543,Champions,2,141.41,61,65,28.08,1191.24,0
13626,253,2,707.04,2010-11-25 16:12:00,2011-04-01 10:05:00,398,United Kingdom,2,2,3,223,Hibernating / Lost,3,353.52,126,379,1.93,204.69,1
16309,106,2,706.57,2011-04-13 11:46:00,2011-08-25 15:35:00,467,United Kingdom,3,2,3,323,Needs Attention,1,353.28,134,241,3.03,321.13,0
17051,194,4,706.49,2010-03-21 14:55:00,2011-05-29 14:13:00,507,United Kingdom,2,4,3,243,Can't Lose Them,1,176.62,433,628,2.32,122.93,1
12890,24,2,706.02,2010-11-17 14:05:00,2011-11-15 17:26:00,457,United Kingdom,4,2,3,423,New / Promising,2,353.01,363,387,1.89,200.16,0
16364,12,2,705.79,2011-07-25 14:35:00,2011-11-28 11:27:00,279,United Kingdom,5,2,3,523,New / Promising,2,352.9,125,137,5.33,564.29,0
16882,67,3,705.12,2011-01-26 17:43:00,2011-10-04 10:42:00,424,United Kingdom,3,3,3,333,Loyal,2,235.04,250,317,3.45,243.27,0
16015,4,3,704.26,2011-10-21 12:56:00,2011-12-06 10:58:00,906,United Kingdom,5,3,3,533,Loyal,2,234.75,45,49,22.35,1574.0,0
12883,25,4,703.47,2011-09-11 15:18:00,2011-11-15 09:32:00,196,United Kingdom,4,3,3,433,Loyal,2,175.87,64,89,16.4,865.28,0
15103,31,2,703.36,2011-09-14 13:54:00,2011-11-08 14:53:00,329,United Kingdom,4,2,3,423,New / Promising,2,351.68,55,86,8.49,895.73,0
12730,522,1,703.25,2010-07-06 12:19:00,2010-07-06 12:19:00,227,Germany,1,1,3,113,Hibernating / Lost,3,703.25,0,522,0.7,147.68,1
17561,19,4,703.02,2009-12-06 13:29:00,2011-11-20 12:53:00,381,United Kingdom,5,4,3,543,Champions,2,175.76,713,733,1.99,104.93,0
14699,214,4,702.6,2010-07-02 12:04:00,2011-05-09 14:54:00,484,United Kingdom,2,3,3,233,At Risk,1,175.65,311,526,2.78,146.49,1
16997,288,3,702.0,2011-01-18 11:51:00,2011-02-24 17:28:00,360,United Kingdom,2,3,3,233,At Risk,1,234.0,37,326,3.36,235.87,1
17825,599,4,701.96,2009-12-14 12:09:00,2010-04-20 12:01:00,516,United Kingdom,1,4,3,143,Can't Lose Them,1,175.49,126,726,2.01,105.82,1
14324,410,2,701.61,2010-01-15 13:31:00,2010-10-26 11:44:00,402,United Kingdom,1,2,3,123,Hibernating / Lost,3,350.8,283,693,1.05,110.5,1
14179,41,2,701.57,2011-10-18 14:00:00,2011-10-30 12:07:00,319,United Kingdom,4,2,3,423,New / Promising,2,350.78,11,52,14.04,1477.49,0
14356,80,2,701.23,2011-09-19 14:43:00,2011-09-21 09:18:00,277,United Kingdom,3,2,3,323,Needs Attention,2,350.62,1,81,9.01,947.73,0
13833,159,2,700.41,2010-10-31 14:11:00,2011-07-03 13:27:00,243,United Kingdom,3,2,3,323,Needs Attention,3,350.2,244,404,1.81,190.16,0
12427,22,3,699.8,2010-12-03 10:44:00,2011-11-18 08:56:00,526,Germany,4,3,3,433,Loyal,2,233.27,349,372,2.94,205.74,0
17163,22,4,699.78,2010-02-02 10:39:00,2011-11-18 08:57:00,531,United Kingdom,4,4,3,443,Champions,2,174.94,653,676,2.16,113.36,0
13242,112,7,699.4,2010-02-09 13:12:00,2011-08-19 12:53:00,350,United Kingdom,3,4,3,343,Loyal,1,99.91,555,668,3.82,114.5,0
16018,39,4,698.13,2009-12-07 13:57:00,2011-10-31 14:13:00,503,United Kingdom,4,4,3,443,Champions,2,174.53,693,732,1.99,104.19,0
14497,309,2,697.0600000000001,2010-02-04 09:59:00,2011-02-03 17:01:00,332,United Kingdom,2,2,3,223,Hibernating / Lost,3,348.53,364,674,1.08,112.92,1
16415,44,3,696.76,2010-02-01 12:30:00,2011-10-26 13:35:00,508,United Kingdom,4,3,3,433,Loyal,2,232.25,632,677,1.62,112.87,0
15700,172,2,696.68,2011-06-19 15:36:00,2011-06-20 16:53:00,357,United Kingdom,3,2,3,323,Needs Attention,3,348.34,1,173,4.22,441.0,0
14959,64,4,695.42,2011-02-16 13:00:00,2011-10-06 18:23:00,494,United Kingdom,3,3,3,333,Loyal,2,173.86,232,296,4.93,257.14,0
13101,234,4,695.4,2010-01-27 15:49:00,2011-04-19 14:37:00,478,United Kingdom,2,3,3,233,At Risk,1,173.85,446,681,2.14,111.61,1
15995,414,1,694.54,2010-10-21 13:57:00,2010-10-21 13:57:00,352,United Kingdom,1,1,3,113,Hibernating / Lost,3,694.54,0,414,0.88,183.36,1
15053,5,3,693.95,2011-03-03 12:06:00,2011-12-05 12:08:00,984,United Kingdom,5,3,3,533,Loyal,2,231.32,277,282,3.88,269.26,0
14111,14,4,692.85,2011-04-12 11:36:00,2011-11-25 13:44:00,458,United Kingdom,5,3,3,533,Loyal,2,173.21,227,242,6.03,313.34,0
17198,24,3,692.22,2010-12-03 14:54:00,2011-11-16 10:39:00,357,United Kingdom,4,3,3,433,Loyal,2,230.74,347,371,2.95,204.2,0
17733,39,2,692.19,2011-03-23 09:54:00,2011-11-01 08:16:00,463,United Kingdom,4,3,3,433,Loyal,2,346.1,222,262,2.79,289.69,0
14880,77,3,690.59,2011-02-24 12:27:00,2011-09-23 13:42:00,365,United Kingdom,3,3,3,333,Loyal,2,230.2,211,289,3.79,261.74,0
16545,165,2,689.82,2010-11-29 10:39:00,2011-06-28 10:37:00,322,United Kingdom,3,2,3,323,Needs Attention,3,344.91,210,376,1.94,200.74,0
17834,415,2,689.6700000000001,2010-09-20 15:32:00,2010-10-21 12:09:00,639,United Kingdom,1,3,3,133,At Risk,3,344.84,30,445,1.64,169.66,1
12735,315,2,689.5699999999999,2011-01-06 14:26:00,2011-01-28 13:37:00,363,France,2,2,3,223,Hibernating / Lost,3,344.78,21,337,2.17,224.45,1
17502,9,4,689.1,2011-11-10 16:39:00,2011-11-30 13:13:00,376,United Kingdom,5,4,3,543,Champions,2,172.28,19,30,48.67,2515.46,0
15361,362,4,689.07,2010-06-14 13:27:00,2010-12-13 09:52:00,373,United Kingdom,2,3,3,233,At Risk,1,172.27,181,543,2.69,139.02,1
12504,18,4,689.05,2010-04-22 10:24:00,2011-11-21 16:02:00,453,Germany,5,3,3,533,Loyal,2,172.26,578,597,2.45,126.61,0
12450,156,5,688.2,2010-08-22 13:11:00,2011-07-06 14:41:00,442,Spain,3,4,3,343,Loyal,1,137.64,318,474,3.85,158.97,0
18017,81,4,688.0,2010-10-04 15:11:00,2011-09-19 16:15:00,400,United Kingdom,3,4,3,343,Loyal,1,172.0,350,431,3.39,174.92,0
14809,621,2,686.76,2010-03-28 15:42:00,2010-03-28 15:44:00,232,United Kingdom,1,2,3,123,Hibernating / Lost,3,343.38,0,621,1.18,121.56,1
13898,326,2,686.4,2010-10-24 15:42:00,2011-01-18 10:28:00,544,United Kingdom,2,2,3,223,Hibernating / Lost,3,343.2,85,411,1.78,183.27,1
16824,16,3,686.24,2010-11-11 12:21:00,2011-11-24 12:38:00,390,United Kingdom,5,3,3,533,Loyal,2,228.75,378,394,2.78,190.78,0
15257,283,2,685.9,2010-10-21 14:03:00,2011-03-01 12:58:00,71,United Kingdom,2,2,3,223,Hibernating / Lost,3,342.95,130,414,1.76,181.08,1
15219,176,2,685.45,2010-03-01 11:33:00,2011-06-16 16:57:00,271,United Kingdom,3,2,3,323,Needs Attention,3,342.72,472,649,1.12,115.15,0
15184,29,4,685.39,2009-12-16 12:06:00,2011-11-10 13:41:00,462,United Kingdom,4,3,3,433,Loyal,2,171.35,694,724,2.02,103.84,0
13585,531,3,684.54,2009-12-01 14:56:00,2010-06-27 12:33:00,1386,United Kingdom,1,3,3,133,At Risk,1,228.18,207,738,1.48,101.31,1
15669,40,4,684.34,2011-03-21 09:13:00,2011-10-30 16:03:00,342,United Kingdom,4,3,3,433,Loyal,2,171.08,223,264,5.53,283.82,0
15207,416,3,683.9200000000001,2010-06-10 17:29:00,2010-10-19 13:29:00,428,United Kingdom,1,3,3,133,At Risk,1,227.97,130,547,2.0,136.78,1
17874,185,6,683.46,2011-03-29 11:25:00,2011-06-07 12:54:00,221,United Kingdom,3,4,3,343,Loyal,1,113.91,70,256,8.55,292.18,1
16885,15,4,683.35,2010-11-19 12:51:00,2011-11-24 13:40:00,357,United Kingdom,5,4,3,543,Champions,2,170.84,370,385,3.79,194.25,0
17935,138,7,683.24,2009-12-04 14:33:00,2011-07-24 13:18:00,243,United Kingdom,3,4,3,343,Loyal,1,97.61,596,735,3.48,101.9,0
14222,177,1,683.17,2011-06-15 16:42:00,2011-06-15 16:42:00,607,United Kingdom,3,1,3,313,Needs Attention,3,683.17,0,177,2.06,422.2,0
15582,25,3,682.9100000000001,2011-05-03 13:36:00,2011-11-15 09:55:00,453,United Kingdom,4,3,3,433,Loyal,2,227.64,195,220,4.98,340.09,0
13987,380,2,682.54,2010-11-04 09:54:00,2010-11-25 10:20:00,492,United Kingdom,2,2,3,223,Hibernating / Lost,3,341.27,21,401,1.82,186.33,1
12465,17,2,682.1899999999999,2011-06-23 13:37:00,2011-11-22 16:34:00,475,Belgium,5,2,3,523,New / Promising,2,341.1,152,169,4.32,442.07,0
12638,33,2,681.49,2010-03-10 10:30:00,2011-11-06 13:11:00,657,Sweden,4,2,3,423,New / Promising,2,340.74,606,640,1.14,116.53,0
18271,610,2,680.85,2009-12-08 11:27:00,2010-04-09 09:26:00,319,United Kingdom,1,3,3,133,At Risk,3,340.42,121,732,1.0,102.13,1
18082,26,1,680.84,2011-11-14 12:45:00,2011-11-14 12:45:00,608,United Kingdom,4,2,3,423,New / Promising,2,680.84,0,30,12.17,2485.75,0
16658,368,5,680.83,2010-03-30 16:24:00,2010-12-06 13:47:00,269,United Kingdom,2,4,3,243,Can't Lose Them,1,136.17,250,619,2.95,120.51,1
13524,41,5,680.1800000000001,2011-05-04 12:26:00,2011-10-30 12:34:00,324,United Kingdom,4,4,3,443,Champions,2,136.04,179,220,8.3,338.74,0
13809,305,3,679.7,2010-09-05 11:42:00,2011-02-07 13:15:00,281,Cyprus,2,3,3,233,At Risk,1,226.57,155,461,2.38,161.77,1
13430,19,2,679.45,2011-09-14 14:26:00,2011-11-21 08:19:00,751,United Kingdom,5,2,3,523,New / Promising,2,339.72,67,86,8.49,865.27,0
14151,673,2,679.45,2009-12-23 10:54:00,2010-02-04 15:35:00,405,United Kingdom,1,2,3,123,Hibernating / Lost,3,339.72,43,717,1.02,103.95,1
17782,383,2,679.02,2010-11-22 10:03:00,2010-11-22 11:15:00,538,United Kingdom,2,3,3,233,At Risk,3,339.51,0,383,1.91,194.54,1
16646,449,1,678.8,2010-09-16 13:28:00,2010-09-16 13:28:00,1072,United Kingdom,1,1,3,113,Hibernating / Lost,3,678.8,0,449,0.81,164.95,1
14182,444,4,678.77,2010-04-22 15:36:00,2010-09-22 11:45:00,174,United Kingdom,1,3,3,133,At Risk,1,169.69,152,596,2.45,124.72,1
13255,9,3,678.76,2010-07-15 13:20:00,2011-11-30 13:14:00,407,United Kingdom,5,3,3,533,Loyal,2,226.25,502,512,2.14,145.25,0
13925,93,4,678.25,2011-07-28 12:09:00,2011-09-08 12:47:00,331,United Kingdom,3,3,3,333,Loyal,1,169.56,42,135,10.81,549.88,0
15363,373,2,678.11,2010-08-04 08:41:00,2010-12-02 12:28:00,383,United Kingdom,2,2,3,223,Hibernating / Lost,3,339.06,120,493,1.48,150.54,1
13974,49,2,677.72,2010-05-06 17:55:00,2011-10-21 14:41:00,356,United Kingdom,4,2,3,423,New / Promising,2,338.86,532,582,1.25,127.07,0
13040,9,2,676.99,2011-11-06 13:53:00,2011-12-01 10:38:00,355,United Kingdom,5,2,3,523,New / Promising,2,338.5,24,33,22.12,2246.29,0
16601,41,3,675.83,2010-03-26 13:39:00,2011-10-30 11:09:00,388,United Kingdom,4,3,3,433,Loyal,2,225.28,582,623,1.76,118.95,0
17462,60,2,675.69,2011-02-28 17:01:00,2011-10-10 13:56:00,227,United Kingdom,3,3,3,333,Loyal,2,337.84,223,284,2.57,260.47,0
18156,13,2,675.64,2010-12-05 12:29:00,2011-11-27 12:24:00,283,United Kingdom,5,3,3,533,Loyal,2,337.82,356,370,1.97,199.65,0
12942,131,3,675.6,2010-12-09 09:34:00,2011-07-31 14:39:00,198,United Kingdom,3,3,3,333,Loyal,1,225.2,234,366,2.99,202.0,0
13325,82,1,675.3,2011-09-19 10:36:00,2011-09-19 10:36:00,240,United Kingdom,3,1,3,313,Needs Attention,2,675.3,0,82,4.45,901.53,0
13355,122,1,674.7,2011-08-09 14:48:00,2011-08-09 14:48:00,314,United Kingdom,3,1,3,313,Needs Attention,3,674.7,0,122,2.99,605.21,0
13951,176,3,674.45,2011-02-18 15:21:00,2011-06-16 16:43:00,459,United Kingdom,3,3,3,333,Loyal,1,224.82,118,294,3.72,250.9,0
14504,47,4,673.26,2011-03-06 14:38:00,2011-10-23 16:00:00,308,United Kingdom,4,3,3,433,Loyal,2,168.32,231,278,5.25,265.1,0
16648,43,3,672.8,2010-04-28 14:58:00,2011-10-28 08:58:00,503,United Kingdom,4,3,3,433,Loyal,2,224.27,547,590,1.86,125.14,0
16226,203,5,672.1700000000001,2010-10-22 11:19:00,2011-05-20 14:41:00,521,United Kingdom,2,4,3,243,Can't Lose Them,1,134.43,210,414,4.41,177.85,1
17011,30,3,671.7,2010-02-26 09:47:00,2011-11-09 13:30:00,792,United Kingdom,4,3,3,433,Loyal,2,223.9,621,652,1.68,112.85,0
15562,352,3,671.4300000000001,2009-12-13 15:17:00,2010-12-23 09:55:00,560,United Kingdom,2,3,3,233,At Risk,1,223.81,374,726,1.51,101.39,1
14142,373,2,671.34,2010-03-03 15:13:00,2010-12-01 16:33:00,518,United Kingdom,2,2,3,223,Hibernating / Lost,3,335.67,273,646,1.13,113.79,1
17709,170,5,671.01,2010-04-15 14:48:00,2011-06-23 11:55:00,295,United Kingdom,3,4,3,343,Loyal,1,134.2,433,603,3.03,121.99,0
13398,192,2,670.34,2010-09-17 09:34:00,2011-05-31 13:17:00,341,United Kingdom,2,2,3,223,Hibernating / Lost,3,335.17,256,449,1.63,163.9,1
17418,42,3,670.0600000000001,2010-11-17 13:42:00,2011-10-28 13:00:00,521,United Kingdom,4,3,3,433,Loyal,2,223.35,344,387,2.83,189.62,0
12786,610,1,668.5,2010-04-09 12:12:00,2010-04-09 12:12:00,320,Netherlands,1,1,3,113,Hibernating / Lost,3,668.5,0,610,0.6,120.33,1
13741,72,3,668.4300000000001,2011-05-06 13:43:00,2011-09-29 09:19:00,218,United Kingdom,3,3,3,333,Loyal,2,222.81,145,217,5.05,337.56,0
12612,74,1,668.0400000000001,2011-09-26 15:35:00,2011-09-26 15:35:00,260,Germany,3,1,3,313,Needs Attention,2,668.04,0,74,4.93,988.03,0
15901,17,6,667.89,2010-06-14 12:39:00,2011-11-23 12:43:00,686,United Kingdom,5,4,3,543,Champions,2,111.32,527,544,4.03,134.59,0
16268,71,2,667.65,2011-09-29 18:30:00,2011-09-29 18:30:00,533,United Kingdom,3,2,3,323,Needs Attention,2,333.82,0,71,10.28,1029.5,0
18123,24,3,666.64,2010-07-14 12:47:00,2011-11-15 14:23:00,616,United Kingdom,4,3,3,433,Loyal,2,222.21,489,514,2.13,141.99,0
13217,122,4,666.48,2010-02-22 12:49:00,2011-08-09 15:32:00,512,United Kingdom,3,3,3,333,Loyal,1,166.62,533,656,2.23,111.47,0
14932,366,2,666.13,2010-11-19 09:16:00,2010-12-09 11:48:00,257,Channel Islands,2,2,3,223,Hibernating / Lost,3,333.06,20,386,1.89,188.85,1
17962,142,4,665.91,2010-01-13 15:24:00,2011-07-20 14:16:00,632,United Kingdom,3,4,3,343,Loyal,1,166.48,552,695,2.1,104.88,0
17105,159,2,665.78,2011-02-06 14:46:00,2011-07-03 15:53:00,693,United Kingdom,3,3,3,333,Loyal,3,332.89,147,306,2.39,238.68,0
15973,367,2,665.62,2010-10-07 08:33:00,2010-12-08 11:42:00,194,United Kingdom,2,2,3,223,Hibernating / Lost,3,332.81,62,429,1.7,169.73,1
16132,544,2,664.1999999999999,2010-03-22 10:25:00,2010-06-13 13:49:00,280,United Kingdom,1,2,3,123,Hibernating / Lost,3,332.1,83,628,1.16,115.57,1
16704,618,2,664.16,2010-02-05 14:14:00,2010-03-31 14:02:00,433,United Kingdom,1,2,3,123,Hibernating / Lost,3,332.08,53,672,1.09,108.59,1
13596,6,2,664.11,2011-11-27 11:57:00,2011-12-04 12:01:00,384,United Kingdom,5,2,3,523,New / Promising,2,332.06,7,30,24.33,2423.71,0
15643,192,3,664.0,2011-03-02 14:34:00,2011-06-01 07:38:00,246,United Kingdom,2,3,3,233,At Risk,1,221.33,90,282,3.88,257.63,1
14720,6,3,663.81,2011-08-05 12:06:00,2011-12-04 12:02:00,219,United Kingdom,5,3,3,533,Loyal,2,221.27,120,127,8.62,572.2,0
16573,85,2,663.61,2011-02-22 15:14:00,2011-09-16 09:13:00,360,United Kingdom,3,2,3,323,Needs Attention,2,331.8,205,290,2.52,250.84,0
16679,366,3,663.31,2010-06-10 18:35:00,2010-12-08 13:51:00,247,United Kingdom,2,3,3,233,At Risk,1,221.1,180,547,2.0,132.66,1
12837,173,2,662.66,2010-05-19 15:10:00,2011-06-19 16:07:00,194,United Kingdom,3,2,3,323,Needs Attention,3,331.33,396,569,1.28,127.23,0
13864,387,1,662.4000000000001,2010-11-18 12:50:00,2010-11-18 12:50:00,192,United Kingdom,2,1,3,213,Hibernating / Lost,3,662.4,0,387,0.94,186.8,1
16862,547,4,662.33,2010-01-07 12:57:00,2010-06-10 13:05:00,513,United Kingdom,1,4,3,143,Can't Lose Them,1,165.58,154,701,2.08,103.32,1
14425,435,3,661.39,2009-12-02 11:31:00,2010-10-01 10:24:00,325,United Kingdom,1,3,3,133,At Risk,1,220.46,302,738,1.48,97.88,1
13028,23,2,661.3199999999999,2011-10-25 14:09:00,2011-11-17 11:10:00,798,United Kingdom,4,2,3,423,New / Promising,2,330.66,22,45,16.22,1608.99,0
17375,199,4,660.55,2010-10-04 09:14:00,2011-05-24 15:45:00,480,United Kingdom,2,4,3,243,Can't Lose Them,1,165.14,232,432,3.38,167.45,1
14603,275,1,660.0,2011-03-10 10:27:00,2011-03-10 10:27:00,400,United Kingdom,2,1,3,213,Hibernating / Lost,3,660.0,0,275,1.33,263.34,1
15405,189,2,659.84,2010-05-12 15:56:00,2011-06-03 14:44:00,348,United Kingdom,2,2,3,223,Hibernating / Lost,3,329.92,386,576,1.27,125.7,1
15492,28,2,659.4599999999999,2011-09-26 14:02:00,2011-11-11 14:53:00,483,United Kingdom,4,2,3,423,New / Promising,2,329.73,46,74,9.86,975.34,0
13759,33,2,659.4100000000001,2011-09-29 15:40:00,2011-11-06 14:47:00,287,United Kingdom,4,2,3,423,New / Promising,2,329.71,37,71,10.28,1016.83,0
14452,11,4,658.95,2010-07-06 13:13:00,2011-11-29 12:06:00,285,United Kingdom,5,3,3,533,Loyal,2,164.74,510,521,2.8,138.38,0
13622,696,1,658.95,2010-01-12 13:22:00,2010-01-12 13:22:00,379,United Kingdom,1,1,3,113,Hibernating / Lost,3,658.95,0,696,0.52,102.8,1
14150,36,2,658.64,2010-12-15 10:04:00,2011-11-04 10:05:00,496,United Kingdom,4,2,3,423,New / Promising,2,329.32,324,360,2.03,200.56,0
13433,501,4,658.3199999999999,2010-01-12 08:59:00,2010-07-26 16:55:00,190,United Kingdom,1,3,3,133,At Risk,1,164.58,195,697,2.09,103.19,1
16887,35,3,658.17,2009-12-01 13:41:00,2011-11-04 14:07:00,423,United Kingdom,4,3,3,433,Loyal,2,219.39,703,738,1.48,97.41,0
15715,556,5,658.02,2010-03-30 12:17:00,2010-06-02 09:56:00,246,United Kingdom,1,4,3,143,Can't Lose Them,1,131.6,63,620,2.94,116.07,1
16696,135,4,657.9000000000001,2011-04-05 15:20:00,2011-07-27 14:23:00,146,United Kingdom,3,4,3,343,Loyal,1,164.48,112,248,5.89,290.64,0
17852,12,5,657.8100000000001,2009-12-08 12:51:00,2011-11-28 12:36:00,372,United Kingdom,5,4,3,543,Champions,2,131.56,719,731,2.5,98.67,0
17459,43,2,657.3,2011-10-10 17:00:00,2011-10-27 13:25:00,537,United Kingdom,4,3,3,433,Loyal,2,328.65,16,60,12.17,1199.9,0
12791,374,5,656.83,2010-03-25 17:29:00,2010-12-01 11:27:00,347,Netherlands,2,4,3,243,Can't Lose Them,1,131.37,250,624,2.92,115.08,1
16157,16,3,656.69,2011-09-28 11:48:00,2011-11-24 11:41:00,347,United Kingdom,5,3,3,533,Loyal,2,218.9,56,73,15.0,985.05,0
16708,46,1,656.63,2011-10-25 12:20:00,2011-10-25 12:20:00,285,United Kingdom,4,2,3,423,New / Promising,2,656.63,0,46,7.93,1562.12,0
14558,654,3,655.5,2009-12-08 10:41:00,2010-02-23 12:51:00,162,United Kingdom,1,3,3,133,At Risk,3,218.5,77,732,1.5,98.32,1
16117,190,3,654.4,2010-04-27 11:50:00,2011-06-03 11:42:00,321,United Kingdom,2,3,3,233,At Risk,1,218.13,401,592,1.85,121.06,1
17398,115,3,653.38,2011-03-29 13:04:00,2011-08-17 09:48:00,310,United Kingdom,3,3,3,333,Loyal,1,217.79,140,255,4.29,280.3,0
13496,11,2,653.33,2010-12-15 10:17:00,2011-11-29 10:58:00,341,United Kingdom,5,2,3,523,New / Promising,2,326.67,349,360,2.03,198.94,0
18121,149,2,653.3,2011-07-08 12:14:00,2011-07-13 12:53:00,438,United Kingdom,3,3,3,333,Loyal,3,326.65,5,155,4.71,461.56,0
15205,85,2,653.24,2011-08-04 16:07:00,2011-09-15 19:36:00,378,United Kingdom,3,2,3,323,Needs Attention,2,326.62,42,127,5.75,563.42,0
13820,418,3,652.75,2010-01-28 12:26:00,2010-10-17 13:46:00,285,United Kingdom,1,3,3,133,At Risk,1,217.58,262,681,1.61,105.09,1
17523,11,4,652.74,2011-11-20 13:40:00,2011-11-28 13:20:00,872,United Kingdom,5,4,3,543,Champions,2,163.18,7,30,48.67,2382.59,0
17572,71,10,652.21,2009-12-15 10:00:00,2011-09-29 17:53:00,327,United Kingdom,3,5,3,353,Loyal,1,65.22,653,725,5.03,98.42,0
13840,416,1,651.4,2010-10-19 13:34:00,2010-10-19 13:34:00,358,United Kingdom,1,1,3,113,Hibernating / Lost,3,651.4,0,416,0.88,171.97,1
17371,17,6,651.37,2009-12-08 12:25:00,2011-11-22 13:30:00,279,United Kingdom,5,4,3,543,Champions,2,108.56,714,732,2.99,97.38,0
16056,45,1,650.75,2011-10-25 15:19:00,2011-10-25 15:19:00,345,United Kingdom,4,1,3,413,New / Promising,2,650.75,0,45,8.11,1583.27,0
16969,39,3,650.41,2011-06-01 12:10:00,2011-10-31 13:12:00,816,United Kingdom,4,3,3,433,Loyal,2,216.8,152,192,5.7,370.73,0
17779,21,3,650.32,2011-07-19 12:19:00,2011-11-18 14:15:00,396,United Kingdom,4,3,3,433,Loyal,2,216.77,122,144,7.6,494.24,0
14034,22,3,648.89,2011-07-05 13:06:00,2011-11-17 14:02:00,420,United Kingdom,4,3,3,433,Loyal,2,216.3,135,157,6.97,452.28,0
12844,29,4,648.6,2010-04-25 11:51:00,2011-11-10 13:31:00,223,United Kingdom,4,3,3,433,Loyal,2,162.15,564,594,2.46,119.67,0
16495,3,3,648.26,2011-03-08 16:38:00,2011-12-06 13:20:00,328,United Kingdom,5,3,3,533,Loyal,2,216.09,272,276,3.97,257.36,0
17777,25,3,647.56,2011-08-31 14:35:00,2011-11-15 12:02:00,501,United Kingdom,4,3,3,433,Loyal,2,215.85,75,100,10.95,709.07,0
16734,52,3,646.76,2011-08-17 15:00:00,2011-10-18 13:44:00,345,United Kingdom,4,3,3,433,Loyal,2,215.59,61,114,9.61,621.55,0
13474,236,3,646.59,2010-08-01 14:40:00,2011-04-17 13:53:00,318,United Kingdom,2,3,3,233,At Risk,1,215.53,258,495,2.21,142.9,1
15945,365,4,646.27,2009-12-01 13:47:00,2010-12-09 13:14:00,345,United Kingdom,2,4,3,243,Can't Lose Them,1,161.57,372,738,1.98,95.97,1
15012,54,3,646.26,2010-05-12 11:49:00,2011-10-17 12:22:00,383,United Kingdom,4,3,3,433,Loyal,2,215.42,523,577,1.9,122.79,0
14024,122,3,645.74,2010-11-14 10:51:00,2011-08-10 11:30:00,238,United Kingdom,3,3,3,333,Loyal,1,215.25,269,391,2.8,180.81,0
17380,434,3,645.0,2010-06-23 11:24:00,2010-10-01 16:42:00,252,United Kingdom,1,3,3,133,At Risk,1,215.0,100,535,2.05,132.22,1
16185,17,3,644.72,2010-05-24 11:04:00,2011-11-23 09:41:00,321,United Kingdom,5,3,3,533,Loyal,2,214.91,547,565,1.94,125.08,0
17312,139,3,644.3,2011-07-03 13:12:00,2011-07-24 11:52:00,372,United Kingdom,3,3,3,333,Loyal,1,214.77,20,159,6.89,443.93,0
17963,471,4,643.16,2010-01-19 17:25:00,2010-08-25 15:58:00,341,United Kingdom,1,4,3,143,Can't Lose Them,1,160.79,217,689,2.12,102.26,1
13237,388,1,643.0,2010-11-17 10:07:00,2010-11-17 10:07:00,128,United Kingdom,2,1,3,213,Hibernating / Lost,3,643.0,0,388,0.94,181.33,1
15297,10,3,641.94,2011-10-07 09:42:00,2011-11-29 16:32:00,292,United Kingdom,5,3,3,533,Loyal,2,213.98,53,64,17.11,1098.36,0
14537,58,2,641.4,2010-03-26 13:44:00,2011-10-13 10:54:00,228,United Kingdom,4,2,3,423,New / Promising,2,320.7,565,623,1.17,112.57,0
13318,1,3,640.76,2011-11-02 13:26:00,2011-12-08 18:51:00,304,United Kingdom,5,3,3,533,Loyal,2,213.59,36,37,29.59,1896.04,0
12538,29,2,640.45,2010-11-26 13:02:00,2011-11-10 17:16:00,336,Spain,4,2,3,423,New / Promising,2,320.23,349,378,1.93,185.41,0
12880,382,2,640.13,2010-05-14 11:57:00,2010-11-23 10:50:00,279,United Kingdom,2,2,3,223,Hibernating / Lost,3,320.06,192,575,1.27,121.94,1
15183,548,3,639.93,2010-05-04 11:31:00,2010-06-10 10:43:00,297,United Kingdom,1,3,3,133,At Risk,3,213.31,36,585,1.87,119.67,1
15648,204,2,639.5,2011-03-17 18:59:00,2011-05-19 15:53:00,218,United Kingdom,2,2,3,223,Hibernating / Lost,3,319.75,62,267,2.73,261.88,1
17998,380,3,639.24,2009-12-01 13:07:00,2010-11-24 15:31:00,561,United Kingdom,2,3,3,233,At Risk,1,213.08,358,738,1.48,94.61,1
16428,414,3,638.49,2010-07-30 12:10:00,2010-10-22 12:22:00,575,United Kingdom,1,3,3,133,At Risk,1,212.83,84,498,2.2,140.47,1
17691,358,4,637.5500000000001,2010-06-11 11:50:00,2010-12-16 17:20:00,315,United Kingdom,2,4,3,243,Can't Lose Them,1,159.39,188,547,2.67,127.67,1
14664,20,2,636.24,2011-11-06 14:56:00,2011-11-20 10:59:00,465,United Kingdom,4,2,3,423,New / Promising,2,318.12,13,33,22.12,2111.04,0
15829,99,2,636.14,2011-07-22 10:23:00,2011-09-01 16:45:00,996,United Kingdom,3,2,3,323,Needs Attention,2,318.07,41,141,5.18,494.28,0
16534,642,1,635.9,2010-03-07 15:47:00,2010-03-07 15:47:00,168,United Kingdom,1,1,3,113,Hibernating / Lost,3,635.9,0,642,0.57,108.74,1
17334,302,3,635.15,2010-10-29 12:16:00,2011-02-10 14:59:00,566,United Kingdom,2,3,3,233,At Risk,1,211.72,104,407,2.69,170.86,1
14365,395,2,634.68,2010-01-27 09:44:00,2010-11-10 09:52:00,557,United Kingdom,2,2,3,223,Hibernating / Lost,3,317.34,287,682,1.07,101.87,1
14219,4,3,633.83,2010-08-03 14:42:00,2011-12-05 16:23:00,363,United Kingdom,5,3,3,533,Loyal,2,211.28,489,493,2.22,140.71,0
15666,472,2,632.9399999999999,2010-08-01 15:41:00,2010-08-24 16:14:00,469,United Kingdom,1,2,3,123,Hibernating / Lost,3,316.47,23,495,1.47,139.56,1
13540,467,3,632.39,2010-02-22 09:22:00,2010-08-29 14:20:00,189,United Kingdom,1,3,3,133,At Risk,3,210.8,188,656,1.67,105.61,1
18183,227,2,632.07,2011-03-10 10:08:00,2011-04-26 15:26:00,371,United Kingdom,2,3,3,233,At Risk,3,316.04,47,275,2.65,251.25,1
12658,19,1,632.05,2011-11-21 10:22:00,2011-11-21 10:22:00,317,Germany,5,1,3,513,New / Promising,2,632.05,0,30,12.17,2307.61,0
13822,6,2,632.0,2011-10-30 15:55:00,2011-12-04 12:13:00,611,United Kingdom,5,2,3,523,New / Promising,2,316.0,34,40,18.25,1730.1,0
17985,22,1,631.35,2011-11-17 14:24:00,2011-11-17 14:24:00,171,United Kingdom,4,2,3,423,New / Promising,2,631.35,0,30,12.17,2305.06,0
13706,303,2,631.17,2010-03-23 09:18:00,2011-02-10 09:21:00,301,United Kingdom,2,2,3,223,Hibernating / Lost,3,315.58,324,627,1.16,109.82,1
16193,237,2,630.43,2010-10-25 10:25:00,2011-04-17 11:45:00,379,United Kingdom,2,2,3,223,Hibernating / Lost,3,315.21,174,411,1.78,168.32,1
13525,15,2,628.78,2011-04-05 15:36:00,2011-11-25 12:01:00,394,United Kingdom,5,2,3,523,New / Promising,2,314.39,233,248,2.94,277.29,0
14283,463,4,628.4399999999999,2010-05-19 12:22:00,2010-09-02 14:46:00,550,United Kingdom,1,3,3,133,At Risk,1,157.11,106,570,2.56,120.66,1
16399,19,3,628.42,2010-11-15 15:03:00,2011-11-20 16:12:00,434,United Kingdom,5,3,3,533,Loyal,2,209.47,370,389,2.81,176.58,0
16158,522,9,628.32,2009-12-05 15:00:00,2010-07-05 13:55:00,182,United Kingdom,1,5,3,153,Can't Lose Them,1,69.81,211,734,4.48,93.82,1
13480,417,2,627.82,2010-01-29 12:35:00,2010-10-19 11:53:00,362,United Kingdom,1,2,3,123,Hibernating / Lost,3,313.91,262,680,1.07,100.77,1
13518,86,1,627.16,2011-09-15 10:29:00,2011-09-15 10:29:00,382,United Kingdom,3,1,3,313,Needs Attention,3,627.16,0,86,4.24,797.75,0
12461,155,1,626.88,2011-07-08 10:23:00,2011-07-08 10:23:00,282,Switzerland,3,1,3,313,Needs Attention,3,626.88,0,155,2.35,441.95,0
14036,285,1,626.65,2011-02-28 09:26:00,2011-02-28 09:26:00,268,United Kingdom,2,1,3,213,Hibernating / Lost,3,626.65,0,285,1.28,240.63,1
12519,64,2,626.54,2010-08-20 08:21:00,2011-10-07 09:26:00,382,Germany,3,2,3,323,Needs Attention,2,313.27,413,477,1.53,143.79,0
13914,12,2,626.45,2011-11-03 16:28:00,2011-11-28 10:35:00,380,United Kingdom,5,2,3,523,New / Promising,2,313.23,24,36,20.28,1905.69,0
14381,52,2,625.9399999999999,2010-09-14 16:15:00,2011-10-18 17:10:00,449,United Kingdom,4,2,3,423,New / Promising,2,312.97,399,451,1.62,152.1,0
14793,21,2,625.9,2010-06-22 16:54:00,2011-11-18 14:50:00,361,United Kingdom,4,2,3,423,New / Promising,2,312.95,513,535,1.36,127.68,0
16715,78,2,625.52,2010-05-26 12:35:00,2011-09-22 18:15:00,1174,United Kingdom,3,2,3,323,Needs Attention,2,312.76,484,563,1.3,121.98,0
14563,510,2,625.42,2010-04-26 12:51:00,2010-07-18 12:01:00,243,United Kingdom,1,2,3,123,Hibernating / Lost,3,312.71,82,592,1.23,115.39,1
16330,18,7,625.38,2010-02-15 12:36:00,2011-11-22 12:24:00,326,United Kingdom,5,4,3,543,Champions,2,89.34,644,663,3.85,103.19,0
17134,107,3,625.3,2010-09-23 18:32:00,2011-08-25 09:53:00,144,United Kingdom,3,3,3,333,Loyal,1,208.43,335,442,2.48,155.07,0
16750,45,5,623.93,2011-04-21 16:53:00,2011-10-26 12:48:00,214,United Kingdom,4,4,3,443,Champions,2,124.79,187,232,7.87,294.63,0
15147,240,1,623.5,2011-04-13 15:57:00,2011-04-13 15:57:00,366,United Kingdom,2,1,3,213,Hibernating / Lost,3,623.5,0,240,1.52,284.32,1
16792,282,5,623.46,2010-01-04 13:47:00,2011-03-02 14:41:00,324,United Kingdom,2,4,3,243,Can't Lose Them,1,124.69,422,704,2.59,96.88,1
16431,213,3,623.28,2011-02-15 14:02:00,2011-05-10 14:09:00,442,United Kingdom,2,3,3,233,At Risk,1,207.76,84,297,3.69,229.99,1
15258,169,2,623.16,2011-05-06 14:16:00,2011-06-24 12:30:00,142,United Kingdom,3,2,3,323,Needs Attention,3,311.58,48,217,3.36,314.07,0
16781,372,2,623.0,2010-02-08 13:56:00,2010-12-02 14:26:00,192,United Kingdom,2,2,3,223,Hibernating / Lost,3,311.5,297,669,1.09,101.86,1
14115,502,2,622.6700000000001,2010-02-11 11:44:00,2010-07-26 12:36:00,509,United Kingdom,1,2,3,123,Hibernating / Lost,3,311.34,165,667,1.09,101.81,1
17430,33,4,622.57,2010-08-17 11:52:00,2011-11-07 09:24:00,455,United Kingdom,4,4,3,443,Champions,2,155.64,446,480,3.04,141.94,0
17005,471,2,622.36,2010-04-30 10:55:00,2010-08-26 10:57:00,691,United Kingdom,1,3,3,133,At Risk,3,311.18,118,589,1.24,115.76,1
18101,11,5,622.01,2010-02-03 13:52:00,2011-11-28 13:37:00,247,United Kingdom,5,4,3,543,Champions,2,124.4,662,674,2.71,101.14,0
16368,2,3,621.44,2010-09-30 11:30:00,2011-12-07 13:12:00,307,United Kingdom,5,3,3,533,Loyal,2,207.15,433,436,2.51,155.98,0
15016,173,5,620.89,2010-06-14 13:06:00,2011-06-20 12:06:00,243,United Kingdom,3,4,3,343,Loyal,1,124.18,370,543,3.36,125.17,0
13836,399,2,620.37,2010-10-21 13:27:00,2010-11-05 13:31:00,273,United Kingdom,2,2,3,223,Hibernating / Lost,3,310.18,15,414,1.76,163.78,1
14339,243,2,620.27,2010-10-07 08:50:00,2011-04-11 11:06:00,456,United Kingdom,2,2,3,223,Hibernating / Lost,3,310.14,186,429,1.7,158.17,1
15276,66,4,619.8,2010-10-01 12:24:00,2011-10-04 16:39:00,317,United Kingdom,3,3,3,333,Loyal,2,154.95,368,435,3.36,156.19,0
13444,374,2,619.08,2010-07-21 14:34:00,2010-11-30 13:02:00,331,United Kingdom,2,2,3,223,Hibernating / Lost,3,309.54,131,506,1.44,133.72,1
13020,563,2,618.96,2010-02-18 10:35:00,2010-05-26 11:12:00,278,United Kingdom,1,2,3,123,Hibernating / Lost,3,309.48,97,660,1.11,103.06,1
16613,70,1,618.59,2011-09-30 15:52:00,2011-09-30 15:52:00,293,United Kingdom,3,1,3,313,Needs Attention,2,618.59,0,70,5.21,966.86,0
14455,432,4,617.72,2010-08-01 13:26:00,2010-10-03 15:48:00,706,United Kingdom,1,3,3,133,At Risk,1,154.43,63,495,2.95,136.67,1
15956,551,2,617.6,2009-12-13 11:16:00,2010-06-06 13:06:00,278,United Kingdom,1,2,3,123,Hibernating / Lost,3,308.8,175,727,1.0,92.64,1
14377,191,2,617.05,2011-03-22 13:38:00,2011-06-01 13:32:00,219,United Kingdom,2,2,3,223,Hibernating / Lost,3,308.52,70,262,2.79,258.23,1
16311,18,2,616.26,2011-10-21 13:13:00,2011-11-22 08:54:00,394,United Kingdom,5,2,3,523,New / Promising,2,308.13,31,49,14.9,1377.34,0
17639,276,6,615.17,2010-08-13 11:59:00,2011-03-08 15:22:00,576,United Kingdom,2,4,3,243,Can't Lose Them,1,102.53,207,484,4.52,139.03,1
15275,38,1,615.14,2011-11-02 11:20:00,2011-11-02 11:20:00,498,United Kingdom,4,1,3,413,New / Promising,2,615.14,0,38,9.61,1773.45,0
14077,41,6,615.0799999999999,2010-11-09 16:01:00,2011-10-30 12:35:00,376,United Kingdom,4,4,3,443,Champions,2,102.51,354,395,5.54,170.37,0
16847,43,2,614.89,2010-03-31 13:32:00,2011-10-27 13:29:00,255,United Kingdom,4,3,3,433,Loyal,2,307.44,574,618,1.18,108.83,0
16566,15,5,614.66,2011-02-20 10:29:00,2011-11-24 16:34:00,362,United Kingdom,5,4,3,543,Champions,2,122.93,277,293,6.23,229.76,0
16844,563,2,614.34,2010-05-06 09:16:00,2010-05-26 10:29:00,281,United Kingdom,1,3,3,133,At Risk,3,307.17,20,583,1.25,115.19,1
16343,16,3,614.12,2010-10-28 14:15:00,2011-11-23 17:45:00,345,United Kingdom,5,3,3,533,Loyal,2,204.71,391,407,2.69,165.2,0
17035,246,4,613.59,2009-12-03 10:37:00,2011-04-08 11:23:00,327,United Kingdom,2,4,3,243,Can't Lose Them,1,153.4,491,737,1.98,91.12,1
12603,22,1,613.1999999999999,2011-11-18 10:42:00,2011-11-18 10:42:00,56,Germany,4,1,3,413,New / Promising,2,613.2,0,30,12.17,2238.79,0
14169,431,2,613.11,2010-09-21 13:39:00,2010-10-05 08:45:00,201,United Kingdom,1,2,3,123,Hibernating / Lost,3,306.56,13,444,1.64,150.83,1
15362,449,2,613.08,2009-12-01 09:08:00,2010-09-17 10:37:00,368,United Kingdom,1,2,3,123,Hibernating / Lost,3,306.54,290,739,0.99,91.04,1
12537,409,1,612.94,2010-10-27 08:36:00,2010-10-27 08:36:00,446,Sweden,2,1,3,213,Hibernating / Lost,3,612.94,0,409,0.89,163.65,1
12855,373,4,612.84,2010-11-02 18:16:00,2010-12-02 09:37:00,240,United Kingdom,2,3,3,233,At Risk,1,153.21,29,402,3.63,166.85,1
16116,212,1,612.78,2011-05-12 12:01:00,2011-05-12 12:01:00,248,United Kingdom,2,1,3,213,Hibernating / Lost,3,612.78,0,212,1.72,316.19,1
16178,138,2,612.6,2010-11-03 14:46:00,2011-07-24 16:05:00,304,United Kingdom,3,2,3,323,Needs Attention,3,306.3,263,401,1.82,167.24,0
16589,71,4,612.36,2010-09-15 14:56:00,2011-09-29 14:50:00,536,United Kingdom,3,4,3,343,Loyal,2,153.09,378,450,3.24,148.8,0
13008,323,3,612.13,2009-12-16 16:07:00,2011-01-20 14:24:00,379,United Kingdom,2,3,3,233,At Risk,1,204.04,399,723,1.51,92.43,1
15232,113,2,612.06,2011-07-22 12:21:00,2011-08-18 16:27:00,686,United Kingdom,3,2,3,323,Needs Attention,3,306.03,27,141,5.18,475.57,0
16922,573,1,611.08,2010-05-16 11:24:00,2010-05-16 11:24:00,281,United Kingdom,1,2,3,123,Hibernating / Lost,3,611.08,0,573,0.64,117.33,1
13731,219,2,610.59,2011-04-07 10:10:00,2011-05-04 14:33:00,278,United Kingdom,2,2,3,223,Hibernating / Lost,3,305.3,27,247,2.96,271.11,1
13832,19,2,609.89,2010-10-13 14:41:00,2011-11-20 15:36:00,420,United Kingdom,5,2,3,523,New / Promising,2,304.94,403,422,1.73,158.26,0
14636,36,2,609.85,2011-03-16 09:52:00,2011-11-03 16:12:00,241,United Kingdom,4,2,3,423,New / Promising,2,304.92,232,269,2.71,247.9,0
15748,40,3,609.8100000000001,2010-09-16 16:52:00,2011-10-30 12:51:00,261,United Kingdom,4,3,3,433,Loyal,2,203.27,408,449,2.44,148.79,0
17325,280,3,609.5699999999999,2010-03-08 11:31:00,2011-03-04 13:09:00,465,United Kingdom,2,3,3,233,At Risk,1,203.19,361,642,1.71,104.24,1
17707,185,8,609.3000000000001,2009-12-07 12:19:00,2011-06-07 15:03:00,546,United Kingdom,3,5,3,353,Loyal,1,76.16,547,733,3.98,90.94,1
16675,442,2,608.86,2010-08-18 13:11:00,2010-09-24 12:15:00,296,United Kingdom,1,2,3,123,Hibernating / Lost,3,304.43,36,478,1.53,139.73,1
13933,109,2,608.7900000000001,2011-07-14 13:35:00,2011-08-22 14:03:00,205,United Kingdom,3,2,3,323,Needs Attention,3,304.4,39,148,4.93,450.21,0
12492,63,3,607.21,2010-11-01 14:58:00,2011-10-07 15:15:00,438,Germany,3,3,3,333,Loyal,2,202.4,340,403,2.72,165.16,0
17473,409,2,607.0,2010-09-09 19:03:00,2010-10-27 11:45:00,270,United Kingdom,2,3,3,233,At Risk,3,303.5,47,456,1.6,145.68,1
15717,234,5,607.0,2010-04-26 10:41:00,2011-04-19 13:21:00,224,United Kingdom,2,4,3,243,Can't Lose Them,1,121.4,358,593,3.08,112.17,1
17119,3,2,606.91,2011-10-11 11:03:00,2011-12-06 14:40:00,334,United Kingdom,5,3,3,533,Loyal,2,303.46,56,60,12.17,1107.93,0
15158,45,2,606.02,2010-11-03 13:46:00,2011-10-25 13:53:00,219,United Kingdom,4,2,3,423,New / Promising,2,303.01,356,401,1.82,165.44,0
16590,401,2,605.9,2010-10-21 12:09:00,2010-11-04 09:06:00,240,United Kingdom,2,2,3,223,Hibernating / Lost,3,302.95,13,415,1.76,159.96,1
17507,262,2,605.58,2011-02-03 18:08:00,2011-03-23 11:48:00,359,United Kingdom,2,3,3,233,At Risk,3,302.79,47,309,2.36,214.38,1
14323,115,2,605.0600000000001,2011-04-15 11:44:00,2011-08-17 11:37:00,350,United Kingdom,3,2,3,323,Needs Attention,3,302.53,123,239,3.05,276.81,0
16321,72,7,604.5500000000001,2009-12-01 10:36:00,2011-09-28 14:55:00,259,Australia,3,4,3,343,Loyal,1,86.36,666,739,3.46,89.64,0
12944,36,2,604.51,2010-12-20 10:41:00,2011-11-04 11:04:00,289,United Kingdom,4,2,3,423,New / Promising,2,302.26,319,355,2.06,186.8,0
14611,444,2,604.3299999999999,2010-04-20 10:19:00,2010-09-22 09:19:00,582,United Kingdom,1,2,3,123,Hibernating / Lost,3,302.16,154,599,1.22,110.59,1
12734,353,3,603.65,2010-11-12 13:26:00,2010-12-22 12:47:00,263,France,2,3,3,233,At Risk,1,201.22,39,392,2.79,168.42,1
13106,133,2,603.46,2010-10-22 13:10:00,2011-07-29 15:12:00,231,United Kingdom,3,2,3,323,Needs Attention,3,301.73,280,413,1.77,160.22,0
12707,292,1,603.42,2011-02-21 08:38:00,2011-02-21 08:38:00,256,France,2,1,2,212,Hibernating / Lost,3,603.42,0,292,1.25,226.28,1
18264,499,1,603.25,2010-07-29 10:02:00,2010-07-29 10:02:00,241,United Kingdom,1,2,2,122,Hibernating / Lost,3,603.25,0,499,0.73,132.11,1
16022,260,1,602.63,2011-03-24 13:16:00,2011-03-24 13:16:00,255,United Kingdom,2,1,2,212,Hibernating / Lost,3,602.63,0,260,1.4,253.1,1
16080,82,4,602.5600000000001,2010-09-15 14:19:00,2011-09-19 10:42:00,298,United Kingdom,3,4,2,342,Loyal,1,150.64,368,450,3.24,146.42,0
17270,469,2,601.4499999999999,2009-12-07 17:18:00,2010-08-27 14:09:00,420,United Kingdom,1,3,2,132,At Risk,3,300.72,262,732,1.0,90.22,1
14254,433,1,601.03,2010-10-03 11:52:00,2010-10-03 11:52:00,263,United Kingdom,1,1,2,112,Hibernating / Lost,3,601.03,0,433,0.84,151.46,1
12420,64,1,600.39,2011-10-07 08:55:00,2011-10-07 08:55:00,345,Cyprus,3,1,2,312,Needs Attention,2,600.39,0,64,5.7,1026.67,0
17745,478,2,600.34,2010-06-02 09:03:00,2010-08-19 12:30:00,164,United Kingdom,1,3,2,132,At Risk,3,300.17,78,556,1.31,117.97,1
13301,104,4,600.19,2011-02-20 13:13:00,2011-08-28 11:25:00,343,United Kingdom,3,3,2,332,Loyal,1,150.05,188,292,5.0,225.08,0
18211,26,5,600.07,2011-03-06 12:09:00,2011-11-14 08:10:00,359,United Kingdom,4,4,2,442,Champions,2,120.01,252,279,6.54,235.46,0
17678,264,2,599.76,2010-04-15 13:54:00,2011-03-21 11:52:00,368,United Kingdom,2,3,2,232,At Risk,3,299.88,339,603,1.21,108.86,1
12556,50,2,599.56,2011-07-11 13:35:00,2011-10-20 13:06:00,355,Spain,4,2,2,422,New / Promising,2,299.78,100,151,4.83,434.38,0
13311,4,2,598.57,2011-07-12 14:26:00,2011-12-05 12:55:00,305,United Kingdom,5,2,2,522,New / Promising,2,299.29,145,150,4.87,437.26,0
15424,254,3,597.78,2010-09-02 17:17:00,2011-03-30 13:02:00,873,United Kingdom,2,3,2,232,At Risk,1,199.26,208,463,2.37,141.67,1
14569,1,4,597.3299999999999,2010-04-15 11:49:00,2011-12-08 14:58:00,257,United Kingdom,5,3,2,532,Loyal,2,149.33,602,604,2.42,108.41,0
15631,642,1,596.67,2010-03-07 14:52:00,2010-03-07 14:52:00,525,United Kingdom,1,1,2,112,Hibernating / Lost,3,596.67,0,642,0.57,102.03,1
16780,100,3,596.4,2010-10-28 19:41:00,2011-08-31 16:09:00,352,United Kingdom,3,3,2,332,Loyal,1,198.8,306,407,2.69,160.43,0
15346,333,3,596.12,2010-10-04 15:11:00,2011-01-11 11:18:00,260,United Kingdom,2,3,2,232,At Risk,1,198.71,98,431,2.54,151.42,1
14965,96,2,596.09,2011-09-04 13:15:00,2011-09-04 13:20:00,363,United Kingdom,3,2,2,322,Needs Attention,2,298.04,0,96,7.6,679.53,0
17845,555,4,596.09,2010-05-12 13:04:00,2010-06-02 15:20:00,195,United Kingdom,1,4,2,142,Can't Lose Them,1,149.02,21,576,2.53,113.11,1
17209,649,3,595.7,2009-12-03 11:10:00,2010-02-28 16:01:00,723,United Kingdom,1,3,2,132,At Risk,3,198.57,87,737,1.49,88.76,1
17658,26,2,595.42,2011-05-12 15:23:00,2011-11-14 12:07:00,616,United Kingdom,4,3,2,432,Loyal,2,297.71,185,211,3.46,309.02,0
13684,286,4,594.88,2010-03-28 14:48:00,2011-02-27 10:13:00,234,United Kingdom,2,3,2,232,At Risk,1,148.72,335,621,2.35,104.85,1
14771,621,2,594.62,2009-12-03 09:44:00,2010-03-28 12:52:00,622,United Kingdom,1,2,2,122,Hibernating / Lost,3,297.31,115,737,0.99,88.3,1
13558,6,4,594.52,2011-10-02 13:01:00,2011-12-04 11:24:00,338,United Kingdom,5,3,2,532,Loyal,2,148.63,62,68,21.47,957.33,0
15442,249,1,594.0,2011-04-05 12:24:00,2011-04-05 12:24:00,120,United Kingdom,2,1,2,212,Hibernating / Lost,3,594.0,0,249,1.47,261.95,1
15929,644,1,594.0,2010-03-05 14:56:00,2010-03-05 14:56:00,120,United Kingdom,1,1,2,112,Hibernating / Lost,3,594.0,0,644,0.57,101.57,1
14746,406,4,593.5,2010-10-12 11:06:00,2010-10-29 14:44:00,398,United Kingdom,2,3,2,232,At Risk,1,148.38,17,424,3.44,153.13,1
16412,54,5,593.19,2010-02-04 13:46:00,2011-10-17 12:35:00,288,United Kingdom,4,4,2,442,Champions,2,118.64,619,673,2.71,96.45,0
18232,82,4,592.97,2011-05-26 16:30:00,2011-09-19 11:49:00,302,United Kingdom,3,4,2,342,Loyal,1,148.24,115,197,7.41,329.54,0
16776,60,2,592.51,2010-10-20 12:13:00,2011-10-10 13:04:00,435,United Kingdom,3,2,2,322,Needs Attention,2,296.26,355,416,1.75,155.54,0
13472,464,2,592.24,2010-06-02 09:48:00,2010-09-02 09:41:00,310,United Kingdom,1,2,2,122,Hibernating / Lost,3,296.12,91,556,1.31,116.38,1
17815,393,1,591.96,2010-11-11 14:39:00,2010-11-11 14:39:00,612,United Kingdom,2,2,2,222,Hibernating / Lost,3,591.96,0,393,0.93,165.16,1
17156,492,1,591.87,2010-08-05 11:30:00,2010-08-05 11:30:00,391,United Kingdom,1,2,2,122,Hibernating / Lost,3,591.87,0,492,0.74,131.4,1
17483,65,4,591.73,2010-10-21 12:43:00,2011-10-05 13:10:00,265,United Kingdom,3,4,2,342,Loyal,2,147.93,349,415,3.52,156.21,0
15524,25,2,591.4,2010-04-12 09:19:00,2011-11-15 12:09:00,28,United Kingdom,4,2,2,422,New / Promising,2,295.7,582,607,1.2,106.45,0
17098,382,3,591.0699999999999,2010-06-17 10:30:00,2010-11-23 12:13:00,125,United Kingdom,2,3,2,232,At Risk,3,197.02,159,541,2.02,119.39,1
17968,374,4,590.4399999999999,2010-07-15 15:01:00,2010-12-01 12:23:00,352,United Kingdom,2,4,2,242,Can't Lose Them,1,147.61,138,512,2.85,126.21,1
13270,366,1,590.0,2010-12-08 14:53:00,2010-12-08 14:53:00,200,United Kingdom,2,1,2,212,Hibernating / Lost,3,590.0,0,366,1.0,177.0,1
15160,357,4,589.27,2010-10-14 15:26:00,2010-12-17 14:15:00,307,United Kingdom,2,3,2,232,At Risk,1,147.32,63,421,3.47,153.36,1
15624,117,4,588.13,2011-03-28 13:32:00,2011-08-15 11:38:00,357,United Kingdom,3,3,2,332,Loyal,1,147.03,139,256,5.7,251.42,0
15191,463,3,588.05,2010-01-20 12:35:00,2010-09-02 15:37:00,287,United Kingdom,1,3,2,132,At Risk,3,196.02,225,689,1.59,93.5,1
17890,323,2,586.89,2010-12-13 15:12:00,2011-01-21 11:19:00,402,United Kingdom,2,3,2,232,At Risk,3,293.44,38,361,2.02,177.82,1
14729,374,3,586.24,2010-03-24 13:30:00,2010-12-01 12:43:00,372,United Kingdom,2,3,2,232,At Risk,3,195.41,251,625,1.75,102.59,1
14173,11,6,586.0,2009-12-09 12:46:00,2011-11-29 11:54:00,194,United Kingdom,5,4,2,542,Champions,2,97.67,719,731,3.0,87.9,0
14023,7,2,584.07,2011-04-03 15:50:00,2011-12-02 13:58:00,345,United Kingdom,5,2,2,522,New / Promising,2,292.04,242,250,2.92,255.83,0
15762,65,2,583.75,2011-09-23 15:17:00,2011-10-05 16:15:00,251,United Kingdom,3,2,2,322,Needs Attention,2,291.88,12,77,9.48,830.11,0
17014,8,3,583.4300000000001,2011-10-04 11:36:00,2011-12-01 14:09:00,243,United Kingdom,5,3,2,532,Loyal,2,194.48,58,67,16.34,953.34,0
16001,381,1,583.39,2010-11-23 17:10:00,2010-11-23 17:10:00,337,United Kingdom,2,1,2,212,Hibernating / Lost,3,583.39,0,381,0.96,168.02,1
14670,280,3,583.33,2009-12-07 13:59:00,2011-03-04 14:13:00,423,United Kingdom,2,3,2,232,At Risk,1,194.44,452,732,1.5,87.5,1
16445,34,4,583.16,2010-10-24 12:39:00,2011-11-06 12:32:00,287,United Kingdom,4,4,2,442,Champions,2,145.79,377,412,3.54,154.83,0
15918,191,3,582.88,2010-03-18 11:40:00,2011-06-02 11:42:00,240,United Kingdom,2,3,2,232,At Risk,1,194.29,441,632,1.73,100.84,1
16100,463,1,582.64,2010-09-03 11:39:00,2010-09-03 11:39:00,438,United Kingdom,1,1,2,112,Hibernating / Lost,3,582.64,0,463,0.79,138.09,1
16802,679,2,582.61,2009-12-09 13:00:00,2010-01-29 13:44:00,369,United Kingdom,1,2,2,122,Hibernating / Lost,3,291.3,51,730,1.0,87.39,1
17099,533,1,582.17,2010-06-24 16:25:00,2010-06-24 16:25:00,317,United Kingdom,1,2,2,122,Hibernating / Lost,3,582.17,0,533,0.68,118.76,1
17392,307,3,579.92,2010-09-15 16:17:00,2011-02-06 12:48:00,448,United Kingdom,2,3,2,232,At Risk,1,193.31,143,450,2.43,140.92,1
14742,435,1,579.85,2010-09-30 14:07:00,2010-09-30 14:07:00,374,United Kingdom,1,1,2,112,Hibernating / Lost,3,579.85,0,435,0.84,146.12,1
15588,678,1,579.6,2010-01-31 12:19:00,2010-01-31 12:19:00,96,United Kingdom,1,1,2,112,Hibernating / Lost,3,579.6,0,678,0.54,93.9,1
14529,60,3,578.61,2011-08-21 14:10:00,2011-10-10 15:27:00,325,United Kingdom,3,3,2,332,Loyal,2,192.87,50,110,9.95,575.72,0
18262,140,3,577.54,2010-04-16 09:05:00,2011-07-22 16:04:00,552,United Kingdom,3,3,2,332,Loyal,1,192.51,462,603,1.82,105.11,0
15830,38,1,576.0,2011-11-02 10:40:00,2011-11-02 10:40:00,415,United Kingdom,4,1,2,412,New / Promising,2,576.0,0,38,9.61,1660.61,0
17557,14,4,575.46,2009-12-07 10:15:00,2011-11-25 12:57:00,310,United Kingdom,5,4,2,542,Champions,2,143.86,718,733,1.99,85.88,0
17773,514,2,575.37,2010-01-18 14:32:00,2010-07-13 14:07:00,254,United Kingdom,1,3,2,132,At Risk,3,287.68,175,690,1.06,91.48,1
12859,459,1,575.1,2010-09-07 12:20:00,2010-09-07 12:20:00,292,United Kingdom,1,1,2,112,Hibernating / Lost,3,575.1,0,459,0.8,138.02,1
13262,263,3,573.45,2010-04-18 12:14:00,2011-03-21 15:06:00,247,United Kingdom,2,3,2,232,At Risk,1,191.15,337,601,1.82,104.37,1
12601,190,6,573.26,2010-10-31 10:57:00,2011-06-03 10:17:00,284,Germany,2,4,2,242,Can't Lose Them,1,95.54,214,405,5.41,155.06,1
17274,35,2,573.22,2010-11-09 12:06:00,2011-11-04 13:16:00,271,United Kingdom,4,3,2,432,Loyal,2,286.61,360,396,1.84,158.21,0
12879,45,3,573.22,2011-09-09 12:11:00,2011-10-26 12:24:00,370,United Kingdom,4,3,2,432,Loyal,2,191.07,47,92,11.9,682.12,0
12719,5,2,572.95,2011-10-05 14:50:00,2011-12-04 13:45:00,370,France,5,2,2,522,New / Promising,2,286.48,59,65,11.23,965.15,0
13424,450,1,572.77,2010-09-16 10:49:00,2010-09-16 10:49:00,529,United Kingdom,1,1,2,112,Hibernating / Lost,3,572.77,0,450,0.81,139.18,1
13379,26,3,572.56,2011-07-26 12:26:00,2011-11-13 13:45:00,601,United Kingdom,4,3,2,432,Loyal,2,190.85,110,137,7.99,457.47,0
13179,619,1,572.3100000000001,2010-03-31 11:40:00,2010-03-31 11:40:00,368,United Kingdom,1,1,2,112,Hibernating / Lost,3,572.31,0,619,0.59,101.3,1
14053,124,4,572.3,2010-08-10 11:02:00,2011-08-07 14:27:00,490,United Kingdom,3,3,2,332,Loyal,1,143.07,362,487,3.0,128.76,0
15198,92,5,571.35,2010-01-19 10:01:00,2011-09-08 14:42:00,327,United Kingdom,3,4,2,342,Loyal,1,114.27,597,690,2.64,90.5,0
15691,252,4,571.3,2009-12-06 16:01:00,2011-04-01 15:13:00,212,United Kingdom,2,3,2,232,At Risk,1,142.82,480,733,1.99,85.26,1
18053,71,3,571.07,2010-06-30 12:36:00,2011-09-30 09:05:00,409,United Kingdom,3,3,2,332,Loyal,2,190.36,456,528,2.07,118.21,0
12817,281,3,570.98,2010-10-01 08:57:00,2011-03-03 16:28:00,216,Austria,2,3,2,232,At Risk,1,190.33,153,435,2.52,143.89,1
15821,44,2,570.96,2011-10-09 13:28:00,2011-10-26 15:48:00,202,United Kingdom,4,2,2,422,New / Promising,2,285.48,17,61,11.97,1025.16,0
13190,544,3,570.66,2009-12-07 12:13:00,2010-06-13 15:47:00,308,United Kingdom,1,3,2,132,At Risk,3,190.22,188,733,1.49,85.03,1
17122,119,4,570.5,2010-07-28 09:34:00,2011-08-12 14:33:00,368,United Kingdom,3,4,2,342,Loyal,1,142.62,380,500,2.92,124.94,0
15315,64,2,570.5,2011-08-15 15:17:00,2011-10-06 12:51:00,862,United Kingdom,3,2,2,322,Needs Attention,2,285.25,51,116,6.29,538.27,0
15857,19,2,570.48,2010-10-05 16:43:00,2011-11-21 12:18:00,584,United Kingdom,5,2,2,522,New / Promising,2,285.24,411,430,1.7,145.47,0
14170,375,3,570.18,2010-11-09 14:06:00,2010-11-29 13:10:00,270,United Kingdom,2,3,2,232,At Risk,3,190.06,19,395,2.77,157.94,1
17433,88,2,569.96,2010-11-19 13:37:00,2011-09-12 14:24:00,305,United Kingdom,3,3,2,332,Loyal,2,284.98,297,385,1.9,162.44,0
15169,382,2,569.22,2009-12-13 11:16:00,2010-11-22 13:04:00,356,United Kingdom,2,2,2,222,Hibernating / Lost,3,284.61,344,727,1.0,85.38,1
12624,106,2,569.13,2011-06-15 12:34:00,2011-08-25 15:04:00,351,France,3,2,2,322,Needs Attention,3,284.56,71,178,4.1,350.01,0
13406,427,2,568.92,2010-03-18 07:29:00,2010-10-08 14:44:00,292,United Kingdom,1,2,2,122,Hibernating / Lost,3,284.46,204,632,1.16,98.99,1
12575,457,2,568.8199999999999,2010-07-01 09:15:00,2010-09-08 13:09:00,312,France,1,2,2,122,Hibernating / Lost,3,284.41,69,527,1.39,118.6,1
18244,431,2,568.64,2010-07-25 10:30:00,2010-10-05 11:15:00,856,United Kingdom,1,3,2,132,At Risk,3,284.32,72,503,1.45,123.68,1
13321,72,2,567.36,2011-09-14 15:18:00,2011-09-28 15:24:00,372,United Kingdom,3,2,2,322,Needs Attention,2,283.68,14,86,8.49,722.53,0
16667,68,2,567.1800000000001,2011-02-28 12:57:00,2011-10-02 15:26:00,236,United Kingdom,3,2,2,322,Needs Attention,2,283.59,216,284,2.57,218.65,0
14208,95,2,567.05,2010-06-06 13:11:00,2011-09-06 12:48:00,529,United Kingdom,3,2,2,322,Needs Attention,2,283.52,456,551,1.32,112.27,0
15627,457,2,566.9,2010-07-05 11:56:00,2010-09-08 14:14:00,344,United Kingdom,1,2,2,122,Hibernating / Lost,3,283.45,65,523,1.4,119.05,1
16720,26,3,566.74,2009-12-17 17:54:00,2011-11-13 16:22:00,454,United Kingdom,4,3,2,432,Loyal,2,188.91,695,722,1.52,86.14,0
13998,447,3,566.7,2010-05-12 13:18:00,2010-09-19 10:20:00,204,United Kingdom,1,3,2,132,At Risk,3,188.9,129,576,1.9,107.67,1
18150,32,3,566.58,2011-05-22 10:47:00,2011-11-07 16:49:00,332,United Kingdom,4,3,2,432,Loyal,2,188.86,169,202,5.42,307.09,0
12699,418,1,566.11,2010-10-18 12:07:00,2010-10-18 12:07:00,369,Germany,1,1,2,112,Hibernating / Lost,3,566.11,0,418,0.87,147.75,1
16250,261,3,565.24,2010-11-18 10:43:00,2011-03-23 15:07:00,268,United Kingdom,2,3,2,232,At Risk,1,188.41,125,387,2.83,159.96,1
15920,154,8,565.19,2009-12-14 13:09:00,2011-07-08 15:25:00,233,United Kingdom,3,4,2,342,Loyal,1,70.65,571,725,4.03,85.42,0
13894,24,3,564.62,2011-02-02 12:54:00,2011-11-16 09:44:00,354,United Kingdom,4,3,2,432,Loyal,2,188.21,286,310,3.53,199.31,0
15344,1,3,563.94,2011-09-26 14:48:00,2011-12-09 10:45:00,116,United Kingdom,5,3,2,532,Loyal,2,187.98,73,74,14.8,834.63,0
15143,226,2,563.63,2010-10-03 13:58:00,2011-04-28 12:03:00,320,United Kingdom,2,2,2,222,Hibernating / Lost,3,281.82,206,432,1.69,142.88,1
15597,35,2,563.37,2010-05-13 13:10:00,2011-11-04 13:26:00,393,United Kingdom,4,2,2,422,New / Promising,2,281.68,540,575,1.27,107.32,0
17665,493,1,563.1,2010-08-03 13:12:00,2010-08-03 13:12:00,690,United Kingdom,1,2,2,122,Hibernating / Lost,3,563.1,0,493,0.74,125.01,1
14986,376,2,563.1,2010-01-24 15:54:00,2010-11-28 15:25:00,338,United Kingdom,2,2,2,222,Hibernating / Lost,3,281.55,307,684,1.07,90.38,1
17195,655,1,562.98,2010-02-22 13:05:00,2010-02-22 13:05:00,486,United Kingdom,1,2,2,122,Hibernating / Lost,3,562.98,0,655,0.56,94.58,1
17970,211,1,562.79,2011-05-12 20:03:00,2011-05-12 20:03:00,513,United Kingdom,2,2,2,222,Hibernating / Lost,3,562.79,0,211,1.73,292.09,1
17233,35,3,560.86,2009-12-15 12:03:00,2011-11-04 14:06:00,298,United Kingdom,4,3,2,432,Loyal,2,186.95,689,725,1.51,84.69,0
15655,243,1,560.67,2011-04-10 15:25:00,2011-04-10 15:25:00,324,United Kingdom,2,1,2,212,Hibernating / Lost,3,560.67,0,243,1.5,252.3,1
17413,405,2,560.14,2010-05-19 11:11:00,2010-10-31 12:33:00,302,United Kingdom,2,3,2,232,At Risk,3,280.07,165,570,1.28,107.55,1
14273,51,4,559.97,2011-04-11 13:24:00,2011-10-19 13:20:00,264,United Kingdom,4,3,2,432,Loyal,2,139.99,190,242,6.03,253.24,0
15415,313,1,559.61,2011-01-30 14:13:00,2011-01-30 14:13:00,551,United Kingdom,2,1,2,212,Hibernating / Lost,3,559.61,0,313,1.17,196.42,1
17503,3,2,558.96,2011-11-01 11:12:00,2011-12-07 09:18:00,486,United Kingdom,5,3,2,532,Loyal,2,279.48,35,39,18.72,1569.56,0
12513,113,1,558.29,2011-08-19 10:51:00,2011-08-19 10:51:00,459,France,3,1,2,312,Needs Attention,3,558.29,0,113,3.23,540.98,0
14592,35,3,557.94,2011-10-06 18:08:00,2011-11-04 16:35:00,407,United Kingdom,4,3,2,432,Loyal,2,185.98,28,64,17.11,954.64,0
13260,61,1,557.62,2011-10-09 13:21:00,2011-10-09 13:21:00,142,United Kingdom,3,1,2,312,Needs Attention,2,557.62,0,61,5.98,1000.37,0
18127,19,4,556.13,2010-11-01 13:56:00,2011-11-20 14:05:00,250,United Kingdom,5,4,2,542,Champions,2,139.03,384,403,3.62,150.99,0
13024,471,2,555.87,2010-05-06 14:25:00,2010-08-26 09:42:00,181,United Kingdom,1,2,2,122,Hibernating / Lost,3,277.94,111,582,1.25,104.23,1
15102,531,2,554.67,2010-06-11 10:16:00,2010-06-27 12:16:00,339,United Kingdom,1,2,2,122,Hibernating / Lost,3,277.33,16,547,1.33,110.65,1
15634,17,2,554.65,2010-11-21 15:30:00,2011-11-22 16:28:00,227,United Kingdom,5,2,2,522,New / Promising,2,277.32,366,383,1.91,158.9,0
18056,288,2,554.6,2010-03-31 12:29:00,2011-02-24 14:27:00,334,United Kingdom,2,3,2,232,At Risk,3,277.3,330,619,1.18,98.16,1
16641,106,2,554.5,2010-01-07 12:22:00,2011-08-26 12:49:00,454,United Kingdom,3,2,2,322,Needs Attention,3,277.25,596,702,1.04,86.5,0
15650,522,2,553.88,2010-03-21 11:46:00,2010-07-06 10:41:00,210,United Kingdom,1,2,2,122,Hibernating / Lost,3,276.94,106,629,1.16,96.38,1
17407,412,1,552.9,2010-10-24 11:57:00,2010-10-24 11:57:00,426,United Kingdom,1,2,2,122,Hibernating / Lost,3,552.9,0,412,0.89,147.62,1
17016,577,1,552.4,2010-05-12 12:32:00,2010-05-12 12:32:00,309,United Kingdom,1,2,2,122,Hibernating / Lost,3,552.4,0,577,0.63,104.4,1
12363,110,2,552.0,2011-04-11 13:29:00,2011-08-22 10:18:00,408,Unspecified,3,2,2,322,Needs Attention,3,276.0,132,242,3.02,250.06,0
13677,405,2,551.24,2010-07-07 17:25:00,2010-10-31 11:32:00,217,United Kingdom,2,2,2,222,Hibernating / Lost,3,275.62,115,520,1.4,115.76,1
16414,22,5,551.21,2010-01-14 10:21:00,2011-11-18 09:42:00,201,United Kingdom,4,4,2,442,Champions,2,110.24,672,695,2.63,86.98,0
17674,74,2,551.04,2010-12-06 10:20:00,2011-09-26 13:35:00,672,United Kingdom,3,3,2,332,Loyal,2,275.52,294,369,1.98,163.66,0
17291,308,1,550.8000000000001,2011-02-04 13:04:00,2011-02-04 13:04:00,72,United Kingdom,2,2,2,222,Hibernating / Lost,3,550.8,0,308,1.19,196.64,1
17265,139,2,550.01,2011-06-12 12:00:00,2011-07-24 10:49:00,389,United Kingdom,3,3,2,332,Loyal,3,275.0,41,181,4.03,332.48,0
16111,428,1,549.33,2010-10-07 19:51:00,2010-10-07 19:51:00,233,United Kingdom,1,1,2,112,Hibernating / Lost,3,549.33,0,428,0.85,140.08,1
15055,475,3,549.12,2009-12-16 15:48:00,2010-08-22 11:06:00,225,United Kingdom,1,3,2,132,At Risk,3,183.04,248,723,1.51,82.92,1
15200,495,1,549.05,2010-08-02 09:38:00,2010-08-02 09:38:00,195,United Kingdom,1,1,2,112,Hibernating / Lost,3,549.05,0,495,0.74,121.89,1
15842,393,2,548.8,2010-06-30 09:06:00,2010-11-11 14:08:00,296,United Kingdom,2,2,2,222,Hibernating / Lost,3,274.4,134,528,1.38,113.6,1
13948,361,4,548.76,2009-12-04 12:14:00,2010-12-14 10:18:00,248,United Kingdom,2,3,2,232,At Risk,1,137.19,374,736,1.98,81.49,1
16936,26,2,548.29,2010-11-19 11:54:00,2011-11-14 11:04:00,339,United Kingdom,4,3,2,432,Loyal,2,274.14,359,386,1.89,155.44,0
18039,374,4,548.22,2010-03-09 11:19:00,2010-11-30 13:07:00,555,United Kingdom,2,4,2,242,Can't Lose Them,1,137.06,266,641,2.28,93.75,1
16536,110,1,548.12,2011-08-21 15:54:00,2011-08-21 15:54:00,250,United Kingdom,3,1,2,312,Needs Attention,3,548.12,0,110,3.32,545.93,0
15598,53,2,548.02,2010-10-08 09:20:00,2011-10-17 16:04:00,404,United Kingdom,4,2,2,422,New / Promising,2,274.01,374,428,1.71,140.57,0
16031,92,2,547.9,2011-04-06 14:23:00,2011-09-08 13:07:00,421,United Kingdom,3,2,2,322,Needs Attention,2,273.95,154,247,2.96,243.27,0
15350,373,2,547.6,2010-11-21 15:14:00,2010-12-01 13:33:00,272,United Kingdom,2,2,2,222,Hibernating / Lost,3,273.8,9,383,1.91,156.89,1
16811,5,2,547.07,2011-11-22 17:19:00,2011-12-05 11:39:00,477,United Kingdom,5,3,2,532,Loyal,2,273.54,12,30,24.33,1996.57,0
17637,31,2,547.0600000000001,2011-08-16 13:25:00,2011-11-08 12:51:00,280,United Kingdom,4,3,2,432,Loyal,2,273.53,83,115,6.35,521.07,0
17295,29,3,547.0,2011-10-06 12:22:00,2011-11-11 10:49:00,293,United Kingdom,4,3,2,432,Loyal,2,182.33,35,65,16.85,921.68,0
12790,192,2,546.85,2010-10-25 13:04:00,2011-05-31 14:14:00,303,Netherlands,2,2,2,222,Hibernating / Lost,3,273.42,218,410,1.78,146.01,1
17520,54,1,546.81,2011-10-17 12:04:00,2011-10-17 12:04:00,365,United Kingdom,4,2,2,422,New / Promising,2,546.81,0,54,6.76,1108.93,0
15080,428,2,546.25,2010-07-26 10:03:00,2010-10-08 11:52:00,287,United Kingdom,1,2,2,122,Hibernating / Lost,3,273.12,74,502,1.45,118.81,1
17806,11,1,546.04,2011-11-28 14:12:00,2011-11-28 14:12:00,727,United Kingdom,5,2,2,522,New / Promising,2,546.04,0,30,12.17,1993.59,0
12478,4,1,545.99,2011-12-06 09:56:00,2011-12-06 09:56:00,233,Greece,5,1,2,512,New / Promising,2,545.99,0,30,12.17,1993.41,0
12521,143,1,545.68,2011-07-20 10:51:00,2011-07-20 10:51:00,306,Germany,3,1,2,312,Needs Attention,3,545.68,0,143,2.55,417.45,0
15728,380,2,544.6,2010-09-21 14:46:00,2010-11-25 10:39:00,132,United Kingdom,2,2,2,222,Hibernating / Lost,3,272.3,64,444,1.64,133.97,1
18207,499,1,544.47,2010-07-28 14:26:00,2010-07-28 14:26:00,325,United Kingdom,1,2,2,122,Hibernating / Lost,3,544.47,0,499,0.73,119.24,1
16475,88,4,544.3,2011-03-11 09:39:00,2011-09-12 14:37:00,319,United Kingdom,3,4,2,342,Loyal,1,136.07,185,274,5.33,217.58,0
13390,75,1,544.08,2011-09-26 08:38:00,2011-09-26 08:38:00,224,United Kingdom,3,1,2,312,Needs Attention,3,544.08,0,75,4.87,794.9,0
13955,154,3,544.0699999999999,2010-11-29 17:35:00,2011-07-08 17:19:00,272,United Kingdom,3,3,2,332,Loyal,1,181.36,220,375,2.92,158.87,0
14716,43,3,543.28,2010-09-21 12:07:00,2011-10-27 17:29:00,643,United Kingdom,4,3,2,432,Loyal,2,181.09,401,445,2.46,133.64,0
16927,116,3,543.05,2010-12-13 11:57:00,2011-08-16 11:10:00,993,United Kingdom,3,3,2,332,Loyal,1,181.02,245,362,3.02,164.0,0
15959,682,3,542.89,2010-01-26 16:19:00,2010-01-26 16:38:00,269,United Kingdom,1,3,2,132,At Risk,3,180.96,0,682,1.61,87.4,1
13785,429,4,542.49,2010-09-05 16:01:00,2010-10-07 09:25:00,151,United Kingdom,1,3,2,132,At Risk,1,135.62,31,460,3.17,128.97,1
15675,81,4,542.04,2010-10-31 14:14:00,2011-09-19 13:48:00,624,United Kingdom,3,3,2,332,Loyal,1,135.51,322,404,3.61,146.76,0
16230,190,2,542.03,2011-05-03 15:12:00,2011-06-03 10:06:00,365,United Kingdom,2,2,2,222,Hibernating / Lost,3,271.02,30,220,3.32,269.94,1
16060,401,3,541.95,2010-08-02 15:26:00,2010-11-04 12:10:00,243,United Kingdom,2,3,2,232,At Risk,3,180.65,93,494,2.22,120.31,1
16647,170,4,541.9,2010-06-13 15:52:00,2011-06-23 11:47:00,396,United Kingdom,3,4,2,342,Loyal,1,135.48,374,544,2.68,108.93,0
17447,40,2,541.53,2011-09-29 10:10:00,2011-10-30 14:18:00,443,United Kingdom,4,3,2,432,Loyal,2,270.76,31,72,10.14,823.65,0
16576,420,2,540.87,2010-07-06 10:42:00,2010-10-15 13:37:00,323,United Kingdom,1,2,2,122,Hibernating / Lost,3,270.44,101,522,1.4,113.58,1
12819,458,1,540.52,2010-09-07 15:20:00,2010-09-07 15:20:00,344,United Kingdom,1,1,2,112,Hibernating / Lost,3,540.52,0,458,0.8,129.72,1
12743,134,2,540.13,2011-07-28 16:06:00,2011-07-28 16:21:00,315,Unspecified,3,2,2,322,Needs Attention,3,270.06,0,134,5.45,441.55,0
17524,361,3,539.14,2010-09-27 16:20:00,2010-12-13 14:32:00,362,United Kingdom,2,3,2,232,At Risk,3,179.71,76,438,2.5,134.78,1
15539,7,1,538.46,2011-12-02 13:36:00,2011-12-02 13:36:00,410,United Kingdom,5,1,2,512,New / Promising,2,538.46,0,30,12.17,1965.92,0
13961,392,1,538.4,2010-11-12 14:40:00,2010-11-12 14:40:00,226,United Kingdom,2,1,2,212,Hibernating / Lost,3,538.4,0,392,0.93,150.21,1
17580,253,5,538.07,2010-10-13 14:28:00,2011-04-01 12:41:00,222,United Kingdom,2,4,2,242,Can't Lose Them,1,107.61,169,422,4.32,139.46,1
14539,16,2,537.48,2011-10-26 12:03:00,2011-11-24 09:50:00,428,United Kingdom,5,2,2,522,New / Promising,2,268.74,28,45,16.22,1307.69,0
16804,23,3,536.99,2011-03-14 15:48:00,2011-11-16 16:43:00,246,United Kingdom,4,3,2,432,Loyal,2,179.0,247,270,4.06,218.02,0
18140,474,1,536.41,2010-08-23 11:58:00,2010-08-23 11:58:00,395,West Indies,1,2,2,122,Hibernating / Lost,3,536.41,0,474,0.77,123.91,1
13207,15,4,535.86,2010-04-06 16:37:00,2011-11-24 14:52:00,178,United Kingdom,5,3,2,532,Loyal,2,133.96,596,612,2.39,96.05,0
15890,395,5,535.65,2010-04-14 08:43:00,2010-11-10 12:46:00,119,United Kingdom,2,4,2,242,Can't Lose Them,1,107.13,210,605,3.02,97.06,1
16142,250,1,535.34,2011-04-04 10:16:00,2011-04-04 10:16:00,422,United Kingdom,2,1,2,212,Hibernating / Lost,3,535.34,0,250,1.46,234.48,1
12810,535,2,534.99,2010-02-01 09:52:00,2010-06-23 10:53:00,389,Japan,1,2,2,122,Hibernating / Lost,3,267.5,142,677,1.08,86.67,1
13385,330,1,534.57,2011-01-14 09:52:00,2011-01-14 09:52:00,281,United Kingdom,2,1,2,212,Hibernating / Lost,3,534.57,0,330,1.11,178.01,1
17443,220,1,534.24,2011-05-04 10:47:00,2011-05-04 10:47:00,504,Canada,2,2,2,222,Hibernating / Lost,3,534.24,0,220,1.66,266.05,1
17436,2,5,534.06,2009-12-07 12:31:00,2011-12-08 12:30:00,178,United Kingdom,5,4,2,542,Champions,2,106.81,730,733,2.49,79.79,0
16785,410,1,533.78,2010-10-26 10:36:00,2010-10-26 10:36:00,313,United Kingdom,1,2,2,122,Hibernating / Lost,3,533.78,0,410,0.89,142.52,1
16707,400,4,533.41,2010-03-09 15:16:00,2010-11-04 14:39:00,396,United Kingdom,2,4,2,242,Can't Lose Them,1,133.35,239,640,2.28,91.21,1
13594,53,2,533.32,2010-08-11 10:23:00,2011-10-18 10:19:00,396,United Kingdom,4,2,2,422,New / Promising,2,266.66,432,486,1.5,120.0,0
15433,214,2,533.3,2011-03-17 14:12:00,2011-05-10 10:45:00,534,United Kingdom,2,2,2,222,Hibernating / Lost,3,266.65,53,267,2.73,218.39,1
15825,172,1,532.94,2011-06-20 13:27:00,2011-06-20 13:27:00,220,United Kingdom,3,1,2,312,Needs Attention,3,532.94,0,172,2.12,338.95,0
15659,44,3,532.49,2010-02-24 13:32:00,2011-10-27 09:23:00,161,United Kingdom,4,3,2,432,Loyal,2,177.5,609,653,1.68,89.46,0
12414,217,4,532.41,2010-09-02 12:22:00,2011-05-06 14:51:00,489,Austria,2,3,2,232,At Risk,1,133.1,246,464,3.15,125.78,1
15115,18,2,531.85,2009-12-07 11:20:00,2011-11-21 14:59:00,245,United Kingdom,5,2,2,522,New / Promising,2,265.92,714,733,1.0,79.78,0
14940,418,2,531.49,2009-12-06 15:46:00,2010-10-18 10:47:00,384,United Kingdom,1,2,2,122,Hibernating / Lost,3,265.74,315,733,1.0,79.72,1
16706,37,3,531.35,2011-08-17 15:53:00,2011-11-02 13:50:00,249,United Kingdom,4,3,2,432,Loyal,2,177.12,76,114,9.61,510.64,0
16935,382,3,530.86,2010-10-14 13:09:00,2010-11-23 09:16:00,273,United Kingdom,2,3,2,232,At Risk,3,176.95,39,421,2.6,138.02,1
15917,248,5,530.17,2009-12-02 14:55:00,2011-04-06 10:40:00,248,United Kingdom,2,4,2,242,Can't Lose Them,1,106.03,489,737,2.48,78.89,1
18159,301,1,530.15,2011-02-11 14:26:00,2011-02-11 14:26:00,139,United Kingdom,2,2,2,222,Hibernating / Lost,3,530.15,0,301,1.21,192.44,1
12654,11,5,529.98,2011-02-17 13:16:00,2011-11-29 10:10:00,260,Germany,5,4,2,542,Champions,2,106.0,284,295,6.19,196.84,0
14002,134,2,529.73,2011-07-06 14:59:00,2011-07-28 15:55:00,877,United Kingdom,3,2,2,322,Needs Attention,3,264.86,22,156,4.68,371.86,0
17458,15,2,529.58,2010-11-23 11:43:00,2011-11-24 13:01:00,282,United Kingdom,5,3,2,532,Loyal,2,264.79,366,382,1.91,151.72,0
18191,262,2,529.4,2010-08-19 17:42:00,2011-03-23 12:08:00,332,United Kingdom,2,3,2,232,At Risk,3,264.7,215,477,1.53,121.5,1
18043,25,3,529.29,2010-12-08 12:35:00,2011-11-15 12:48:00,265,United Kingdom,4,3,2,432,Loyal,2,176.43,342,367,2.98,157.73,0
17999,37,3,528.46,2010-11-26 13:16:00,2011-11-02 15:56:00,286,United Kingdom,4,3,2,432,Loyal,2,176.15,341,378,2.9,153.25,0
16406,19,3,528.36,2010-02-24 11:51:00,2011-11-21 11:57:00,257,United Kingdom,5,3,2,532,Loyal,2,176.12,635,654,1.67,88.24,0
15756,61,4,528.01,2011-04-04 14:00:00,2011-10-09 13:30:00,241,United Kingdom,3,3,2,332,Loyal,2,132.0,187,249,5.86,232.06,0
18098,396,1,527.94,2010-11-08 16:31:00,2010-11-08 16:31:00,215,United Kingdom,2,2,2,222,Hibernating / Lost,3,527.94,0,396,0.92,145.71,1
14616,243,5,527.78,2010-06-09 09:42:00,2011-04-11 09:54:00,170,United Kingdom,2,4,2,242,Can't Lose Them,1,105.56,306,549,3.32,105.14,1
16421,376,3,526.27,2010-08-27 12:02:00,2010-11-28 13:31:00,123,United Kingdom,2,3,2,232,At Risk,3,175.42,93,470,2.33,122.62,1
12559,311,2,525.71,2011-01-24 10:12:00,2011-02-02 09:49:00,281,Germany,2,2,2,222,Hibernating / Lost,3,262.86,8,320,2.28,179.8,1
15919,20,2,525.69,2010-12-06 11:26:00,2011-11-20 11:28:00,385,United Kingdom,4,2,2,422,New / Promising,2,262.85,349,369,1.98,156.13,0
15467,9,3,524.88,2011-07-10 14:42:00,2011-11-30 14:17:00,310,United Kingdom,5,3,2,532,Loyal,2,174.96,142,152,7.2,377.91,0
14417,388,1,524.65,2010-11-17 10:55:00,2010-11-17 10:55:00,543,United Kingdom,2,1,2,212,Hibernating / Lost,3,524.65,0,388,0.94,147.95,1
15683,117,2,524.54,2010-08-23 12:01:00,2011-08-14 12:56:00,332,United Kingdom,3,2,2,322,Needs Attention,3,262.27,356,474,1.54,121.17,0
17765,159,4,524.0,2010-09-17 12:45:00,2011-07-04 12:41:00,195,United Kingdom,3,4,2,342,Loyal,1,131.0,289,449,3.25,127.72,0
13277,16,7,523.3,2010-06-18 08:45:00,2011-11-24 09:21:00,382,United Kingdom,5,4,2,542,Champions,2,74.76,524,540,4.73,106.08,0
17223,310,3,523.04,2010-11-29 17:19:00,2011-02-02 15:57:00,154,United Kingdom,2,3,2,232,At Risk,3,174.35,64,375,2.92,152.73,1
17712,45,1,522.91,2011-10-26 12:28:00,2011-10-26 12:28:00,215,United Kingdom,4,2,2,422,New / Promising,2,522.91,0,45,8.11,1272.24,0
13605,387,2,522.67,2010-05-17 15:46:00,2010-11-17 17:16:00,425,United Kingdom,2,2,2,222,Hibernating / Lost,3,261.33,184,571,1.28,100.35,1
16413,57,2,522.03,2010-11-29 12:49:00,2011-10-14 12:08:00,283,United Kingdom,4,2,2,422,New / Promising,2,261.02,318,376,1.94,151.91,0
17514,128,2,522.0,2010-02-08 14:00:00,2011-08-03 15:45:00,284,United Kingdom,3,3,2,332,Loyal,3,261.0,541,669,1.09,85.35,0
12956,306,4,521.89,2009-12-15 19:03:00,2011-02-06 16:08:00,340,United Kingdom,2,3,2,232,At Risk,1,130.47,417,724,2.02,79.06,1
15689,120,3,521.03,2010-04-01 09:53:00,2011-08-12 09:37:00,207,United Kingdom,3,3,2,332,Loyal,1,173.68,497,618,1.77,92.22,0
13977,411,1,519.8100000000001,2010-10-24 14:08:00,2010-10-24 14:08:00,303,United Kingdom,1,1,2,112,Hibernating / Lost,3,519.81,0,411,0.89,138.79,1
13811,184,2,519.75,2011-04-14 18:40:00,2011-06-09 09:54:00,63,Germany,3,2,2,322,Needs Attention,3,259.88,55,239,3.05,237.79,1
12571,40,2,519.61,2011-08-10 12:35:00,2011-10-31 10:19:00,523,France,4,2,2,422,New / Promising,2,259.8,81,122,5.98,466.08,0
12777,458,1,519.45,2010-09-08 11:35:00,2010-09-08 11:35:00,458,United Kingdom,1,1,2,112,Hibernating / Lost,3,519.45,0,458,0.8,124.67,1
12825,521,2,518.63,2010-03-08 10:17:00,2010-07-06 13:56:00,139,United Kingdom,1,2,2,122,Hibernating / Lost,3,259.32,120,642,1.14,88.69,1
13600,312,2,518.42,2010-03-15 17:16:00,2011-01-31 15:27:00,599,United Kingdom,2,2,2,222,Hibernating / Lost,3,259.21,321,634,1.15,89.43,1
12979,729,1,517.7,2009-12-10 15:45:00,2009-12-10 15:45:00,520,United Arab Emirates,1,1,2,112,Hibernating / Lost,3,517.7,0,729,0.5,77.66,1
18205,36,2,517.36,2011-09-26 12:02:00,2011-11-03 13:22:00,192,United Kingdom,4,3,2,432,Loyal,2,258.68,38,75,9.73,755.09,0
14311,243,2,516.45,2010-05-21 10:28:00,2011-04-11 10:14:00,235,United Kingdom,2,2,2,222,Hibernating / Lost,3,258.23,324,568,1.29,99.94,1
13043,273,1,516.42,2011-03-11 14:52:00,2011-03-11 14:52:00,254,United Kingdom,2,1,2,212,Hibernating / Lost,3,516.42,0,273,1.34,207.6,1
14429,404,1,516.28,2010-11-01 10:08:00,2010-11-01 10:08:00,286,United Kingdom,2,1,2,212,Hibernating / Lost,3,516.28,0,404,0.9,139.4,1
13859,326,2,515.86,2010-06-28 15:36:00,2011-01-17 16:14:00,167,United Kingdom,2,2,2,222,Hibernating / Lost,3,257.93,203,529,1.38,106.78,1
18243,414,1,515.78,2010-10-21 14:29:00,2010-10-21 14:29:00,221,United Kingdom,1,2,2,122,Hibernating / Lost,3,515.78,0,414,0.88,136.17,1
14949,469,4,515.0,2009-12-18 15:28:00,2010-08-27 15:38:00,250,United Kingdom,1,3,2,132,At Risk,1,128.75,252,721,2.02,78.02,1
17510,25,2,514.56,2010-10-15 10:20:00,2011-11-15 10:00:00,422,United Kingdom,4,3,2,432,Loyal,2,257.28,395,421,1.73,133.53,0
18212,326,2,514.37,2010-01-31 14:42:00,2011-01-17 16:14:00,158,United Kingdom,2,3,2,232,At Risk,3,257.18,351,677,1.08,83.33,1
12897,205,4,514.25,2010-06-14 11:58:00,2011-05-19 12:13:00,249,United Kingdom,2,3,2,232,At Risk,1,128.56,339,544,2.68,103.36,1
12977,156,4,513.88,2010-07-16 16:25:00,2011-07-06 16:40:00,128,United Kingdom,3,3,2,332,Loyal,1,128.47,355,511,2.86,110.23,0
16829,157,2,513.32,2010-11-16 18:11:00,2011-07-06 10:48:00,215,United Kingdom,3,3,2,332,Loyal,3,256.66,231,388,1.88,144.76,0
14570,281,3,512.4,2010-09-22 13:07:00,2011-03-04 10:58:00,363,United Kingdom,2,3,2,232,At Risk,3,170.8,162,443,2.47,126.56,1
13177,65,2,512.2,2010-10-05 10:35:00,2011-10-06 09:56:00,180,United Kingdom,3,2,2,322,Needs Attention,2,256.1,365,431,1.69,129.84,0
16561,6,2,511.12,2011-10-11 09:53:00,2011-12-04 11:50:00,244,United Kingdom,5,2,2,522,New / Promising,2,255.56,54,60,12.17,933.05,0
13367,432,1,510.20000000000005,2010-10-04 10:00:00,2010-10-04 10:00:00,253,United Kingdom,1,1,2,112,Hibernating / Lost,3,510.2,0,432,0.84,128.57,1
13710,32,3,509.52,2010-04-06 12:54:00,2011-11-08 08:16:00,336,United Kingdom,4,3,2,432,Loyal,2,169.84,580,612,1.79,91.2,0
15891,227,1,509.13,2011-04-27 12:35:00,2011-04-27 12:35:00,417,United Kingdom,2,1,2,212,Hibernating / Lost,3,509.13,0,227,1.61,245.91,1
14008,432,1,509.04,2010-10-03 13:09:00,2010-10-03 13:09:00,326,United Kingdom,1,1,2,112,Hibernating / Lost,3,509.04,0,432,0.84,128.28,1
12907,396,2,508.91,2010-08-02 14:33:00,2010-11-09 12:08:00,177,United Kingdom,2,2,2,222,Hibernating / Lost,3,254.46,98,494,1.48,112.98,1
17391,164,2,508.8,2011-06-28 12:21:00,2011-06-29 09:58:00,480,United Kingdom,3,3,2,332,Loyal,3,254.4,0,165,4.42,337.33,0
15417,85,1,508.8,2011-09-15 15:26:00,2011-09-15 15:26:00,284,United Kingdom,3,1,2,312,Needs Attention,3,508.8,0,85,4.29,654.83,0
14317,65,1,508.58000000000004,2011-10-06 10:44:00,2011-10-06 10:44:00,255,United Kingdom,3,1,2,312,Needs Attention,2,508.58,0,65,5.62,857.47,0
13067,82,3,508.51,2010-09-19 13:43:00,2011-09-18 13:38:00,131,United Kingdom,3,3,2,332,Loyal,2,169.5,363,446,2.46,125.09,0
14552,152,3,507.93,2010-04-26 13:44:00,2011-07-11 12:49:00,258,United Kingdom,3,3,2,332,Loyal,1,169.31,440,592,1.85,93.97,0
17415,80,1,507.84,2011-09-21 12:50:00,2011-09-21 12:50:00,114,United Kingdom,3,2,2,322,Needs Attention,3,507.84,0,80,4.56,694.73,0
14158,40,1,507.66,2011-10-30 15:08:00,2011-10-30 15:08:00,781,United Kingdom,4,1,2,412,New / Promising,2,507.66,0,40,9.12,1388.96,0
17384,19,3,507.55,2010-08-29 16:01:00,2011-11-20 15:48:00,121,United Kingdom,5,3,2,532,Loyal,2,169.18,447,467,2.34,118.76,0
13885,189,2,506.8,2011-05-23 08:52:00,2011-06-03 15:07:00,182,United Kingdom,2,2,2,222,Hibernating / Lost,3,253.4,11,201,3.63,275.95,1
13123,473,2,506.75,2010-06-28 12:43:00,2010-08-24 10:18:00,268,United Kingdom,1,2,2,122,Hibernating / Lost,3,253.38,56,530,1.38,104.9,1
14647,201,2,506.04,2010-07-04 13:27:00,2011-05-22 13:40:00,175,United Kingdom,2,2,2,222,Hibernating / Lost,3,253.02,322,523,1.4,106.27,1
12988,292,1,505.82,2011-02-20 14:31:00,2011-02-20 14:31:00,126,United Kingdom,2,1,2,212,Hibernating / Lost,3,505.82,0,292,1.25,189.68,1
12390,80,1,504.84000000000003,2011-09-21 09:33:00,2011-09-21 09:33:00,350,Belgium,3,1,2,312,Needs Attention,3,504.84,0,80,4.56,690.62,0
14807,391,2,504.14,2010-02-28 11:33:00,2010-11-14 12:47:00,234,United Kingdom,2,2,2,222,Hibernating / Lost,3,252.07,259,650,1.12,84.7,1
17630,170,2,503.59999999999997,2011-04-21 14:03:00,2011-06-23 11:58:00,158,United Kingdom,3,3,2,332,Loyal,3,251.8,62,232,3.15,237.95,0
15138,394,1,502.52,2010-11-11 09:16:00,2010-11-11 09:16:00,300,United Kingdom,2,1,2,212,Hibernating / Lost,3,502.52,0,394,0.93,140.2,1
17266,2,5,501.71999999999997,2010-03-09 10:42:00,2011-12-07 14:12:00,243,United Kingdom,5,4,2,542,Champions,2,100.34,638,641,2.85,85.79,0
13865,58,4,501.56,2011-02-23 12:04:00,2011-10-12 13:31:00,204,United Kingdom,4,3,2,432,Loyal,2,125.39,231,290,5.03,189.21,0
15881,312,5,501.39000000000004,2010-12-10 13:32:00,2011-01-31 16:59:00,260,United Kingdom,2,4,2,242,Can't Lose Them,1,100.28,52,364,5.01,150.72,1
17276,402,1,501.24,2010-11-02 16:20:00,2010-11-02 16:20:00,186,United Kingdom,2,2,2,222,Hibernating / Lost,3,501.24,0,402,0.91,136.84,1
13116,138,1,501.14,2011-07-24 14:33:00,2011-07-24 14:33:00,291,United Kingdom,3,1,2,312,Needs Attention,3,501.14,0,138,2.64,396.9,0
13247,18,4,501.12,2011-09-18 11:31:00,2011-11-22 10:59:00,328,United Kingdom,5,3,2,532,Loyal,2,125.28,64,83,17.59,661.1,0
17248,120,2,500.54,2010-08-15 11:55:00,2011-08-11 13:34:00,276,United Kingdom,3,3,2,332,Loyal,3,250.27,361,482,1.51,113.37,0
18049,437,2,500.5,2010-04-28 13:24:00,2010-09-28 14:26:00,400,United Kingdom,1,3,2,132,At Risk,3,250.25,153,590,1.24,93.09,1
16616,15,2,500.42,2011-07-05 13:38:00,2011-11-24 16:31:00,370,United Kingdom,5,2,2,522,New / Promising,2,250.21,142,157,4.65,349.04,0
12800,470,2,500.25,2010-02-01 11:02:00,2010-08-26 14:11:00,281,Portugal,1,2,2,122,Hibernating / Lost,3,250.12,206,677,1.08,81.04,1
12366,634,1,500.24,2010-03-16 10:28:00,2010-03-16 10:28:00,296,Cyprus,1,1,2,112,Hibernating / Lost,3,500.24,0,634,0.58,87.04,1
17110,165,3,499.9,2010-04-08 13:32:00,2011-06-27 12:58:00,136,United Kingdom,3,3,2,332,Loyal,1,166.63,444,610,1.8,89.98,0
13816,24,2,499.67,2011-10-06 14:37:00,2011-11-16 08:38:00,265,Germany,4,2,2,422,New / Promising,2,249.84,40,64,11.41,855.2,0
13553,675,1,499.6,2010-02-03 12:21:00,2010-02-03 12:21:00,201,United Kingdom,1,1,2,112,Hibernating / Lost,3,499.6,0,675,0.54,80.94,1
15193,61,1,499.32,2011-10-10 08:23:00,2011-10-10 08:23:00,144,United Kingdom,3,1,2,312,Needs Attention,2,499.32,0,61,5.98,895.78,0
17256,107,5,498.93,2010-04-18 13:40:00,2011-08-24 13:30:00,299,United Kingdom,3,4,2,342,Loyal,1,99.79,492,600,3.04,91.01,0
16488,33,3,498.8,2011-07-14 11:46:00,2011-11-06 13:42:00,728,United Kingdom,4,3,2,432,Loyal,2,166.27,115,149,7.35,366.63,0
14171,98,2,498.79,2009-12-09 13:50:00,2011-09-02 16:43:00,211,United Kingdom,3,2,2,322,Needs Attention,3,249.4,632,730,1.0,74.82,0
13493,275,2,498.63,2011-02-25 16:42:00,2011-03-09 15:35:00,377,Switzerland,2,2,2,222,Hibernating / Lost,3,249.32,11,287,2.54,189.98,1
17053,131,1,498.48,2011-08-01 10:23:00,2011-08-01 10:23:00,122,United Kingdom,3,2,2,322,Needs Attention,3,498.48,0,131,2.79,417.23,0
16820,96,1,497.61,2011-09-05 12:06:00,2011-09-05 12:06:00,307,United Kingdom,3,2,2,322,Needs Attention,3,497.61,0,96,3.8,567.28,0
14968,30,2,497.49,2010-09-07 13:28:00,2011-11-09 13:58:00,256,United Kingdom,4,2,2,422,New / Promising,2,248.74,428,458,1.59,118.65,0
17680,24,3,497.45,2010-07-16 16:07:00,2011-11-16 12:42:00,155,United Kingdom,4,3,2,432,Loyal,2,165.82,487,511,2.14,106.46,0
17335,384,2,497.04,2010-01-24 11:15:00,2010-11-21 10:17:00,210,United Kingdom,2,3,2,232,At Risk,3,248.52,300,685,1.07,79.77,1
17923,282,3,497.0,2010-06-13 13:58:00,2011-03-02 15:15:00,140,United Kingdom,2,3,2,232,At Risk,3,165.67,262,544,2.01,99.9,1
12943,558,2,496.5,2010-04-13 11:03:00,2010-05-30 13:52:00,222,United Kingdom,1,2,2,122,Hibernating / Lost,3,248.25,47,606,1.2,89.37,1
15300,64,1,496.44,2011-10-06 17:08:00,2011-10-06 17:08:00,292,United Kingdom,3,1,2,312,Needs Attention,2,496.44,0,64,5.7,848.91,0
15018,39,3,496.21000000000004,2010-12-07 10:47:00,2011-11-01 12:47:00,189,United Kingdom,4,3,2,432,Loyal,2,165.4,329,368,2.98,147.87,0
15278,562,4,496.15999999999997,2010-02-12 14:53:00,2010-05-27 10:03:00,458,United Kingdom,1,3,2,132,At Risk,1,124.04,103,665,2.2,81.87,1
12904,18,2,496.06,2011-06-20 13:18:00,2011-11-21 14:34:00,294,United Kingdom,5,2,2,522,New / Promising,2,248.03,154,172,4.24,315.49,0
16977,395,4,496.0,2010-03-18 11:06:00,2010-11-09 13:17:00,142,United Kingdom,2,4,2,242,Can't Lose Them,1,124.0,236,632,2.31,85.93,1
17995,282,3,495.48,2010-11-17 17:01:00,2011-03-03 12:30:00,263,United Kingdom,2,3,2,232,At Risk,3,165.16,105,387,2.83,140.22,1
14319,424,1,494.85,2010-10-11 13:38:00,2010-10-11 13:38:00,329,United Kingdom,1,1,2,112,Hibernating / Lost,3,494.85,0,424,0.86,127.67,1
16352,18,2,494.44,2011-11-02 08:44:00,2011-11-22 10:32:00,300,United Kingdom,5,2,2,522,New / Promising,2,247.22,20,38,19.21,1424.73,0
17333,86,1,494.25,2011-09-15 10:11:00,2011-09-15 10:11:00,375,United Kingdom,3,2,2,322,Needs Attention,3,494.25,0,86,4.24,628.69,0
12763,138,2,494.08,2010-12-05 15:46:00,2011-07-24 14:12:00,316,Japan,3,2,2,322,Needs Attention,3,247.04,230,369,1.98,146.74,0
15447,331,5,492.88,2010-03-24 14:40:00,2011-01-13 11:26:00,228,United Kingdom,2,4,2,242,Can't Lose Them,1,98.58,294,625,2.92,86.36,1
14270,332,1,492.65000000000003,2011-01-12 09:33:00,2011-01-12 09:33:00,197,United Kingdom,2,1,2,212,Hibernating / Lost,3,492.65,0,332,1.1,162.57,1
14310,433,1,492.1,2010-10-03 12:34:00,2010-10-03 12:34:00,230,United Kingdom,1,1,2,112,Hibernating / Lost,3,492.1,0,433,0.84,124.01,1
13732,28,1,491.86,2011-11-11 15:49:00,2011-11-11 15:49:00,498,United Kingdom,4,1,2,412,New / Promising,2,491.86,0,30,12.17,1795.78,0
17269,386,1,491.81,2010-11-19 11:12:00,2010-11-19 11:12:00,314,United Kingdom,2,2,2,222,Hibernating / Lost,3,491.81,0,386,0.95,140.17,1
14663,430,2,490.6,2010-10-05 13:12:00,2010-10-05 13:21:00,397,United Kingdom,1,2,2,122,Hibernating / Lost,3,245.3,0,430,1.7,125.1,1
15000,48,1,490.52,2011-10-23 11:42:00,2011-10-23 11:42:00,218,United Kingdom,4,1,2,412,New / Promising,2,490.52,0,48,7.6,1118.39,0
15877,2,2,490.33,2011-11-22 11:18:00,2011-12-08 11:53:00,368,United Kingdom,5,2,2,522,New / Promising,2,245.16,16,30,24.33,1789.42,0
14416,22,2,490.22,2011-10-28 15:10:00,2011-11-17 15:22:00,326,United Kingdom,4,2,2,422,New / Promising,2,245.11,20,42,17.38,1278.0,0
12983,598,1,490.08000000000004,2010-04-20 12:58:00,2010-04-20 12:58:00,638,United Kingdom,1,1,2,112,Hibernating / Lost,3,490.08,0,598,0.61,89.68,1
17476,396,2,489.86,2009-12-02 12:09:00,2010-11-09 10:21:00,224,United Kingdom,2,3,2,232,At Risk,3,244.93,341,738,0.99,72.74,1
17715,201,2,489.59999999999997,2010-04-26 12:17:00,2011-05-23 12:32:00,576,United Kingdom,2,3,2,232,At Risk,3,244.8,392,593,1.23,90.33,1
14722,147,3,489.52,2010-08-10 13:28:00,2011-07-15 14:58:00,214,United Kingdom,3,3,2,332,Loyal,1,163.17,339,486,2.25,110.14,0
18280,278,2,488.15000000000003,2010-11-10 15:51:00,2011-03-07 09:52:00,194,United Kingdom,2,3,2,232,At Risk,3,244.08,116,394,1.85,135.46,1
17608,33,4,488.06,2010-04-11 13:37:00,2011-11-06 13:06:00,528,United Kingdom,4,4,2,442,Champions,2,122.02,573,607,2.41,88.22,0
15165,373,1,487.75,2010-12-01 14:03:00,2010-12-01 14:03:00,160,United Kingdom,2,1,2,212,Hibernating / Lost,3,487.75,0,373,0.98,143.4,1
13412,620,1,487.34999999999997,2010-03-29 16:28:00,2010-03-29 16:28:00,176,United Kingdom,1,1,2,112,Hibernating / Lost,3,487.35,0,620,0.59,86.26,1
13733,411,2,487.03000000000003,2009-12-04 15:28:00,2010-10-25 12:18:00,335,United Kingdom,1,2,2,122,Hibernating / Lost,3,243.52,324,735,0.99,72.33,1
16021,395,2,487.03,2010-06-13 11:05:00,2010-11-09 14:48:00,276,United Kingdom,2,2,2,222,Hibernating / Lost,3,243.52,149,545,1.34,97.9,1
13675,151,2,486.82000000000005,2011-02-28 12:14:00,2011-07-11 12:57:00,330,United Kingdom,3,2,2,322,Needs Attention,3,243.41,133,285,2.56,186.94,0
17453,18,2,486.71999999999997,2011-10-06 17:02:00,2011-11-22 09:42:00,219,United Kingdom,5,3,2,532,Loyal,2,243.36,46,64,11.41,833.02,0
12920,17,4,486.64,2009-12-14 15:58:00,2011-11-22 15:05:00,420,United Kingdom,5,3,2,532,Loyal,2,121.66,707,725,2.01,73.36,0
13153,6,1,486.22,2011-12-04 12:14:00,2011-12-04 12:14:00,418,United Kingdom,5,1,2,512,New / Promising,2,486.22,0,30,12.17,1775.19,0
15216,88,2,486.09,2010-03-31 09:52:00,2011-09-13 11:41:00,217,United Kingdom,3,2,2,322,Needs Attention,2,243.04,531,619,1.18,86.04,0
17988,12,13,485.69,2009-12-07 13:35:00,2011-11-28 11:00:00,179,United Kingdom,5,5,2,552,Champions,2,37.36,720,732,6.48,72.63,0
13812,42,3,485.0,2011-08-26 12:54:00,2011-10-28 14:27:00,330,Germany,4,3,2,432,Loyal,2,161.67,63,105,10.43,505.87,0
16999,23,2,484.82,2011-09-26 15:43:00,2011-11-16 13:53:00,294,United Kingdom,4,3,2,432,Loyal,2,242.41,50,74,9.86,717.05,0
18203,157,4,482.52,2009-12-08 13:19:00,2011-07-05 13:07:00,109,United Kingdom,3,4,2,342,Loyal,1,120.63,573,731,2.0,72.38,0
16603,75,2,482.47,2011-09-09 13:02:00,2011-09-26 10:06:00,480,United Kingdom,3,2,2,322,Needs Attention,2,241.24,16,91,8.02,580.42,0
12542,484,2,481.88,2010-03-09 16:26:00,2010-08-12 19:12:00,522,Spain,1,2,2,122,Hibernating / Lost,3,240.94,156,640,1.14,82.4,1
18216,31,1,481.75,2011-11-08 16:55:00,2011-11-08 16:55:00,200,United Kingdom,4,2,2,422,New / Promising,2,481.75,0,31,11.77,1701.06,0
17106,389,1,481.58,2010-11-15 14:11:00,2010-11-15 14:11:00,153,United Kingdom,2,2,2,222,Hibernating / Lost,3,481.58,0,389,0.94,135.81,1
13176,46,1,481.49,2011-10-24 15:43:00,2011-10-24 15:43:00,448,United Kingdom,4,1,2,412,New / Promising,2,481.49,0,46,7.93,1145.46,0
15174,323,2,481.46,2010-10-25 09:40:00,2011-01-21 09:06:00,382,United Kingdom,2,2,2,222,Hibernating / Lost,3,240.73,87,411,1.78,128.55,1
16024,12,3,478.71,2010-10-24 11:40:00,2011-11-27 13:26:00,484,United Kingdom,5,3,2,532,Loyal,2,159.57,399,412,2.66,127.34,0
13428,10,3,478.54,2010-07-13 13:20:00,2011-11-29 14:20:00,356,United Kingdom,5,3,2,532,Loyal,2,159.51,504,514,2.13,101.93,0
15589,256,3,478.53000000000003,2011-02-02 10:46:00,2011-03-29 09:54:00,243,United Kingdom,2,3,2,232,At Risk,3,159.51,54,311,3.52,168.44,1
18176,358,1,476.35,2010-12-16 15:45:00,2010-12-16 15:45:00,283,United Kingdom,2,2,2,222,Hibernating / Lost,3,476.35,0,358,1.02,145.76,1
15277,47,2,476.34,2010-10-10 16:02:00,2011-10-24 10:08:00,373,United Kingdom,4,2,2,422,New / Promising,2,238.17,378,425,1.72,122.9,0
15507,172,1,475.86,2011-06-21 11:19:00,2011-06-21 11:19:00,160,United Kingdom,3,1,2,312,Needs Attention,3,475.86,0,172,2.12,302.65,0
15780,184,3,475.28000000000003,2010-12-17 11:43:00,2011-06-09 12:01:00,220,United Kingdom,3,3,2,332,Loyal,3,158.43,174,358,3.06,145.44,1
14322,429,4,474.1,2010-02-18 08:49:00,2010-10-06 15:17:00,158,United Kingdom,1,3,2,132,At Risk,1,118.52,230,660,2.21,78.58,1
17104,424,1,474.03,2010-10-12 12:21:00,2010-10-12 12:21:00,149,United Kingdom,1,2,2,122,Hibernating / Lost,3,474.03,0,424,0.86,122.3,1
12479,11,1,473.2,2011-11-28 13:26:00,2011-11-28 13:26:00,382,Germany,5,1,2,512,New / Promising,2,473.2,0,30,12.17,1727.65,0
16635,407,1,473.0,2010-10-29 09:41:00,2010-10-29 09:41:00,277,United Kingdom,2,1,2,212,Hibernating / Lost,3,473.0,0,407,0.9,127.71,1
13194,136,2,472.78,2010-10-14 11:54:00,2011-07-27 09:01:00,326,United Kingdom,3,2,2,322,Needs Attention,3,236.39,285,422,1.73,122.69,0
14975,57,2,472.39,2010-10-14 14:11:00,2011-10-13 14:08:00,507,United Kingdom,4,2,2,422,New / Promising,2,236.2,363,421,1.73,122.59,0
13642,216,4,472.2,2010-10-03 12:23:00,2011-05-08 12:34:00,231,United Kingdom,2,3,2,232,At Risk,1,118.05,217,433,3.37,119.35,1
13161,313,2,472.13,2010-07-27 12:44:00,2011-01-30 14:03:00,105,United Kingdom,2,2,2,222,Hibernating / Lost,3,236.06,187,501,1.46,103.39,1
16038,8,3,471.78000000000003,2011-05-22 11:29:00,2011-12-02 12:40:00,244,United Kingdom,5,3,2,532,Loyal,2,157.26,194,202,5.42,255.7,0
15721,12,1,471.40000000000003,2011-11-28 12:14:00,2011-11-28 12:14:00,388,United Kingdom,5,1,2,512,New / Promising,2,471.4,0,30,12.17,1721.08,0
14237,373,2,471.14,2010-04-28 10:04:00,2010-12-01 13:20:00,238,United Kingdom,2,2,2,222,Hibernating / Lost,3,235.57,217,591,1.24,87.63,1
16473,165,4,470.83,2010-11-30 16:29:00,2011-06-28 09:10:00,296,United Kingdom,3,4,2,342,Loyal,1,117.71,209,374,3.9,137.72,0
13066,24,2,470.8,2011-11-07 17:06:00,2011-11-15 12:57:00,322,United Kingdom,4,2,2,422,New / Promising,2,235.4,7,32,22.81,1610.84,0
15963,20,2,470.76,2011-10-25 13:05:00,2011-11-20 11:33:00,298,United Kingdom,4,2,2,422,New / Promising,2,235.38,25,45,16.22,1145.36,0
17996,380,3,469.73,2010-06-11 11:48:00,2010-11-25 11:00:00,527,United Kingdom,2,3,2,232,At Risk,3,156.58,166,547,2.0,93.95,1
17254,5,3,469.48,2010-11-03 14:00:00,2011-12-05 12:46:00,397,United Kingdom,5,3,2,532,Loyal,2,156.49,396,401,2.73,128.17,0
14058,463,2,469.19,2010-06-27 11:29:00,2010-09-03 09:31:00,211,United Kingdom,1,2,2,122,Hibernating / Lost,3,234.6,67,531,1.37,96.42,1
14369,642,2,469.13,2010-02-16 10:28:00,2010-03-07 15:47:00,255,United Kingdom,1,2,2,122,Hibernating / Lost,3,234.56,19,662,1.1,77.4,1
15557,29,1,468.91,2011-11-11 12:46:00,2011-11-11 12:46:00,213,United Kingdom,4,1,2,412,New / Promising,2,468.91,0,30,12.17,1711.99,0
15387,492,1,468.65,2010-08-04 16:05:00,2010-08-04 16:05:00,335,United Kingdom,1,1,2,112,Hibernating / Lost,3,468.65,0,492,0.74,104.04,1
13171,22,3,468.41,2011-02-13 14:16:00,2011-11-18 10:27:00,229,United Kingdom,4,3,2,432,Loyal,2,156.14,277,299,3.66,171.44,0
12797,366,2,468.08000000000004,2010-10-11 12:53:00,2010-12-09 10:55:00,212,Portugal,2,2,2,222,Hibernating / Lost,3,234.04,58,424,1.72,120.76,1
17294,669,2,467.78999999999996,2010-02-08 14:21:00,2010-02-08 16:12:00,297,United Kingdom,1,3,2,132,At Risk,3,233.9,0,669,1.09,76.49,1
17187,227,2,467.71,2010-07-01 14:38:00,2011-04-27 12:39:00,426,United Kingdom,2,3,2,232,At Risk,3,233.86,299,526,1.39,97.52,1
14029,63,2,467.66,2011-07-18 16:57:00,2011-10-07 14:46:00,198,United Kingdom,3,2,2,322,Needs Attention,2,233.83,80,144,5.07,355.66,0
16390,537,3,467.5,2010-01-29 15:25:00,2010-06-21 10:11:00,122,United Kingdom,1,3,2,132,At Risk,3,155.83,142,679,1.61,75.27,1
12958,400,2,467.34,2010-05-05 16:22:00,2010-11-04 16:16:00,118,United Kingdom,2,2,2,222,Hibernating / Lost,3,233.67,182,583,1.25,87.63,1
14052,20,2,466.66,2010-11-14 11:37:00,2011-11-20 12:30:00,174,United Kingdom,4,2,2,422,New / Promising,2,233.33,371,391,1.87,130.9,0
14148,234,2,466.29,2010-10-21 14:08:00,2011-04-20 12:02:00,223,United Kingdom,2,2,2,222,Hibernating / Lost,3,233.14,180,414,1.76,123.1,1
16504,25,1,465.88,2011-11-14 15:18:00,2011-11-14 15:18:00,510,United Kingdom,4,1,2,412,New / Promising,2,465.88,0,30,12.17,1700.93,0
13248,125,2,465.68,2011-06-03 13:05:00,2011-08-07 12:40:00,305,United Kingdom,3,2,2,322,Needs Attention,3,232.84,64,189,3.86,269.63,0
13928,11,4,464.57,2011-07-29 15:59:00,2011-11-29 10:33:00,129,United Kingdom,5,3,2,532,Loyal,2,116.14,122,133,10.98,382.57,0
15349,158,2,463.90999999999997,2011-06-05 15:46:00,2011-07-04 16:06:00,321,United Kingdom,3,2,2,322,Needs Attention,3,231.96,29,187,3.9,271.39,0
18083,398,1,463.53,2010-11-07 11:44:00,2010-11-07 11:44:00,268,United Kingdom,2,2,2,222,Hibernating / Lost,3,463.53,0,398,0.92,127.93,1
17040,138,2,463.25,2010-06-07 15:08:00,2011-07-25 10:19:00,189,United Kingdom,3,3,2,332,Loyal,3,231.62,412,550,1.33,92.42,0
17964,32,2,463.21,2010-12-02 13:32:00,2011-11-08 10:44:00,294,United Kingdom,4,3,2,432,Loyal,2,231.6,340,372,1.96,136.18,0
14627,379,1,462.75,2010-11-25 16:32:00,2010-11-25 16:32:00,284,United Kingdom,2,1,2,212,Hibernating / Lost,3,462.75,0,379,0.96,133.27,1
14331,124,2,462.65999999999997,2011-07-27 15:14:00,2011-08-07 13:17:00,252,United Kingdom,3,2,2,322,Needs Attention,3,231.33,10,135,5.41,375.45,0
15958,74,4,462.12,2010-06-07 10:59:00,2011-09-26 13:41:00,154,United Kingdom,3,4,2,342,Loyal,2,115.53,476,551,2.65,91.85,0
14954,12,2,462.12,2010-01-05 16:38:00,2011-11-27 14:30:00,209,United Kingdom,5,2,2,522,New / Promising,2,231.06,690,703,1.04,72.09,0
13624,388,1,462.08,2010-11-16 13:43:00,2010-11-16 13:43:00,820,United Kingdom,2,1,2,212,Hibernating / Lost,3,462.08,0,388,0.94,130.31,1
18284,432,1,461.68,2010-10-04 11:33:00,2010-10-04 11:33:00,494,United Kingdom,1,2,2,122,Hibernating / Lost,3,461.68,0,432,0.84,116.34,1
14727,274,3,461.03,2010-06-11 13:23:00,2011-03-10 14:45:00,452,United Kingdom,2,3,2,232,At Risk,3,153.68,272,546,2.01,92.67,1
15540,11,2,460.68,2010-11-29 11:10:00,2011-11-28 13:51:00,444,United Kingdom,5,2,2,522,New / Promising,2,230.34,364,376,1.94,134.06,0
12667,58,1,460.13,2011-10-12 17:00:00,2011-10-12 17:00:00,391,Finland,4,1,2,412,New / Promising,2,460.13,0,58,6.29,868.27,0
16310,414,2,460.08,2010-03-07 15:41:00,2010-10-21 14:47:00,270,United Kingdom,1,2,2,122,Hibernating / Lost,3,230.04,227,642,1.14,78.67,1
17111,47,2,459.58,2010-10-10 15:21:00,2011-10-23 15:59:00,581,United Kingdom,4,3,2,432,Loyal,2,229.79,378,425,1.72,118.57,0
16596,16,4,458.98,2009-12-10 13:09:00,2011-11-24 10:02:00,180,United Kingdom,5,4,2,542,Champions,2,114.74,713,729,2.0,68.84,0
14118,429,1,458.45,2010-10-07 11:59:00,2010-10-07 11:59:00,97,United Kingdom,1,1,2,112,Hibernating / Lost,3,458.45,0,429,0.85,116.9,1
13957,418,3,458.25,2010-02-19 10:32:00,2010-10-18 10:02:00,157,United Kingdom,1,3,2,132,At Risk,3,152.75,240,659,1.66,76.07,1
14599,390,2,457.89,2010-07-18 15:54:00,2010-11-14 14:49:00,292,United Kingdom,2,2,2,222,Hibernating / Lost,3,228.94,118,509,1.43,98.22,1
14011,480,2,457.82,2010-04-11 13:40:00,2010-08-16 15:31:00,644,United Kingdom,1,2,2,122,Hibernating / Lost,3,228.91,127,607,1.2,82.41,1
15121,50,2,457.72,2011-02-24 12:41:00,2011-10-20 14:51:00,199,United Kingdom,4,2,2,422,New / Promising,2,228.86,238,289,2.53,173.7,0
16069,418,1,457.7,2010-10-18 10:32:00,2010-10-18 10:32:00,138,United Kingdom,1,1,2,112,Hibernating / Lost,3,457.7,0,418,0.87,119.46,1
17344,46,2,457.36,2009-12-11 12:31:00,2011-10-24 12:56:00,200,United Kingdom,4,3,2,432,Loyal,2,228.68,682,729,1.0,68.6,0
14819,64,4,456.41,2009-12-21 15:54:00,2011-10-06 13:41:00,170,United Kingdom,3,3,2,332,Loyal,2,114.1,653,718,2.03,69.49,0
14296,421,2,456.40000000000003,2010-05-14 14:34:00,2010-10-14 14:14:00,314,United Kingdom,1,2,2,122,Hibernating / Lost,3,228.2,152,574,1.27,86.94,1
16039,424,2,456.4,2010-03-21 15:17:00,2010-10-12 10:44:00,409,United Kingdom,1,2,2,122,Hibernating / Lost,3,228.2,204,628,1.16,79.41,1
12999,196,3,455.88,2011-04-08 10:26:00,2011-05-27 13:24:00,342,United Kingdom,2,3,2,232,At Risk,3,151.96,49,246,4.45,202.87,1
15585,177,1,455.3,2011-06-16 08:38:00,2011-06-16 08:38:00,320,United Kingdom,3,1,2,312,Needs Attention,3,455.3,0,177,2.06,281.38,0
14335,16,2,454.86,2011-09-04 13:07:00,2011-11-23 13:41:00,375,Germany,5,2,2,522,New / Promising,2,227.43,80,96,7.6,518.54,0
16765,294,2,454.75,2010-11-22 13:42:00,2011-02-18 15:41:00,311,United Kingdom,2,2,2,222,Hibernating / Lost,3,227.38,88,382,1.91,130.29,1
17067,725,3,454.54,2009-12-08 12:03:00,2009-12-15 08:39:00,322,United Kingdom,1,3,2,132,At Risk,3,151.51,6,732,1.5,68.18,1
17140,247,1,454.12,2011-04-06 13:33:00,2011-04-06 13:33:00,296,United Kingdom,2,2,2,222,Hibernating / Lost,3,454.12,0,247,1.48,201.63,1
15475,77,1,454.10999999999996,2011-09-23 15:20:00,2011-09-23 15:20:00,319,United Kingdom,3,1,2,312,Needs Attention,3,454.11,0,77,4.74,645.74,0
17564,24,3,454.01,2011-09-20 14:00:00,2011-11-15 13:27:00,146,United Kingdom,4,3,2,432,Loyal,2,151.34,55,80,13.69,621.55,0
17376,71,4,453.64,2010-07-05 11:11:00,2011-09-30 12:36:00,244,United Kingdom,3,4,2,342,Loyal,2,113.41,452,523,2.79,94.92,0
18158,9,2,453.4,2011-09-12 09:03:00,2011-11-30 16:19:00,354,United Kingdom,5,3,2,532,Loyal,2,226.7,79,89,8.2,557.68,0
16481,682,1,453.38,2010-01-26 13:09:00,2010-01-26 13:09:00,201,United Kingdom,1,1,2,112,Hibernating / Lost,3,453.38,0,682,0.54,73.45,1
14184,67,1,452.89,2011-10-04 12:43:00,2011-10-04 12:43:00,127,United Kingdom,3,1,2,312,Needs Attention,2,452.89,0,67,5.45,740.48,0
16799,432,2,452.78000000000003,2010-09-12 12:46:00,2010-10-03 14:28:00,162,United Kingdom,1,2,2,122,Hibernating / Lost,3,226.39,21,454,1.61,109.35,1
12816,96,2,452.20000000000005,2011-06-16 13:24:00,2011-09-05 12:41:00,125,Poland,3,2,2,322,Needs Attention,3,226.1,80,176,4.15,281.49,0
13698,597,2,451.73,2010-01-27 09:02:00,2010-04-22 11:52:00,227,United Kingdom,1,2,2,122,Hibernating / Lost,3,225.86,85,682,1.07,72.5,1
18100,550,1,451.56,2010-06-07 14:19:00,2010-06-07 14:19:00,440,United Kingdom,1,2,2,122,Hibernating / Lost,3,451.56,0,550,0.66,89.41,1
18031,379,1,451.3,2010-11-26 11:00:00,2010-11-26 11:00:00,298,United Kingdom,2,2,2,222,Hibernating / Lost,3,451.3,0,379,0.96,129.97,1
15961,379,1,451.28999999999996,2010-11-25 15:59:00,2010-11-25 15:59:00,154,United Kingdom,2,1,2,212,Hibernating / Lost,3,451.29,0,379,0.96,129.97,1
12361,287,4,451.25,2010-01-26 14:37:00,2011-02-25 13:51:00,231,Belgium,2,3,2,232,At Risk,1,112.81,394,682,2.14,72.42,1
12831,262,3,451.11,2010-09-02 15:58:00,2011-03-22 13:02:00,303,United Kingdom,2,3,2,232,At Risk,3,150.37,200,463,2.37,106.91,1
15124,23,4,450.82,2010-02-26 10:49:00,2011-11-17 10:09:00,462,United Kingdom,4,3,2,432,Loyal,2,112.7,628,652,2.24,75.73,0
12596,51,2,450.27,2011-04-11 13:22:00,2011-10-19 13:02:00,468,Spain,4,2,2,422,New / Promising,2,225.14,190,242,3.02,203.98,0
16870,469,1,450.15999999999997,2010-08-27 13:53:00,2010-08-27 13:53:00,278,United Kingdom,1,2,2,122,Hibernating / Lost,3,450.16,0,469,0.78,105.34,1
13150,484,3,449.96999999999997,2010-03-19 09:03:00,2010-08-12 12:59:00,171,United Kingdom,1,3,2,132,At Risk,3,149.99,146,631,1.74,78.29,1
14784,26,3,449.93,2010-11-15 09:49:00,2011-11-13 13:30:00,363,United Kingdom,4,3,2,432,Loyal,2,149.98,363,390,2.81,126.43,0
13877,86,3,449.68,2010-01-19 10:53:00,2011-09-14 15:49:00,478,United Kingdom,3,3,2,332,Loyal,2,149.89,603,690,1.59,71.5,0
13489,105,4,449.52,2011-02-18 10:42:00,2011-08-26 13:16:00,560,United Kingdom,3,3,2,332,Loyal,1,112.38,189,295,4.95,166.88,0
15126,537,2,449.49,2010-01-21 17:09:00,2010-06-21 12:31:00,273,United Kingdom,1,2,2,122,Hibernating / Lost,3,224.74,150,687,1.06,71.47,1
15418,425,2,449.42,2010-05-02 11:31:00,2010-10-10 13:38:00,264,United Kingdom,1,2,2,122,Hibernating / Lost,3,224.71,161,587,1.24,83.59,1
17823,421,2,449.25,2010-10-14 16:14:00,2010-10-14 16:24:00,252,United Kingdom,1,3,2,132,At Risk,3,224.62,0,421,1.73,116.58,1
15739,66,1,449.12,2011-10-04 13:42:00,2011-10-04 13:42:00,472,United Kingdom,3,1,2,312,Needs Attention,2,449.12,0,66,5.53,745.09,0
14761,59,3,447.92,2010-09-21 14:22:00,2011-10-12 12:10:00,206,United Kingdom,4,3,2,432,Loyal,2,149.31,385,444,2.47,110.64,0
14780,55,2,447.68,2011-09-21 15:15:00,2011-10-16 12:46:00,310,United Kingdom,4,2,2,422,New / Promising,2,223.84,24,79,9.24,620.48,0
18201,723,1,447.53000000000003,2009-12-17 08:55:00,2009-12-17 08:55:00,191,United Kingdom,1,2,2,122,Hibernating / Lost,3,447.53,0,723,0.5,67.13,1
16095,456,1,447.05,2010-09-09 16:54:00,2010-09-09 16:54:00,265,United Kingdom,1,1,2,112,Hibernating / Lost,3,447.05,0,456,0.8,107.29,1
13754,152,3,447.05,2010-09-28 15:29:00,2011-07-11 11:51:00,315,United Kingdom,3,3,2,332,Loyal,3,149.02,285,437,2.51,112.21,0
14149,221,1,446.62,2011-05-03 09:44:00,2011-05-03 09:44:00,218,United Kingdom,2,1,2,212,Hibernating / Lost,3,446.62,0,221,1.65,221.08,1
17370,73,4,446.18,2011-06-23 11:50:00,2011-09-28 10:14:00,540,United Kingdom,3,4,2,342,Loyal,2,111.54,96,170,8.59,287.44,0
14010,565,2,445.15,2010-05-23 12:46:00,2010-05-23 13:00:00,177,United Kingdom,1,2,2,122,Hibernating / Lost,3,222.58,0,566,1.29,86.14,1
18134,598,2,445.0,2010-01-14 11:59:00,2010-04-20 14:02:00,128,United Kingdom,1,3,2,132,At Risk,3,222.5,96,695,1.05,70.09,1
18270,38,3,444.55,2010-10-03 10:49:00,2011-11-01 13:57:00,209,United Kingdom,4,3,2,432,Loyal,2,148.18,394,433,2.53,112.47,0
14638,51,1,443.6,2011-10-20 10:10:00,2011-10-20 10:10:00,166,United Kingdom,4,1,2,412,New / Promising,2,443.6,0,51,7.16,952.85,0
16424,191,2,443.06,2010-11-22 11:24:00,2011-06-01 13:40:00,212,United Kingdom,2,2,2,222,Hibernating / Lost,3,221.53,191,383,1.91,126.94,1
16404,70,1,443.05,2011-09-30 14:55:00,2011-09-30 14:55:00,157,United Kingdom,3,1,2,312,Needs Attention,3,443.05,0,70,5.21,692.49,0
18222,93,1,443.0,2011-09-08 10:45:00,2011-09-08 10:45:00,335,United Kingdom,3,2,2,322,Needs Attention,3,443.0,0,93,3.92,520.97,0
14996,481,2,442.28999999999996,2010-08-15 13:41:00,2010-08-15 13:44:00,404,United Kingdom,1,2,2,122,Hibernating / Lost,3,221.14,0,481,1.52,100.84,1
17699,477,2,442.0,2010-05-27 11:53:00,2010-08-20 09:39:00,208,United Kingdom,1,3,2,132,At Risk,3,221.0,84,562,1.3,86.19,1
18233,326,1,440.0,2011-01-18 08:44:00,2011-01-18 08:44:00,4,United Kingdom,2,2,2,222,Hibernating / Lost,3,440.0,0,326,1.12,147.84,1
13954,2,2,439.92,2011-09-30 10:52:00,2011-12-08 12:50:00,150,United Kingdom,5,2,2,522,New / Promising,2,219.96,69,71,10.28,678.36,0
17643,373,2,439.7,2010-07-22 13:07:00,2010-12-01 14:38:00,226,United Kingdom,2,3,2,232,At Risk,3,219.85,132,505,1.45,95.63,1
16025,30,1,439.65999999999997,2011-11-10 11:45:00,2011-11-10 11:45:00,338,United Kingdom,4,1,2,412,New / Promising,2,439.66,0,30,12.17,1605.2,0
16968,4,2,439.43,2011-08-24 10:51:00,2011-12-05 15:02:00,326,United Kingdom,5,3,2,532,Loyal,2,219.72,103,108,6.76,445.59,0
13086,383,1,439.33000000000004,2010-11-22 10:28:00,2010-11-22 10:28:00,155,United Kingdom,2,1,2,212,Hibernating / Lost,3,439.33,0,383,0.95,125.21,1
17718,232,2,439.18,2010-03-05 08:01:00,2011-04-21 13:39:00,274,United Kingdom,2,3,2,232,At Risk,3,219.59,412,645,1.13,74.44,1
13358,269,1,439.03,2011-03-16 11:52:00,2011-03-16 11:52:00,285,United Kingdom,2,1,2,212,Hibernating / Lost,3,439.03,0,269,1.36,179.12,1
13964,387,2,438.9,2010-10-05 12:38:00,2010-11-17 13:53:00,228,United Kingdom,2,2,2,222,Hibernating / Lost,3,219.45,43,431,1.69,111.26,1
17729,596,1,438.65000000000003,2010-04-22 15:03:00,2010-04-22 15:03:00,247,United Kingdom,1,2,2,122,Hibernating / Lost,3,438.65,0,596,0.61,80.27,1
15859,432,1,438.46,2010-10-03 12:52:00,2010-10-03 12:52:00,174,United Kingdom,1,1,2,112,Hibernating / Lost,3,438.46,0,432,0.84,110.49,1
17807,395,3,437.87,2010-01-04 14:00:00,2010-11-09 16:21:00,262,United Kingdom,2,3,2,232,At Risk,3,145.96,309,704,1.56,68.31,1
17070,114,2,437.42,2010-10-25 15:57:00,2011-08-17 17:01:00,232,United Kingdom,3,3,2,332,Loyal,3,218.71,296,410,1.78,116.79,0
14846,427,1,437.4,2010-10-08 17:07:00,2010-10-08 17:07:00,193,United Kingdom,1,1,2,112,Hibernating / Lost,3,437.4,0,427,0.85,111.54,1
16519,25,4,436.96,2010-03-01 13:51:00,2011-11-14 15:41:00,149,United Kingdom,4,4,2,442,Champions,2,109.24,623,648,2.25,73.74,0
13432,571,2,436.55,2010-04-06 14:42:00,2010-05-17 13:18:00,214,United Kingdom,1,2,2,122,Hibernating / Lost,3,218.28,40,612,1.19,77.93,1
14123,733,1,436.18,2009-12-06 15:35:00,2009-12-06 15:35:00,234,United Kingdom,1,1,2,112,Hibernating / Lost,3,436.18,0,733,0.5,65.43,1
16084,299,1,436.18,2011-02-13 16:05:00,2011-02-13 16:05:00,216,United Kingdom,2,1,2,212,Hibernating / Lost,3,436.18,0,299,1.22,159.64,1
16166,428,2,435.83,2010-01-17 14:16:00,2010-10-07 15:44:00,173,United Kingdom,1,2,2,122,Hibernating / Lost,3,217.92,263,691,1.06,69.3,1
13738,396,1,434.78000000000003,2010-11-08 15:23:00,2010-11-08 15:23:00,237,United Kingdom,2,1,2,212,Hibernating / Lost,3,434.78,0,396,0.92,120.0,1
15323,563,3,434.6,2010-02-16 09:21:00,2010-05-26 10:01:00,188,United Kingdom,1,3,2,132,At Risk,3,144.87,99,662,1.65,71.71,1
14910,3,4,434.35,2011-10-16 11:06:00,2011-12-07 10:06:00,238,United Kingdom,5,3,2,532,Loyal,2,108.59,51,55,26.55,864.92,0
14238,326,3,434.23,2009-12-05 10:58:00,2011-01-17 14:40:00,189,United Kingdom,2,3,2,232,At Risk,3,144.74,408,735,1.49,64.7,1
16888,401,3,434.2,2010-01-07 13:07:00,2010-11-04 12:39:00,145,United Kingdom,2,3,2,232,At Risk,3,144.73,300,701,1.56,67.73,1
14093,12,1,433.86,2011-11-27 16:27:00,2011-11-27 16:27:00,391,United Kingdom,5,1,2,512,New / Promising,2,433.86,0,30,12.17,1584.02,0
16939,489,3,433.85,2010-02-28 13:33:00,2010-08-08 12:24:00,229,United Kingdom,1,3,2,132,At Risk,3,144.62,160,649,1.69,73.32,1
18029,642,1,433.77,2010-03-07 15:30:00,2010-03-07 15:30:00,253,United Kingdom,1,2,2,122,Hibernating / Lost,3,433.77,0,642,0.57,74.17,1
15613,610,1,433.71999999999997,2010-04-08 12:51:00,2010-04-08 12:51:00,700,United Kingdom,1,1,2,112,Hibernating / Lost,3,433.72,0,610,0.6,78.07,1
16522,436,2,433.36,2010-09-15 13:32:00,2010-09-30 10:54:00,212,United Kingdom,1,2,2,122,Hibernating / Lost,3,216.68,14,450,1.62,105.31,1
17178,731,1,432.96,2009-12-08 16:20:00,2009-12-08 16:20:00,100,United Kingdom,1,2,2,122,Hibernating / Lost,3,432.96,0,731,0.5,64.94,1
17687,421,1,432.68,2010-10-15 12:30:00,2010-10-15 12:30:00,210,United Kingdom,1,2,2,122,Hibernating / Lost,3,432.68,0,421,0.87,112.93,1
16604,563,2,432.45,2010-05-20 16:34:00,2010-05-26 09:10:00,175,United Kingdom,1,2,2,122,Hibernating / Lost,3,216.22,5,568,1.29,83.68,1
16236,78,1,432.2,2011-09-22 14:10:00,2011-09-22 14:10:00,184,United Kingdom,3,1,2,312,Needs Attention,3,432.2,0,78,4.68,606.81,0
16881,67,1,432.0,2011-10-04 10:33:00,2011-10-04 10:33:00,600,United Kingdom,3,2,2,322,Needs Attention,3,432.0,0,67,5.45,706.32,0
14042,725,1,431.98,2009-12-14 15:07:00,2009-12-14 15:07:00,180,United Kingdom,1,1,2,112,Hibernating / Lost,3,431.98,0,725,0.5,64.8,1
15488,93,5,431.92,2010-05-05 13:03:00,2011-09-08 10:11:00,251,United Kingdom,3,4,2,342,Loyal,1,86.38,490,583,3.13,81.11,0
12447,243,1,431.49,2011-04-10 13:25:00,2011-04-10 13:25:00,187,Belgium,2,1,2,212,Hibernating / Lost,3,431.49,0,243,1.5,194.17,1
17842,602,1,430.69,2010-04-16 14:23:00,2010-04-16 14:23:00,89,United Kingdom,1,2,2,122,Hibernating / Lost,3,430.69,0,602,0.61,78.82,1
12827,6,3,430.15000000000003,2011-10-26 15:44:00,2011-12-04 12:17:00,197,United Kingdom,5,3,2,532,Loyal,2,143.38,38,44,24.89,1070.62,0
15450,30,1,429.84,2011-11-09 17:11:00,2011-11-09 17:11:00,376,United Kingdom,4,1,2,412,New / Promising,2,429.84,0,30,12.17,1569.35,0
15461,461,2,429.7,2010-03-18 12:40:00,2010-09-05 12:31:00,230,United Kingdom,1,2,2,122,Hibernating / Lost,3,214.85,170,632,1.16,74.77,1
14979,735,1,429.66,2009-12-04 12:54:00,2009-12-04 12:54:00,209,United Kingdom,1,1,2,112,Hibernating / Lost,3,429.66,0,735,0.5,64.45,1
15230,239,2,429.6,2011-04-13 11:04:00,2011-04-14 14:39:00,351,United Kingdom,2,2,2,222,Hibernating / Lost,3,214.8,1,241,3.03,195.25,1
15036,72,3,429.56,2011-06-13 12:19:00,2011-09-28 15:42:00,316,United Kingdom,3,3,2,332,Loyal,2,143.19,107,180,6.08,261.18,0
13413,640,6,429.44,2010-01-21 17:43:00,2010-03-10 12:17:00,455,United Kingdom,1,4,2,142,Can't Lose Them,1,71.57,47,687,3.19,68.49,1
12436,100,1,429.01000000000005,2011-09-01 12:09:00,2011-09-01 12:09:00,209,Norway,3,1,2,312,Needs Attention,3,429.01,0,100,3.65,469.77,0
15553,60,1,428.93,2011-10-10 14:02:00,2011-10-10 14:02:00,449,United Kingdom,3,1,2,312,Needs Attention,2,428.93,0,60,6.08,782.37,0
18089,447,1,428.45,2010-09-19 11:57:00,2010-09-19 11:57:00,95,United Kingdom,1,2,2,122,Hibernating / Lost,3,428.45,0,447,0.82,105.4,1
15360,40,1,427.93,2011-10-31 09:35:00,2011-10-31 09:35:00,223,United Kingdom,4,1,2,412,New / Promising,2,427.93,0,40,9.12,1170.82,0
12740,64,1,427.6,2011-10-07 10:44:00,2011-10-07 10:44:00,342,France,3,1,2,312,Needs Attention,2,427.6,0,64,5.7,731.2,0
18285,661,1,427.0,2010-02-17 10:24:00,2010-02-17 10:24:00,145,United Kingdom,1,2,2,122,Hibernating / Lost,3,427.0,0,661,0.55,70.46,1
17740,389,6,426.9,2010-01-11 13:11:00,2010-11-15 16:33:00,222,United Kingdom,2,4,2,242,Can't Lose Them,1,71.15,308,697,3.14,67.02,1
18152,646,1,426.69,2010-03-03 15:26:00,2010-03-03 15:26:00,75,United Kingdom,1,2,2,122,Hibernating / Lost,3,426.69,0,646,0.57,72.96,1
15930,67,1,426.63,2011-10-03 14:52:00,2011-10-03 14:52:00,139,United Kingdom,3,1,2,312,Needs Attention,3,426.63,0,67,5.45,697.54,0
14288,213,1,426.6,2011-05-10 13:22:00,2011-05-10 13:22:00,188,United Kingdom,2,1,2,212,Hibernating / Lost,3,426.6,0,213,1.71,218.85,1
15966,451,1,426.53000000000003,2010-09-15 10:44:00,2010-09-15 10:44:00,275,United Kingdom,1,1,2,112,Hibernating / Lost,3,426.53,0,451,0.81,103.65,1
15217,563,1,426.24,2010-05-25 13:51:00,2010-05-25 13:51:00,190,United Kingdom,1,1,2,112,Hibernating / Lost,3,426.24,0,563,0.65,83.12,1
14877,418,2,425.85,2010-03-07 12:25:00,2010-10-17 13:09:00,168,United Kingdom,1,2,2,122,Hibernating / Lost,3,212.92,224,643,1.14,72.82,1
13703,318,2,425.56,2010-10-20 13:11:00,2011-01-25 13:10:00,128,United Kingdom,2,2,2,222,Hibernating / Lost,3,212.78,96,415,1.76,112.35,1
12384,29,2,425.27000000000004,2011-08-10 11:23:00,2011-11-11 08:39:00,122,Switzerland,4,2,2,422,New / Promising,2,212.64,92,122,5.98,381.48,0
12491,39,1,424.40000000000003,2011-11-01 12:18:00,2011-11-01 12:18:00,258,France,4,1,2,412,New / Promising,2,424.4,0,39,9.36,1191.72,0
17103,722,1,424.3,2009-12-17 14:08:00,2009-12-17 14:08:00,471,United Kingdom,1,2,2,122,Hibernating / Lost,3,424.3,0,722,0.51,64.92,1
16541,735,1,424.03,2009-12-04 13:22:00,2009-12-04 13:22:00,173,United Kingdom,1,1,2,112,Hibernating / Lost,3,424.03,0,735,0.5,63.6,1
16913,290,3,423.90999999999997,2010-02-26 12:06:00,2011-02-22 12:56:00,229,United Kingdom,2,3,2,232,At Risk,3,141.3,361,652,1.68,71.22,1
17330,23,4,423.8,2010-03-02 09:20:00,2011-11-17 08:56:00,122,United Kingdom,4,4,2,442,Champions,2,105.95,624,648,2.25,71.52,0
15888,81,3,423.49,2010-07-01 11:51:00,2011-09-20 12:30:00,130,United Kingdom,3,3,2,332,Loyal,2,141.16,446,527,2.08,88.08,0
14097,481,2,422.85999999999996,2010-03-04 10:46:00,2010-08-15 14:20:00,352,United Kingdom,1,2,2,122,Hibernating / Lost,3,211.43,164,646,1.13,71.67,1
13374,415,2,422.8,2010-09-16 10:29:00,2010-10-21 10:04:00,135,United Kingdom,1,2,2,122,Hibernating / Lost,3,211.4,34,450,1.62,102.74,1
16137,680,1,422.7,2010-01-28 15:04:00,2010-01-28 15:04:00,210,United Kingdom,1,1,2,112,Hibernating / Lost,3,422.7,0,680,0.54,68.48,1
16689,76,2,422.59999999999997,2011-09-18 13:29:00,2011-09-25 11:39:00,330,United Kingdom,3,2,2,322,Needs Attention,2,211.3,6,82,8.9,564.17,0
18240,46,1,422.58,2011-10-24 13:06:00,2011-10-24 13:06:00,126,United Kingdom,4,2,2,422,New / Promising,2,422.58,0,46,7.93,1005.32,0
16149,5,3,422.22,2010-10-06 15:54:00,2011-12-05 11:29:00,598,United Kingdom,5,3,2,532,Loyal,2,140.74,424,429,2.55,107.67,0
13807,367,3,422.2,2009-12-04 12:41:00,2010-12-07 15:48:00,116,United Kingdom,2,3,2,232,At Risk,3,140.73,368,736,1.49,62.91,1
14413,362,3,421.72,2010-01-19 14:27:00,2010-12-12 13:37:00,276,United Kingdom,2,3,2,232,At Risk,3,140.57,326,689,1.59,67.05,1
16773,57,3,421.24,2009-12-06 15:01:00,2011-10-13 14:37:00,252,United Kingdom,4,3,2,432,Loyal,2,140.41,675,733,1.49,62.76,0
14757,75,1,420.5,2011-09-25 14:36:00,2011-09-25 14:36:00,160,United Kingdom,3,1,2,312,Needs Attention,3,420.5,0,75,4.87,614.35,0
15206,10,4,420.29999999999995,2011-03-09 08:59:00,2011-11-29 13:41:00,162,United Kingdom,5,3,2,532,Loyal,2,105.07,265,276,5.29,166.75,0
15711,557,2,420.25,2010-01-24 12:13:00,2010-06-01 12:14:00,199,United Kingdom,1,2,2,122,Hibernating / Lost,3,210.12,128,685,1.07,67.45,1
14575,488,1,420.22,2010-08-08 14:51:00,2010-08-08 14:51:00,163,United Kingdom,1,1,2,112,Hibernating / Lost,3,420.22,0,488,0.75,94.55,1
13672,301,3,419.92,2009-12-09 11:40:00,2011-02-11 13:53:00,138,United Kingdom,2,3,2,232,At Risk,3,139.97,429,731,1.5,62.99,1
13442,667,3,419.87,2009-12-01 14:59:00,2010-02-10 14:03:00,115,United Kingdom,1,3,2,132,At Risk,3,139.96,70,738,1.48,62.14,1
13096,394,1,419.70000000000005,2010-11-10 14:08:00,2010-11-10 14:08:00,6,United Kingdom,2,1,2,212,Hibernating / Lost,3,419.7,0,394,0.93,117.1,1
14124,84,1,419.58000000000004,2011-09-16 13:32:00,2011-09-16 13:32:00,1618,United Kingdom,3,1,2,312,Needs Attention,3,419.58,0,84,4.35,547.55,0
13079,4,6,419.18,2010-10-18 14:15:00,2011-12-05 16:53:00,158,United Kingdom,5,4,2,542,Champions,2,69.86,413,417,5.25,110.03,0
15262,324,3,418.82,2010-08-08 15:55:00,2011-01-20 12:16:00,218,United Kingdom,2,3,2,232,At Risk,3,139.61,164,488,2.24,93.82,1
13073,411,2,418.08,2010-09-28 09:27:00,2010-10-24 14:06:00,261,United Kingdom,1,2,2,122,Hibernating / Lost,3,209.04,26,438,1.67,104.73,1
17701,253,1,417.95,2011-04-01 12:25:00,2011-04-01 12:25:00,109,United Kingdom,2,2,2,222,Hibernating / Lost,3,417.95,0,253,1.44,180.55,1
17232,3,2,417.77,2011-11-25 12:24:00,2011-12-07 12:21:00,202,United Kingdom,5,3,2,532,Loyal,2,208.88,11,30,24.33,1524.62,0
16832,184,5,417.61,2010-09-07 12:35:00,2011-06-08 15:36:00,179,United Kingdom,3,4,2,342,Loyal,1,83.52,274,459,3.98,99.72,1
14762,264,2,417.57,2010-03-23 15:36:00,2011-03-21 08:20:00,428,United Kingdom,2,2,2,222,Hibernating / Lost,3,208.78,362,626,1.17,73.28,1
12833,145,1,417.38,2011-07-17 13:46:00,2011-07-17 13:46:00,156,United Kingdom,3,1,2,312,Needs Attention,3,417.38,0,145,2.52,315.54,0
17258,397,2,417.3,2010-02-12 15:51:00,2010-11-08 12:37:00,188,United Kingdom,2,3,2,232,At Risk,3,208.65,268,665,1.1,68.85,1
16816,103,4,417.06,2010-12-16 17:01:00,2011-08-28 14:16:00,274,United Kingdom,3,4,2,342,Loyal,1,104.26,254,358,4.08,127.61,0
12729,114,1,417.01,2011-08-18 11:40:00,2011-08-18 11:40:00,231,France,3,1,2,312,Needs Attention,3,417.01,0,114,3.2,400.33,0
16957,239,2,416.64,2011-03-03 09:25:00,2011-04-14 13:56:00,172,United Kingdom,2,3,2,232,At Risk,3,208.32,42,282,2.59,161.86,1
15011,396,2,416.6,2010-10-19 12:05:00,2010-11-09 11:10:00,289,United Kingdom,2,2,2,222,Hibernating / Lost,3,208.3,20,417,1.75,109.36,1
16355,375,1,416.35,2010-11-29 14:21:00,2010-11-29 14:21:00,179,United Kingdom,2,1,2,212,Hibernating / Lost,3,416.35,0,375,0.97,121.16,1
16356,198,6,415.87,2010-06-06 11:26:00,2011-05-26 11:51:00,190,United Kingdom,2,4,2,242,Can't Lose Them,1,69.31,354,552,3.97,82.55,1
12930,78,2,415.8,2011-06-21 13:25:00,2011-09-22 15:18:00,252,United Kingdom,3,2,2,322,Needs Attention,2,207.9,93,171,4.27,266.32,0
12608,405,1,415.79,2010-10-31 10:49:00,2010-10-31 10:49:00,323,United Kingdom,2,1,2,212,Hibernating / Lost,3,415.79,0,405,0.9,112.26,1
12493,166,2,415.74,2011-05-26 14:53:00,2011-06-27 10:17:00,206,France,3,2,2,322,Needs Attention,3,207.87,31,197,3.71,231.36,0
15725,15,1,415.25,2011-11-24 14:51:00,2011-11-24 14:51:00,221,United Kingdom,5,1,2,512,New / Promising,2,415.25,0,30,12.17,1516.08,0
14333,68,1,415.2,2011-10-03 10:38:00,2011-10-03 10:38:00,58,United Kingdom,3,1,2,312,Needs Attention,3,415.2,0,68,5.37,668.89,0
13565,19,3,414.8,2010-10-24 15:51:00,2011-11-20 14:33:00,260,United Kingdom,5,3,2,532,Loyal,2,138.27,391,411,2.66,110.34,0
18278,74,2,414.20000000000005,2010-10-31 12:13:00,2011-09-27 11:58:00,140,United Kingdom,3,3,2,332,Loyal,2,207.1,330,405,1.8,111.83,0
13002,318,3,414.13,2010-10-01 11:58:00,2011-01-25 15:18:00,201,United Kingdom,2,3,2,232,At Risk,3,138.04,116,435,2.52,104.36,1
13669,51,3,413.55,2010-10-28 15:05:00,2011-10-20 09:32:00,393,United Kingdom,4,3,2,432,Loyal,2,137.85,356,407,2.69,111.24,0
14082,365,2,413.36,2010-11-12 11:47:00,2010-12-10 11:02:00,246,United Kingdom,2,2,2,222,Hibernating / Lost,3,206.68,27,393,1.86,115.33,1
17767,15,2,413.05,2010-10-25 16:22:00,2011-11-24 14:42:00,198,United Kingdom,5,3,2,532,Loyal,2,206.52,394,410,1.78,110.28,0
17662,662,2,412.92,2009-12-17 09:54:00,2010-02-16 09:38:00,184,United Kingdom,1,3,2,132,At Risk,3,206.46,60,723,1.01,62.56,1
14620,206,2,412.78000000000003,2011-03-01 08:30:00,2011-05-18 11:58:00,214,United Kingdom,2,2,2,222,Hibernating / Lost,3,206.39,78,284,2.57,159.13,1
17601,239,2,412.65999999999997,2010-11-24 14:29:00,2011-04-14 18:02:00,294,United Kingdom,2,3,2,232,At Risk,3,206.33,141,380,1.92,118.85,1
16932,53,3,412.55,2010-05-17 14:15:00,2011-10-17 14:12:00,217,United Kingdom,4,3,2,432,Loyal,2,137.52,517,571,1.92,79.21,0
18050,359,2,412.06,2010-11-11 15:51:00,2010-12-15 14:25:00,250,United Kingdom,2,3,2,232,At Risk,3,206.03,33,393,1.86,114.96,1
16272,117,1,411.7,2011-08-15 10:53:00,2011-08-15 10:54:00,224,United Kingdom,3,1,2,312,Needs Attention,3,411.7,0,117,3.12,385.35,0
15960,374,4,410.95,2010-09-30 15:50:00,2010-11-30 15:57:00,258,United Kingdom,2,4,2,242,Can't Lose Them,3,102.74,61,435,3.36,103.56,1
18011,373,2,410.79,2010-05-21 13:28:00,2010-12-01 17:35:00,125,United Kingdom,2,3,2,232,At Risk,3,205.4,194,567,1.29,79.49,1
15099,84,1,410.48,2011-09-16 13:13:00,2011-09-16 13:13:00,343,United Kingdom,3,1,2,312,Needs Attention,3,410.48,0,84,4.35,535.68,0
17598,381,1,409.98,2010-11-23 17:43:00,2010-11-23 17:43:00,126,United Kingdom,2,2,2,222,Hibernating / Lost,3,409.98,0,381,0.96,118.07,1
13827,58,3,409.8,2011-07-19 15:38:00,2011-10-13 12:38:00,138,United Kingdom,4,3,2,432,Loyal,2,136.6,85,143,7.66,313.91,0
14581,17,2,409.65,2010-06-13 15:48:00,2011-11-23 12:39:00,304,United Kingdom,5,2,2,522,New / Promising,2,204.82,527,544,1.34,82.34,0
14348,260,1,409.57,2011-03-24 16:23:00,2011-03-24 16:23:00,183,United Kingdom,2,1,2,212,Hibernating / Lost,3,409.57,0,260,1.4,172.02,1
15225,234,1,409.40000000000003,2011-04-19 14:51:00,2011-04-19 14:51:00,226,United Kingdom,2,1,2,212,Hibernating / Lost,3,409.4,0,234,1.56,191.6,1
16864,434,2,409.25,2010-04-20 11:56:00,2010-10-01 16:16:00,283,United Kingdom,1,3,2,132,At Risk,3,204.62,164,599,1.22,74.89,1
16921,61,3,409.21,2010-04-18 15:34:00,2011-10-09 16:22:00,275,United Kingdom,3,3,2,332,Loyal,2,136.4,539,600,1.83,74.88,0
16243,34,2,409.1,2011-10-16 12:09:00,2011-11-06 12:32:00,110,United Kingdom,4,2,2,422,New / Promising,2,204.55,21,55,13.27,814.31,0
13686,183,3,409.04,2010-11-03 13:44:00,2011-06-10 09:10:00,378,United Kingdom,3,3,2,332,Loyal,3,136.35,218,401,2.73,111.67,1
12974,198,2,408.95,2010-05-23 11:45:00,2011-05-26 09:33:00,104,United Kingdom,2,2,2,222,Hibernating / Lost,3,204.48,367,566,1.29,79.13,1
16629,74,2,408.63,2011-09-04 16:12:00,2011-09-27 10:34:00,489,United Kingdom,3,2,2,322,Needs Attention,2,204.32,22,96,7.6,465.85,0
16324,128,3,408.59000000000003,2011-06-15 14:26:00,2011-08-03 12:58:00,270,United Kingdom,3,3,2,332,Loyal,3,136.2,48,177,6.19,252.92,0
12672,330,2,407.05,2010-04-23 09:57:00,2011-01-14 09:20:00,136,France,2,2,2,222,Hibernating / Lost,3,203.52,265,596,1.22,74.49,1
12353,204,2,406.76,2010-10-27 12:44:00,2011-05-19 17:47:00,212,Bahrain,2,2,2,222,Hibernating / Lost,3,203.38,204,409,1.78,108.6,1
16632,486,2,406.4,2010-05-07 16:46:00,2010-08-11 11:39:00,256,United Kingdom,1,2,2,122,Hibernating / Lost,3,203.2,95,581,1.26,76.81,1
17000,396,2,406.3,2010-10-27 14:16:00,2010-11-08 13:35:00,305,United Kingdom,2,3,2,232,At Risk,3,203.15,11,408,1.79,109.09,1
15342,130,1,406.09,2011-08-02 10:19:00,2011-08-02 10:19:00,283,United Kingdom,3,1,2,312,Needs Attention,3,406.09,0,130,2.81,342.33,0
16815,454,2,406.02,2010-06-21 12:05:00,2010-09-12 10:59:00,237,United Kingdom,1,3,2,132,At Risk,3,203.01,82,537,1.36,82.83,1
18111,589,1,405.85,2010-04-29 12:58:00,2010-04-29 12:58:00,232,United Kingdom,1,2,2,122,Hibernating / Lost,3,405.85,0,589,0.62,75.49,1
12922,161,1,405.38,2011-07-01 15:35:00,2011-07-01 15:35:00,370,United Kingdom,3,1,2,312,Needs Attention,3,405.38,0,161,2.27,276.06,0
13143,585,1,405.1,2010-05-04 12:22:00,2010-05-04 12:22:00,198,United Kingdom,1,1,2,112,Hibernating / Lost,3,405.1,0,585,0.62,75.35,1
15941,637,1,405.0,2010-03-12 14:45:00,2010-03-12 14:45:00,60,United Kingdom,1,1,2,112,Hibernating / Lost,3,405.0,0,637,0.57,69.26,1
13640,611,1,405.0,2010-04-07 15:33:00,2010-04-07 15:33:00,108,United Kingdom,1,1,2,112,Hibernating / Lost,3,405.0,0,611,0.6,72.9,1
13574,411,1,404.45,2010-10-24 13:28:00,2010-10-24 13:28:00,304,United Kingdom,1,1,2,112,Hibernating / Lost,3,404.45,0,411,0.89,107.99,1
16319,218,1,404.40000000000003,2011-05-06 11:27:00,2011-05-06 11:27:00,72,United Kingdom,2,1,2,212,Hibernating / Lost,3,404.4,0,218,1.67,202.6,1
16484,174,2,404.3,2011-06-02 10:39:00,2011-06-19 12:06:00,200,United Kingdom,3,2,2,322,Needs Attention,3,202.15,17,191,3.82,231.66,0
14678,579,1,403.39,2010-05-09 14:32:00,2010-05-09 14:32:00,179,United Kingdom,1,1,2,112,Hibernating / Lost,3,403.39,0,579,0.63,76.24,1
17785,53,3,403.38,2010-05-23 13:01:00,2011-10-17 13:43:00,227,United Kingdom,4,3,2,432,Loyal,2,134.46,512,565,1.94,78.26,0
17431,313,1,403.3,2011-01-30 14:36:00,2011-01-30 14:36:00,292,United Kingdom,2,2,2,222,Hibernating / Lost,3,403.3,0,313,1.17,141.56,1
13530,634,1,402.97999999999996,2010-03-15 14:10:00,2010-03-15 14:10:00,272,United Kingdom,1,1,2,112,Hibernating / Lost,3,402.98,0,634,0.58,70.12,1
12564,261,1,402.9,2011-03-23 14:55:00,2011-03-23 14:55:00,130,France,2,1,2,212,Hibernating / Lost,3,402.9,0,261,1.4,169.22,1
16315,331,2,402.71,2010-06-21 13:53:00,2011-01-13 11:57:00,143,United Kingdom,2,2,2,222,Hibernating / Lost,3,201.36,205,536,1.36,82.15,1
17094,322,2,402.20000000000005,2010-10-12 10:48:00,2011-01-21 13:09:00,212,United Kingdom,2,3,2,232,At Risk,3,201.1,101,424,1.72,103.77,1
16998,150,5,402.0,2010-09-21 14:39:00,2011-07-13 09:44:00,104,United Kingdom,3,4,2,342,Loyal,1,80.4,294,444,4.11,99.13,0
12386,338,2,401.9,2010-12-08 09:53:00,2011-01-06 12:37:00,354,Australia,2,2,2,222,Hibernating / Lost,3,200.95,29,367,1.99,119.97,1
15968,388,1,401.8,2010-11-16 13:04:00,2010-11-16 13:04:00,242,United Kingdom,2,1,2,212,Hibernating / Lost,3,401.8,0,388,0.94,113.31,1
14494,26,3,401.46,2009-12-08 13:25:00,2011-11-14 09:21:00,210,United Kingdom,4,3,2,432,Loyal,2,133.82,705,731,1.5,60.22,0
14471,591,2,400.95,2009-12-07 12:26:00,2010-04-27 17:12:00,187,United Kingdom,1,2,2,122,Hibernating / Lost,3,200.48,141,733,1.0,60.14,1
17285,628,2,400.44,2010-02-14 14:10:00,2010-03-21 13:38:00,132,United Kingdom,1,3,2,132,At Risk,3,200.22,34,663,1.1,66.07,1
17168,499,1,400.2,2010-07-29 12:33:00,2010-07-29 12:33:00,220,United Kingdom,1,2,2,122,Hibernating / Lost,3,400.2,0,499,0.73,87.64,1
14358,389,2,400.06,2010-10-07 17:26:00,2010-11-15 15:51:00,338,United Kingdom,2,2,2,222,Hibernating / Lost,3,200.03,38,428,1.71,102.62,1
15501,405,2,399.95,2010-10-20 12:47:00,2010-10-31 11:15:00,205,United Kingdom,2,2,2,222,Hibernating / Lost,3,199.98,10,416,1.75,104.99,1
18164,37,1,399.65000000000003,2011-11-02 12:56:00,2011-11-02 12:56:00,184,United Kingdom,4,2,2,422,New / Promising,2,399.65,0,37,9.86,1182.16,0
13252,394,2,399.3,2010-03-24 10:30:00,2010-11-10 16:00:00,134,United Kingdom,2,2,2,222,Hibernating / Lost,3,199.65,231,626,1.17,70.08,1
18128,537,1,399.29,2010-06-20 13:19:00,2010-06-20 13:19:00,216,United Kingdom,1,2,2,122,Hibernating / Lost,3,399.29,0,537,0.68,81.46,1
17052,28,1,399.09,2011-11-11 14:50:00,2011-11-11 14:50:00,251,United Kingdom,4,2,2,422,New / Promising,2,399.09,0,30,12.17,1457.08,0
17830,2,3,398.7,2011-02-24 10:15:00,2011-12-08 12:28:00,92,United Kingdom,5,3,2,532,Loyal,2,132.9,287,289,3.79,151.11,0
12459,605,1,398.36,2010-04-13 14:53:00,2010-04-13 14:53:00,256,Spain,1,1,2,112,Hibernating / Lost,3,398.36,0,605,0.6,71.7,1
15522,33,2,397.99,2011-09-13 12:26:00,2011-11-07 11:26:00,572,United Kingdom,4,2,2,422,New / Promising,2,199.0,54,88,8.3,495.51,0
13352,60,1,397.97999999999996,2011-10-10 13:55:00,2011-10-10 13:55:00,321,United Kingdom,3,1,2,312,Needs Attention,2,397.98,0,60,6.08,725.92,0
12508,26,2,397.88,2011-11-10 16:27:00,2011-11-13 15:37:00,271,France,4,2,2,422,New / Promising,2,198.94,2,30,24.33,1452.06,0
15037,376,2,397.76,2010-11-28 12:14:00,2010-11-28 13:05:00,298,United Kingdom,2,2,2,222,Hibernating / Lost,3,198.88,0,377,1.94,115.75,1
15280,172,3,397.52,2010-05-17 14:17:00,2011-06-20 17:14:00,507,United Kingdom,3,3,2,332,Loyal,3,132.51,399,571,1.92,76.33,0
15429,27,2,397.35,2011-09-25 13:42:00,2011-11-13 12:28:00,380,United Kingdom,4,2,2,422,New / Promising,2,198.68,48,75,9.73,579.95,0
17789,281,2,397.15,2010-02-16 13:16:00,2011-03-03 13:14:00,199,United Kingdom,2,3,2,232,At Risk,3,198.58,379,661,1.1,65.53,1
12824,60,1,397.12,2011-10-11 12:49:00,2011-10-11 12:49:00,232,United Kingdom,3,1,2,312,Needs Attention,2,397.12,0,60,6.08,724.35,0
17486,261,1,396.87,2011-03-23 14:00:00,2011-03-23 14:00:00,191,United Kingdom,2,2,2,222,Hibernating / Lost,3,396.87,0,261,1.4,166.69,1
15446,377,3,396.75,2009-12-13 13:53:00,2010-11-28 11:59:00,262,United Kingdom,2,3,2,232,At Risk,3,132.25,349,726,1.51,59.91,1
13597,400,2,396.71,2010-11-02 09:30:00,2010-11-04 14:54:00,231,United Kingdom,2,2,2,222,Hibernating / Lost,3,198.36,2,403,1.81,107.71,1
15883,2,2,396.48,2011-11-06 14:50:00,2011-12-07 17:05:00,223,United Kingdom,5,2,2,522,New / Promising,2,198.24,31,33,22.12,1315.52,0
18067,40,1,396.33,2011-10-30 15:58:00,2011-10-30 15:58:00,189,United Kingdom,4,2,2,422,New / Promising,2,396.33,0,40,9.12,1084.36,0
15577,151,5,396.03000000000003,2009-12-13 16:17:00,2011-07-11 17:03:00,120,United Kingdom,3,4,2,342,Loyal,1,79.21,575,726,2.51,59.65,0
13879,646,1,395.5,2010-03-04 10:49:00,2010-03-04 10:49:00,204,United Kingdom,1,1,2,112,Hibernating / Lost,3,395.5,0,646,0.57,67.63,1
13083,4,3,395.43,2010-10-10 13:38:00,2011-12-05 15:01:00,307,United Kingdom,5,3,2,532,Loyal,2,131.81,421,425,2.58,102.02,0
16538,541,3,395.07,2010-04-23 16:25:00,2010-06-16 16:59:00,254,United Kingdom,1,3,2,132,At Risk,3,131.69,54,595,1.84,72.69,1
18048,203,3,394.93,2010-08-03 13:03:00,2011-05-20 14:58:00,256,United Kingdom,2,3,2,232,At Risk,3,131.64,290,493,2.22,87.67,1
16207,25,1,394.38,2011-11-14 13:51:00,2011-11-14 13:51:00,140,United Kingdom,4,1,2,412,New / Promising,2,394.38,0,30,12.17,1439.88,0
15386,186,1,394.14,2011-06-06 13:47:00,2011-06-06 13:47:00,446,United Kingdom,3,1,2,312,Needs Attention,3,394.14,0,186,1.96,231.75,1
17300,391,2,393.64,2010-08-15 11:02:00,2010-11-14 10:56:00,467,United Kingdom,2,3,2,232,At Risk,3,196.82,90,482,1.51,89.16,1
15345,46,1,393.54,2011-10-25 11:28:00,2011-10-25 11:28:00,81,United Kingdom,4,1,2,412,New / Promising,2,393.54,0,46,7.93,936.23,0
15437,262,2,393.45,2010-03-09 10:45:00,2011-03-22 13:11:00,177,United Kingdom,2,2,2,222,Hibernating / Lost,3,196.72,378,641,1.14,67.28,1
17563,578,2,392.38,2010-04-07 10:02:00,2010-05-10 14:54:00,256,United Kingdom,1,3,2,132,At Risk,3,196.19,33,612,1.19,70.04,1
18110,20,2,392.28000000000003,2010-10-24 14:21:00,2011-11-20 12:34:00,169,United Kingdom,4,3,2,432,Loyal,2,196.14,391,411,1.78,104.74,0
16783,437,1,391.95,2010-09-29 11:53:00,2010-09-29 11:53:00,163,United Kingdom,1,2,2,122,Hibernating / Lost,3,391.95,0,437,0.84,98.77,1
15504,81,4,391.45,2010-02-12 12:34:00,2011-09-19 13:45:00,138,United Kingdom,3,3,2,332,Loyal,2,97.86,584,666,2.19,64.29,0
12419,386,2,391.01,2010-10-22 10:40:00,2010-11-19 10:04:00,227,Spain,2,2,2,222,Hibernating / Lost,3,195.5,27,414,1.76,103.22,1
14072,667,1,390.85,2010-02-11 12:31:00,2010-02-11 12:31:00,65,United Kingdom,1,1,2,112,Hibernating / Lost,3,390.85,0,667,0.55,64.49,1
14197,411,1,390.05,2010-10-25 10:01:00,2010-10-25 10:01:00,143,United Kingdom,1,1,2,112,Hibernating / Lost,3,390.05,0,411,0.89,104.14,1
18024,153,2,389.78,2011-07-10 12:28:00,2011-07-10 12:40:00,184,United Kingdom,3,3,2,332,Loyal,3,194.89,0,153,4.77,278.89,0
17116,648,1,389.78,2010-03-01 16:29:00,2010-03-01 16:29:00,392,United Kingdom,1,2,2,122,Hibernating / Lost,3,389.78,0,648,0.56,65.48,1
17379,11,1,389.71999999999997,2011-11-28 13:56:00,2011-11-28 13:56:00,623,United Kingdom,5,2,2,522,New / Promising,2,389.72,0,30,12.17,1422.87,0
14752,44,1,389.64,2011-10-27 11:55:00,2011-10-27 11:55:00,260,United Kingdom,4,1,2,412,New / Promising,2,389.64,0,44,8.3,970.2,0
13345,288,1,389.5,2011-02-25 09:01:00,2011-02-25 09:01:00,141,United Kingdom,2,1,2,212,Hibernating / Lost,3,389.5,0,288,1.27,148.4,1
17479,633,1,389.26000000000005,2010-03-17 09:26:00,2010-03-17 09:26:00,266,United Kingdom,1,2,2,122,Hibernating / Lost,3,389.26,0,633,0.58,67.73,1
17286,22,3,389.18,2010-11-04 13:43:00,2011-11-18 12:47:00,368,United Kingdom,4,3,2,432,Loyal,2,129.73,378,400,2.74,106.64,0
18227,218,2,388.75,2010-08-12 16:45:00,2011-05-06 12:23:00,22,United Kingdom,2,3,2,232,At Risk,3,194.38,266,484,1.51,88.05,1
15592,47,1,388.58,2011-10-24 08:59:00,2011-10-24 08:59:00,354,United Kingdom,4,1,2,412,New / Promising,2,388.58,0,47,7.77,905.78,0
13896,626,1,388.55,2010-03-24 08:55:00,2010-03-24 08:55:00,149,United Kingdom,1,1,2,112,Hibernating / Lost,3,388.55,0,626,0.58,67.61,1
13899,16,2,388.52,2011-03-10 09:30:00,2011-11-23 13:40:00,156,United Kingdom,5,2,2,522,New / Promising,2,194.26,258,275,2.65,154.44,0
17918,501,3,388.44,2010-07-22 14:20:00,2010-07-27 11:51:00,351,United Kingdom,1,3,2,132,At Risk,3,129.48,4,505,2.17,84.29,1
13673,19,2,387.44,2011-11-07 15:40:00,2011-11-21 12:11:00,114,United Kingdom,5,2,2,522,New / Promising,2,193.72,13,32,22.81,1325.63,0
16827,393,5,387.18,2010-04-29 19:07:00,2010-11-11 14:04:00,124,United Kingdom,2,4,2,242,Can't Lose Them,1,77.44,195,589,3.1,72.02,1
17771,57,4,386.93,2010-04-29 13:21:00,2011-10-14 11:43:00,369,United Kingdom,4,4,2,442,Champions,2,96.73,532,589,2.48,71.97,0
17595,12,2,386.69,2011-11-02 16:19:00,2011-11-27 16:08:00,228,United Kingdom,5,3,2,532,Loyal,2,193.34,24,37,19.73,1144.38,0
16148,296,2,386.62,2010-09-29 10:12:00,2011-02-16 14:01:00,250,United Kingdom,2,2,2,222,Hibernating / Lost,3,193.31,140,437,1.67,96.85,1
12579,78,1,386.42,2011-09-22 17:15:00,2011-09-22 17:15:00,282,France,3,1,2,312,Needs Attention,3,386.42,0,78,4.68,542.53,0
17614,57,1,386.32,2011-10-13 16:01:00,2011-10-13 16:01:00,235,United Kingdom,4,2,2,422,New / Promising,2,386.32,0,57,6.4,741.73,0
14779,281,3,386.15,2011-01-20 12:04:00,2011-03-04 12:42:00,84,United Kingdom,2,3,2,232,At Risk,3,128.72,43,324,3.38,130.52,1
13584,307,3,385.7,2010-02-02 08:40:00,2011-02-06 12:49:00,360,United Kingdom,2,3,2,232,At Risk,3,128.57,369,676,1.62,62.49,1
16492,541,1,385.56,2010-06-17 08:20:00,2010-06-17 08:20:00,235,United Kingdom,1,1,2,112,Hibernating / Lost,3,385.56,0,541,0.67,77.5,1
12973,414,1,385.55,2010-10-22 10:14:00,2010-10-22 10:14:00,31,United Kingdom,1,1,2,112,Hibernating / Lost,3,385.55,0,414,0.88,101.79,1
12889,381,4,385.46000000000004,2010-07-25 14:32:00,2010-11-23 16:08:00,124,United Kingdom,2,3,2,232,At Risk,3,96.36,121,502,2.91,84.12,1
12829,337,3,385.3,2010-06-07 15:04:00,2011-01-07 11:13:00,550,United Kingdom,2,3,2,232,At Risk,3,128.43,213,550,1.99,76.67,1
14826,582,2,385.2,2010-01-13 13:08:00,2010-05-07 09:00:00,152,United Kingdom,1,2,2,122,Hibernating / Lost,3,192.6,113,695,1.05,60.67,1
17617,559,1,385.19,2010-05-30 12:48:00,2010-05-30 12:48:00,249,United Kingdom,1,2,2,122,Hibernating / Lost,3,385.19,0,559,0.65,75.11,1
17711,11,2,385.1,2011-02-23 11:32:00,2011-11-29 11:40:00,246,United Kingdom,5,3,2,532,Loyal,2,192.55,279,290,2.52,145.57,0
12788,463,4,384.9,2010-06-29 13:05:00,2010-09-02 14:21:00,190,Netherlands,1,3,2,132,At Risk,3,96.22,65,528,2.77,79.96,1
17171,289,2,384.59,2010-02-16 12:02:00,2011-02-23 16:37:00,225,United Kingdom,2,3,2,232,At Risk,3,192.3,372,662,1.1,63.46,1
16868,394,3,384.56,2010-04-25 11:31:00,2010-11-10 13:17:00,112,United Kingdom,2,3,2,232,At Risk,3,128.19,199,594,1.84,70.76,1
16433,28,2,384.52,2010-10-27 12:26:00,2011-11-11 14:09:00,214,United Kingdom,4,2,2,422,New / Promising,2,192.26,380,409,1.78,102.67,0
12554,449,1,384.5,2010-09-17 12:29:00,2010-09-17 12:29:00,237,Spain,1,1,2,112,Hibernating / Lost,3,384.5,0,449,0.81,93.43,1
17357,24,2,384.39,2011-11-15 16:29:00,2011-11-15 16:30:00,152,United Kingdom,4,3,2,432,Loyal,2,192.2,0,30,24.33,1402.87,0
13966,435,1,384.26,2010-09-30 13:08:00,2010-09-30 13:08:00,760,United Kingdom,1,1,2,112,Hibernating / Lost,3,384.26,0,435,0.84,96.83,1
16982,61,1,384.06,2011-10-10 12:28:00,2011-10-10 12:28:00,182,United Kingdom,3,2,2,322,Needs Attention,2,384.06,0,61,5.98,689.0,0
14598,44,2,384.04,2010-05-19 13:07:00,2011-10-26 13:19:00,354,United Kingdom,4,2,2,422,New / Promising,2,192.02,525,569,1.28,73.74,0
15155,383,1,383.96999999999997,2010-11-21 12:59:00,2010-11-21 12:59:00,192,United Kingdom,2,1,2,212,Hibernating / Lost,3,383.97,0,383,0.95,109.43,1
13792,66,3,383.95,2010-10-13 11:05:00,2011-10-04 14:31:00,156,United Kingdom,3,3,2,332,Loyal,2,127.98,356,423,2.59,99.44,0
17804,376,3,383.78000000000003,2009-12-01 12:22:00,2010-11-28 14:01:00,194,United Kingdom,2,3,2,232,At Risk,3,127.93,362,739,1.48,56.8,1
15440,55,3,383.68,2011-05-15 11:30:00,2011-10-16 12:16:00,197,United Kingdom,4,3,2,432,Loyal,2,127.89,154,209,5.24,201.04,0
12376,390,2,383.15,2010-10-18 08:42:00,2010-11-15 12:15:00,237,Switzerland,2,2,2,222,Hibernating / Lost,3,191.58,28,418,1.75,100.58,1
12832,32,2,383.03,2011-09-02 13:48:00,2011-11-07 13:30:00,195,United Kingdom,4,2,2,422,New / Promising,2,191.52,65,98,7.45,428.05,0
17403,36,2,382.87,2010-09-15 12:29:00,2011-11-03 15:18:00,188,United Kingdom,4,3,2,432,Loyal,2,191.44,414,451,1.62,93.04,0
14767,474,1,382.81,2010-08-22 14:54:00,2010-08-22 14:54:00,117,United Kingdom,1,1,2,112,Hibernating / Lost,3,382.81,0,474,0.77,88.43,1
16988,5,2,382.67,2010-11-25 09:22:00,2011-12-04 16:02:00,158,United Kingdom,5,3,2,532,Loyal,2,191.34,374,380,1.92,110.21,0
13657,11,2,382.14,2011-05-22 12:35:00,2011-11-29 12:32:00,209,United Kingdom,5,2,2,522,New / Promising,2,191.07,190,202,3.61,206.93,0
12593,109,3,382.09999999999997,2011-05-05 09:29:00,2011-08-23 12:43:00,204,France,3,3,2,332,Loyal,3,127.37,110,219,5.0,191.06,0
17753,464,4,382.06,2010-01-06 14:20:00,2010-09-01 15:49:00,124,United Kingdom,1,4,2,142,Can't Lose Them,3,95.52,238,702,2.08,59.6,1
17250,4,2,381.97,2011-03-23 16:45:00,2011-12-06 12:15:00,167,United Kingdom,5,3,2,532,Loyal,2,190.98,257,261,2.8,160.42,0
14908,74,2,381.9,2010-09-02 16:39:00,2011-09-26 12:56:00,182,United Kingdom,3,2,2,322,Needs Attention,2,190.95,388,463,1.58,90.51,0
16304,695,1,381.66,2010-01-14 08:30:00,2010-01-14 08:30:00,228,United Kingdom,1,1,2,112,Hibernating / Lost,3,381.66,0,695,0.53,60.68,1
15090,308,1,381.32,2011-02-04 14:03:00,2011-02-04 14:03:00,208,United Kingdom,2,1,2,212,Hibernating / Lost,3,381.32,0,308,1.19,136.13,1
17393,411,2,381.15,2010-08-08 15:53:00,2010-10-25 11:10:00,238,United Kingdom,1,3,2,132,At Risk,3,190.58,77,488,1.5,85.76,1
17903,394,1,381.09000000000003,2010-11-10 15:39:00,2010-11-10 15:39:00,142,United Kingdom,2,2,2,222,Hibernating / Lost,3,381.09,0,394,0.93,106.32,1
15048,65,4,381.0,2010-12-06 12:15:00,2011-10-05 14:55:00,192,United Kingdom,3,3,2,332,Loyal,2,95.25,303,369,3.96,113.16,0
17573,29,3,380.6,2011-09-07 10:36:00,2011-11-10 13:01:00,308,United Kingdom,4,3,2,432,Loyal,2,126.87,64,94,11.65,443.41,0
17936,5,1,380.13,2011-12-04 13:32:00,2011-12-04 13:32:00,257,United Kingdom,5,2,2,522,New / Promising,2,380.13,0,30,12.17,1387.85,0
14731,47,3,380.02,2011-05-11 13:06:00,2011-10-23 15:54:00,256,United Kingdom,4,3,2,432,Loyal,2,126.67,165,212,5.17,196.47,0
16577,667,1,380.0,2010-02-11 09:45:00,2010-02-11 09:45:00,142,United Kingdom,1,1,2,112,Hibernating / Lost,3,380.0,0,667,0.55,62.7,1
16552,243,2,379.73,2010-12-01 12:36:00,2011-04-11 10:04:00,219,United Kingdom,2,2,2,222,Hibernating / Lost,3,189.86,130,374,1.95,111.07,1
14200,617,1,379.2,2010-04-01 13:01:00,2010-04-01 13:01:00,140,United Kingdom,1,1,2,112,Hibernating / Lost,3,379.2,0,617,0.59,67.12,1
16909,72,1,379.14,2011-09-28 16:45:00,2011-09-28 16:45:00,436,United Kingdom,3,2,2,322,Needs Attention,3,379.14,0,72,5.07,576.67,0
12445,22,2,378.98,2010-10-15 12:28:00,2011-11-17 18:43:00,204,Spain,4,2,2,422,New / Promising,2,189.49,398,421,1.73,98.35,0
16930,26,3,378.89,2011-10-02 14:25:00,2011-11-13 16:13:00,339,United Kingdom,4,3,2,432,Loyal,2,126.3,42,68,16.1,610.03,0
13372,90,1,378.64,2011-09-11 12:46:00,2011-09-11 12:46:00,159,United Kingdom,3,1,2,312,Needs Attention,3,378.64,0,90,4.06,461.18,0
12651,335,4,377.75,2010-08-31 15:21:00,2011-01-09 12:46:00,265,France,2,3,2,232,At Risk,3,94.44,130,465,3.14,88.96,1
12375,11,2,377.5,2011-09-02 14:23:00,2011-11-29 10:36:00,176,Finland,5,2,2,522,New / Promising,2,188.75,87,98,7.45,421.86,0
12941,724,1,377.49,2009-12-15 13:12:00,2009-12-15 13:12:00,381,United Kingdom,1,1,2,112,Hibernating / Lost,3,377.49,0,724,0.5,56.62,1
17736,9,3,377.44,2011-08-18 14:33:00,2011-11-30 15:36:00,238,United Kingdom,5,3,2,532,Loyal,2,125.81,104,113,9.69,365.73,0
17783,72,3,376.96,2010-07-15 12:50:00,2011-09-28 16:07:00,438,United Kingdom,3,3,2,332,Loyal,2,125.65,440,513,2.13,80.29,0
17717,421,1,376.92,2010-10-14 12:54:00,2010-10-14 12:54:00,344,United Kingdom,1,2,2,122,Hibernating / Lost,3,376.92,0,421,0.87,98.38,1
16544,520,4,376.70000000000005,2010-02-15 13:20:00,2010-07-08 11:11:00,150,United Kingdom,1,4,2,142,Can't Lose Them,3,94.18,142,662,2.21,62.44,1
17489,59,2,376.64,2011-05-11 11:34:00,2011-10-12 08:56:00,428,United Kingdom,4,3,2,432,Loyal,2,188.32,153,213,3.43,193.78,0
14353,215,3,376.5,2010-10-04 12:38:00,2011-05-08 16:06:00,344,United Kingdom,2,3,2,232,At Risk,3,125.5,216,432,2.53,95.25,1
13997,519,3,376.46,2010-06-07 17:33:00,2010-07-08 18:06:00,143,United Kingdom,1,3,2,132,At Risk,3,125.49,31,550,1.99,74.92,1
14531,480,1,376.34,2010-08-17 10:16:00,2010-08-17 10:16:00,260,United Kingdom,1,1,2,112,Hibernating / Lost,3,376.34,0,480,0.76,85.81,1
17078,36,2,375.86,2011-11-03 18:49:00,2011-11-03 19:17:00,782,United Kingdom,4,3,2,432,Loyal,2,187.93,0,36,20.28,1143.37,0
13688,635,1,375.5,2010-03-14 14:11:00,2010-03-14 14:11:00,130,United Kingdom,1,1,2,112,Hibernating / Lost,3,375.5,0,635,0.57,64.21,1
14448,9,2,375.35,2010-12-10 17:26:00,2011-11-30 13:50:00,104,United Kingdom,5,2,2,522,New / Promising,2,187.68,354,364,2.01,113.17,0
14294,407,1,375.34,2010-10-28 16:25:00,2010-10-28 16:25:00,190,United Kingdom,2,1,2,212,Hibernating / Lost,3,375.34,0,407,0.9,101.34,1
14079,125,1,375.1,2011-08-07 12:10:00,2011-08-07 12:10:00,301,United Kingdom,3,1,2,312,Needs Attention,3,375.1,0,125,2.92,328.59,0
14067,64,2,374.7,2011-09-04 12:00:00,2011-10-07 10:21:00,361,United Kingdom,3,2,2,322,Needs Attention,2,187.35,32,97,7.53,423.22,0
17568,633,1,374.45,2010-03-16 16:45:00,2010-03-16 16:45:00,275,United Kingdom,1,2,2,122,Hibernating / Lost,3,374.45,0,633,0.58,65.15,1
14736,485,2,374.05,2010-08-11 15:13:00,2010-08-11 15:21:00,148,United Kingdom,1,2,2,122,Hibernating / Lost,3,187.02,0,485,1.51,84.72,1
13351,66,1,373.94,2011-10-04 12:55:00,2011-10-04 12:55:00,117,United Kingdom,3,1,2,312,Needs Attention,3,373.94,0,66,5.53,620.37,0
13283,60,4,373.36,2010-03-09 14:36:00,2011-10-11 09:50:00,204,United Kingdom,3,3,2,332,Loyal,2,93.34,580,640,2.28,63.84,0
15337,411,1,373.02,2010-10-24 15:29:00,2010-10-24 15:29:00,200,United Kingdom,1,1,2,112,Hibernating / Lost,3,373.02,0,411,0.89,99.6,1
13197,610,1,373.01000000000005,2010-04-09 09:14:00,2010-04-09 09:14:00,204,United Kingdom,1,1,2,112,Hibernating / Lost,3,373.01,0,610,0.6,67.14,1
14981,246,2,372.92,2010-10-12 11:04:00,2011-04-07 13:45:00,241,United Kingdom,2,2,2,222,Hibernating / Lost,3,186.46,177,424,1.72,96.21,1
12895,42,2,372.8,2011-09-14 08:35:00,2011-10-28 13:51:00,210,United Kingdom,4,2,2,422,New / Promising,2,186.4,44,87,8.39,469.17,0
12981,30,2,372.21999999999997,2011-07-29 14:14:00,2011-11-10 12:00:00,242,United Kingdom,4,2,2,422,New / Promising,2,186.11,103,133,5.49,306.52,0
13164,569,2,372.2,2010-02-10 11:52:00,2010-05-19 13:52:00,120,United Kingdom,1,2,2,122,Hibernating / Lost,3,186.1,98,668,1.09,60.85,1
17245,205,2,371.63,2010-01-19 15:39:00,2011-05-19 10:43:00,307,United Kingdom,2,3,2,232,At Risk,3,185.82,484,689,1.06,59.09,1
18155,75,3,371.62,2011-02-21 10:36:00,2011-09-25 13:32:00,266,United Kingdom,3,3,2,332,Loyal,2,123.87,216,292,3.75,139.35,0
17912,310,6,371.6,2010-11-29 13:53:00,2011-02-02 14:25:00,210,United Kingdom,2,4,2,242,Can't Lose Them,1,61.93,65,375,5.84,108.5,1
15472,113,1,371.56,2011-08-18 15:17:00,2011-08-18 15:17:00,251,United Kingdom,3,1,2,312,Needs Attention,3,371.56,0,113,3.23,360.04,0
18162,732,1,371.51,2009-12-07 13:24:00,2009-12-07 13:24:00,332,United Kingdom,1,2,2,122,Hibernating / Lost,3,371.51,0,732,0.5,55.73,1
14950,19,1,371.2,2011-11-20 13:48:00,2011-11-20 13:48:00,136,United Kingdom,5,1,2,512,New / Promising,2,371.2,0,30,12.17,1355.25,0
15975,84,1,371.01,2011-09-16 13:33:00,2011-09-16 13:33:00,243,United Kingdom,3,1,2,312,Needs Attention,3,371.01,0,84,4.35,484.17,0
15063,213,1,370.79999999999995,2011-05-10 13:25:00,2011-05-10 13:25:00,56,United Kingdom,2,1,2,212,Hibernating / Lost,3,370.8,0,213,1.71,190.22,1
15765,667,1,370.63,2010-02-11 10:25:00,2010-02-11 10:25:00,335,United Kingdom,1,1,2,112,Hibernating / Lost,3,370.63,0,667,0.55,61.15,1
14168,421,2,370.45,2010-05-24 12:28:00,2010-10-15 10:49:00,147,United Kingdom,1,2,2,122,Hibernating / Lost,3,185.22,143,565,1.29,71.68,1
15458,25,2,370.43999999999994,2010-11-02 19:50:00,2011-11-14 13:08:00,300,United Kingdom,4,2,2,422,New / Promising,2,185.22,376,402,1.82,101.13,0
17437,530,1,369.68,2010-06-28 11:11:00,2010-06-28 11:11:00,283,United Kingdom,1,2,2,122,Hibernating / Lost,3,369.68,0,530,0.69,76.52,1
15922,373,1,369.5,2010-12-01 13:51:00,2010-12-01 13:51:00,138,United Kingdom,2,1,2,212,Hibernating / Lost,3,369.5,0,373,0.98,108.63,1
16758,65,1,369.34000000000003,2011-10-05 14:47:00,2011-10-05 14:47:00,203,United Kingdom,3,2,2,322,Needs Attention,3,369.34,0,65,5.62,622.71,0
14888,207,1,369.2,2011-05-16 14:58:00,2011-05-16 14:58:00,184,United Kingdom,2,1,2,212,Hibernating / Lost,3,369.2,0,207,1.76,194.94,1
14172,605,3,369.02,2010-03-07 10:58:00,2010-04-13 13:26:00,78,United Kingdom,1,3,2,132,At Risk,3,123.01,37,643,1.7,62.74,1
15477,650,1,368.4,2010-02-28 10:37:00,2010-02-28 10:37:00,216,United Kingdom,1,1,2,112,Hibernating / Lost,3,368.4,0,650,0.56,61.89,1
17792,467,2,368.35,2010-08-18 13:08:00,2010-08-29 14:30:00,149,United Kingdom,1,3,2,132,At Risk,3,184.18,11,478,1.53,84.54,1
15989,376,2,368.31,2009-12-02 15:51:00,2010-11-29 12:03:00,169,United Kingdom,2,2,2,222,Hibernating / Lost,3,184.16,361,737,0.99,54.7,1
14706,619,1,367.54,2010-03-31 11:09:00,2010-03-31 11:09:00,246,United Kingdom,1,1,2,112,Hibernating / Lost,3,367.54,0,619,0.59,65.05,1
14018,645,1,367.15000000000003,2010-03-04 14:23:00,2010-03-04 14:23:00,224,United Kingdom,1,1,2,112,Hibernating / Lost,3,367.15,0,645,0.57,62.78,1
14962,271,4,366.91,2010-05-04 14:57:00,2011-03-14 09:42:00,123,United Kingdom,2,3,2,232,At Risk,3,91.73,313,584,2.5,68.8,1
14244,661,1,366.41999999999996,2010-02-17 11:40:00,2010-02-17 11:40:00,814,United Kingdom,1,1,2,112,Hibernating / Lost,3,366.42,0,661,0.55,60.46,1
12899,414,1,366.4,2010-10-22 09:53:00,2010-10-22 09:53:00,108,United Kingdom,1,1,2,112,Hibernating / Lost,3,366.4,0,414,0.88,96.73,1
17911,9,1,366.23,2011-11-30 14:52:00,2011-11-30 14:52:00,223,United Kingdom,5,2,2,522,New / Promising,2,366.23,0,30,12.17,1337.11,0
16974,523,2,365.5,2010-05-24 10:43:00,2010-07-05 10:18:00,70,United Kingdom,1,3,2,132,At Risk,3,182.75,41,565,1.29,70.72,1
12448,44,1,365.45,2011-10-26 13:46:00,2011-10-26 13:46:00,240,Spain,4,1,2,412,New / Promising,2,365.45,0,44,8.3,909.97,0
12443,732,1,365.31,2009-12-07 15:42:00,2009-12-07 15:42:00,179,Norway,1,1,2,112,Hibernating / Lost,3,365.31,0,732,0.5,54.8,1
15029,620,1,365.1,2010-03-30 12:16:00,2010-03-30 12:16:00,234,United Kingdom,1,1,2,112,Hibernating / Lost,3,365.1,0,620,0.59,64.62,1
13545,391,2,364.93,2010-06-13 11:49:00,2010-11-14 11:27:00,252,United Kingdom,2,2,2,222,Hibernating / Lost,3,182.46,153,545,1.34,73.35,1
17536,177,3,364.83,2010-01-26 12:00:00,2011-06-15 13:23:00,201,United Kingdom,3,3,2,332,Loyal,3,121.61,505,683,1.6,58.37,0
14886,253,1,364.8,2011-04-01 08:56:00,2011-04-01 08:56:00,160,United Kingdom,2,1,2,212,Hibernating / Lost,3,364.8,0,253,1.44,157.59,1
15949,17,2,364.72,2011-09-29 17:34:00,2011-11-23 09:09:00,284,United Kingdom,5,2,2,522,New / Promising,2,182.36,54,71,10.28,562.4,0
15343,87,1,364.5,2011-09-13 13:55:00,2011-09-13 13:55:00,84,United Kingdom,3,1,2,312,Needs Attention,3,364.5,0,87,4.2,459.27,0
15915,402,1,364.24,2010-11-03 11:13:00,2010-11-03 11:13:00,413,United Kingdom,2,1,2,212,Hibernating / Lost,3,364.24,0,402,0.91,99.44,1
14528,37,1,364.21999999999997,2011-11-02 17:09:00,2011-11-02 17:09:00,278,United Kingdom,4,1,2,412,New / Promising,2,364.22,0,37,9.86,1077.36,0
16509,297,1,363.7,2011-02-16 09:25:00,2011-02-16 09:25:00,64,United Kingdom,2,1,2,212,Hibernating / Lost,3,363.7,0,297,1.23,134.21,1
14253,493,2,363.40000000000003,2010-03-26 15:08:00,2010-08-03 14:55:00,88,United Kingdom,1,2,2,122,Hibernating / Lost,3,181.7,129,623,1.17,63.78,1
14594,7,2,363.33,2010-12-01 13:54:00,2011-12-02 13:28:00,183,United Kingdom,5,2,2,522,New / Promising,2,181.66,365,373,1.96,106.82,0
16078,284,2,362.99,2010-02-08 13:29:00,2011-03-01 09:47:00,200,United Kingdom,2,2,2,222,Hibernating / Lost,3,181.5,385,669,1.09,59.35,1
16378,247,3,362.95,2011-02-02 12:42:00,2011-04-06 15:07:00,267,United Kingdom,2,3,2,232,At Risk,3,120.98,63,311,3.52,127.75,1
13962,22,3,362.8,2010-09-30 10:35:00,2011-11-18 08:47:00,160,United Kingdom,4,3,2,432,Loyal,2,120.93,413,436,2.51,91.06,0
14840,268,2,362.71,2010-06-18 15:42:00,2011-03-17 12:00:00,179,United Kingdom,2,2,2,222,Hibernating / Lost,3,181.36,271,539,1.35,73.45,1
14122,406,3,362.42,2009-12-02 14:22:00,2010-10-29 15:11:00,114,United Kingdom,2,3,2,232,At Risk,3,120.81,331,737,1.49,54.0,1
16052,54,1,362.06,2011-10-16 15:13:00,2011-10-16 15:13:00,282,United Kingdom,4,1,2,412,New / Promising,2,362.06,0,54,6.76,734.26,0
13844,11,1,361.62,2011-11-28 13:21:00,2011-11-28 13:21:00,196,United Kingdom,5,1,2,512,New / Promising,2,361.62,0,30,12.17,1320.27,0
16305,139,1,361.21999999999997,2011-07-24 12:18:00,2011-07-24 12:18:00,256,United Kingdom,3,1,2,312,Needs Attention,3,361.22,0,139,2.63,285.0,0
16448,198,2,361.12,2010-08-25 16:58:00,2011-05-25 16:28:00,176,United Kingdom,2,2,2,222,Hibernating / Lost,3,180.56,272,471,1.55,83.96,1
18091,593,1,360.85,2010-04-25 13:18:00,2010-04-25 13:18:00,539,United Kingdom,1,2,2,122,Hibernating / Lost,3,360.85,0,593,0.62,67.12,1
13274,409,1,360.85,2010-10-26 13:48:00,2010-10-26 13:48:00,199,United Kingdom,2,1,2,212,Hibernating / Lost,3,360.85,0,409,0.89,96.35,1
17772,11,3,360.75,2010-11-12 11:31:00,2011-11-29 11:05:00,113,United Kingdom,5,3,2,532,Loyal,2,120.25,381,393,2.79,100.65,0
17012,725,1,360.61,2009-12-14 17:34:00,2009-12-14 17:34:00,251,United Kingdom,1,2,2,122,Hibernating / Lost,3,360.61,0,725,0.5,54.09,1
18208,566,1,360.08,2010-05-23 11:54:00,2010-05-23 11:54:00,82,United Kingdom,1,2,2,122,Hibernating / Lost,3,360.08,0,566,0.64,69.14,1
12634,548,1,360.0,2010-06-09 15:41:00,2010-06-09 15:41:00,336,USA,1,1,2,112,Hibernating / Lost,3,360.0,0,548,0.67,72.36,1
15008,480,2,360.0,2010-03-12 11:13:00,2010-08-16 13:09:00,1500,United Kingdom,1,2,2,122,Hibernating / Lost,3,180.0,157,638,1.14,61.56,1
13298,1,1,360.0,2011-12-08 13:11:00,2011-12-08 13:11:00,96,United Kingdom,5,1,2,512,New / Promising,2,360.0,0,30,12.17,1314.36,0
13181,381,1,359.69,2010-11-23 15:05:00,2010-11-23 15:05:00,171,United Kingdom,2,1,2,212,Hibernating / Lost,3,359.69,0,381,0.96,103.59,1
17945,697,3,359.5,2010-01-12 11:33:00,2010-01-12 11:40:00,243,United Kingdom,1,3,2,132,At Risk,3,119.83,0,697,1.57,56.44,1
14926,382,2,359.4,2010-04-20 09:59:00,2010-11-23 07:13:00,204,United Kingdom,2,2,2,222,Hibernating / Lost,3,179.7,216,599,1.22,65.77,1
14919,539,1,359.35,2010-06-18 13:06:00,2010-06-18 13:06:00,129,United Kingdom,1,1,2,112,Hibernating / Lost,3,359.35,0,539,0.68,73.31,1
12677,555,2,359.1,2010-02-11 13:55:00,2010-06-02 14:30:00,174,France,1,2,2,122,Hibernating / Lost,3,179.55,111,666,1.1,59.25,1
15120,134,1,358.82,2011-07-29 09:48:00,2011-07-29 09:48:00,296,United Kingdom,3,1,2,312,Needs Attention,3,358.82,0,134,2.72,292.8,0
17948,147,1,358.56000000000006,2011-07-15 12:58:00,2011-07-15 12:58:00,144,United Kingdom,3,2,2,322,Needs Attention,3,358.56,0,147,2.48,266.77,0
16856,15,3,358.49,2010-09-23 13:11:00,2011-11-25 08:59:00,171,United Kingdom,5,3,2,532,Loyal,2,119.5,427,442,2.48,88.91,0
17748,527,1,358.15,2010-06-30 13:49:00,2010-06-30 13:49:00,111,United Kingdom,1,2,2,122,Hibernating / Lost,3,358.15,0,527,0.69,74.14,1
13228,81,1,358.0,2011-09-19 14:28:00,2011-09-19 14:28:00,200,United Kingdom,3,1,2,312,Needs Attention,3,358.0,0,81,4.51,484.37,0
12499,560,1,357.72,2010-05-28 15:12:00,2010-05-28 15:12:00,300,Germany,1,1,2,112,Hibernating / Lost,3,357.72,0,560,0.65,69.76,1
16606,404,2,357.66,2010-10-01 13:21:00,2010-10-31 13:57:00,148,United Kingdom,2,2,2,222,Hibernating / Lost,3,178.83,30,434,1.68,90.13,1
15595,488,1,357.6,2010-08-09 12:27:00,2010-08-09 12:27:00,144,United Kingdom,1,1,2,112,Hibernating / Lost,3,357.6,0,488,0.75,80.46,1
16971,38,1,357.21,2011-11-01 15:06:00,2011-11-01 15:06:00,72,United Kingdom,4,2,2,422,New / Promising,2,357.21,0,38,9.61,1029.84,0
18040,19,2,357.20000000000005,2011-04-08 08:27:00,2011-11-20 14:20:00,148,United Kingdom,5,3,2,532,Loyal,2,178.6,226,246,2.97,159.13,0
18273,2,4,357.0,2010-04-28 12:24:00,2011-12-07 13:16:00,140,United Kingdom,5,4,2,542,Champions,2,89.25,588,591,2.47,66.13,0
14500,88,3,356.85,2011-06-03 10:08:00,2011-09-12 16:45:00,117,United Kingdom,3,3,2,332,Loyal,2,118.95,101,190,5.76,205.55,0
17200,387,4,356.71,2010-02-25 13:23:00,2010-11-17 13:04:00,367,United Kingdom,2,4,2,242,Can't Lose Them,3,89.18,264,652,2.24,59.93,1
15840,59,2,355.56,2011-06-20 11:42:00,2011-10-12 09:08:00,396,United Kingdom,4,2,2,422,New / Promising,2,177.78,113,173,4.22,225.07,0
12996,376,1,355.5,2010-11-29 09:27:00,2010-11-29 09:27:00,122,United Kingdom,2,1,2,212,Hibernating / Lost,3,355.5,0,376,0.97,103.45,1
16920,411,1,355.45,2010-10-24 14:07:00,2010-10-24 14:07:00,81,United Kingdom,1,2,2,122,Hibernating / Lost,3,355.45,0,411,0.89,94.91,1
15863,26,5,355.1,2009-12-17 10:20:00,2011-11-14 12:49:00,162,United Kingdom,4,4,2,442,Champions,2,71.02,697,723,2.52,53.69,0
14268,471,1,354.85,2010-08-26 10:45:00,2010-08-26 10:45:00,147,United Kingdom,1,1,2,112,Hibernating / Lost,3,354.85,0,471,0.77,81.97,1
15986,30,2,354.42,2010-11-23 10:02:00,2011-11-09 15:17:00,368,United Kingdom,4,2,2,422,New / Promising,2,177.21,351,382,1.91,101.54,0
12888,214,2,354.12,2011-03-29 14:31:00,2011-05-09 16:02:00,76,United Kingdom,2,2,2,222,Hibernating / Lost,3,177.06,41,255,2.86,151.92,1
12845,267,4,354.09,2011-02-22 14:10:00,2011-03-17 13:34:00,204,United Kingdom,2,3,2,232,At Risk,3,88.52,22,290,5.03,133.58,1
16323,196,2,353.66,2010-05-11 09:48:00,2011-05-27 14:48:00,146,United Kingdom,2,2,2,222,Hibernating / Lost,3,176.83,381,578,1.26,66.84,1
18003,376,1,353.51,2010-11-28 15:09:00,2010-11-28 15:09:00,297,United Kingdom,2,2,2,222,Hibernating / Lost,3,353.51,0,376,0.97,102.87,1
13210,94,1,353.48,2011-09-07 08:18:00,2011-09-07 08:18:00,316,United Kingdom,3,1,2,312,Needs Attention,3,353.48,0,94,3.88,411.45,0
13343,178,1,353.43,2011-06-15 12:24:00,2011-06-15 12:24:00,135,United Kingdom,3,1,2,312,Needs Attention,3,353.43,0,178,2.05,217.36,0
14804,9,1,353.27,2011-12-01 11:20:00,2011-12-01 11:20:00,121,United Kingdom,5,1,2,512,New / Promising,2,353.27,0,30,12.17,1289.79,0
16382,408,2,353.1,2010-06-07 12:42:00,2010-10-27 16:23:00,167,United Kingdom,2,2,2,222,Hibernating / Lost,3,176.55,142,551,1.32,69.91,1
16690,72,4,353.03,2010-09-14 15:00:00,2011-09-28 15:02:00,209,United Kingdom,3,4,2,342,Loyal,2,88.26,379,451,3.24,85.79,0
12617,29,1,352.98,2011-11-10 14:39:00,2011-11-10 14:39:00,210,France,4,1,2,412,New / Promising,2,352.98,0,30,12.17,1288.73,0
13765,653,1,352.82,2010-02-24 13:46:00,2010-02-24 13:46:00,296,United Kingdom,1,1,2,112,Hibernating / Lost,3,352.82,0,653,0.56,59.27,1
16857,443,1,352.8,2010-09-23 10:49:00,2010-09-23 10:49:00,168,United Kingdom,1,2,2,122,Hibernating / Lost,3,352.8,0,443,0.82,86.79,1
16192,736,1,351.3,2009-12-04 12:28:00,2009-12-04 12:28:00,208,United Kingdom,1,1,2,112,Hibernating / Lost,3,351.3,0,736,0.5,52.7,1
13923,54,1,351.13,2011-10-17 12:33:00,2011-10-17 12:33:00,185,United Kingdom,4,1,2,412,New / Promising,2,351.13,0,54,6.76,712.09,0
12796,628,1,351.0,2010-03-21 15:49:00,2010-03-21 15:49:00,180,Netherlands,1,1,2,112,Hibernating / Lost,3,351.0,0,628,0.58,61.07,1
14252,381,1,350.99,2010-11-23 13:36:00,2010-11-23 13:36:00,111,United Kingdom,2,1,2,212,Hibernating / Lost,3,350.99,0,381,0.96,101.09,1
13332,14,1,350.9,2011-11-25 13:30:00,2011-11-25 13:30:00,179,United Kingdom,5,1,2,512,New / Promising,2,350.9,0,30,12.17,1281.14,0
13281,439,1,350.85,2010-09-26 16:03:00,2010-09-26 16:03:00,201,United Kingdom,1,1,2,112,Hibernating / Lost,3,350.85,0,439,0.83,87.36,1
16476,432,1,350.35,2010-10-04 10:29:00,2010-10-04 10:29:00,187,United Kingdom,1,1,2,112,Hibernating / Lost,3,350.35,0,432,0.84,88.29,1
12498,21,3,349.70000000000005,2011-10-13 09:30:00,2011-11-18 12:53:00,156,Germany,4,3,2,432,Loyal,2,116.57,36,58,18.88,660.25,0
13670,75,1,349.7,2011-09-25 15:25:00,2011-09-25 15:25:00,282,United Kingdom,3,1,2,312,Needs Attention,3,349.7,0,75,4.87,510.91,0
13887,204,1,349.55,2011-05-19 17:22:00,2011-05-19 17:22:00,147,United Kingdom,2,1,2,212,Hibernating / Lost,3,349.55,0,204,1.79,187.71,1
18250,310,1,349.27,2011-02-02 13:16:00,2011-02-02 13:16:00,199,United Kingdom,2,2,2,222,Hibernating / Lost,3,349.27,0,310,1.18,123.64,1
14545,674,1,349.25,2010-02-03 15:23:00,2010-02-03 15:23:00,236,United Kingdom,1,1,2,112,Hibernating / Lost,3,349.25,0,674,0.54,56.58,1
17252,117,2,348.91,2011-06-06 16:41:00,2011-08-15 09:45:00,192,United Kingdom,3,3,2,332,Loyal,3,174.46,69,186,3.92,205.16,0
13790,4,1,348.8,2011-12-05 15:48:00,2011-12-05 15:48:00,748,United Kingdom,5,1,2,512,New / Promising,2,348.8,0,30,12.17,1273.47,0
17577,645,2,348.75,2010-02-09 10:10:00,2010-03-04 13:01:00,179,United Kingdom,1,3,2,132,At Risk,3,174.38,23,669,1.09,57.02,1
15282,570,1,348.59,2010-05-18 16:27:00,2010-05-18 16:27:00,395,United Kingdom,1,1,2,112,Hibernating / Lost,3,348.59,0,570,0.64,66.93,1
12452,17,1,348.57,2011-11-23 08:05:00,2011-11-23 08:05:00,181,Switzerland,5,1,2,512,New / Promising,2,348.57,0,30,12.17,1272.63,0
16263,423,1,348.16,2010-10-12 14:52:00,2010-10-12 14:52:00,197,United Kingdom,1,1,2,112,Hibernating / Lost,3,348.16,0,423,0.86,89.83,1
15334,157,3,347.87,2011-06-19 13:51:00,2011-07-06 11:22:00,272,United Kingdom,3,3,2,332,Loyal,3,115.96,16,173,6.33,220.21,0
17668,1,2,347.75,2011-11-01 14:45:00,2011-12-08 13:25:00,93,United Kingdom,5,3,2,532,Loyal,2,173.88,36,38,19.21,1002.07,0
15085,730,1,347.54,2009-12-10 11:47:00,2009-12-10 11:47:00,169,United Kingdom,1,1,2,112,Hibernating / Lost,3,347.54,0,730,0.5,52.13,1
13062,191,1,346.98,2011-06-01 15:12:00,2011-06-01 15:12:00,343,United Kingdom,2,1,2,212,Hibernating / Lost,3,346.98,0,191,1.91,198.82,1
12411,410,1,346.9,2010-10-26 09:25:00,2010-10-26 09:25:00,138,Australia,1,1,2,112,Hibernating / Lost,3,346.9,0,410,0.89,92.62,1
17780,667,3,346.56,2010-01-24 11:21:00,2010-02-10 13:43:00,156,United Kingdom,1,3,2,132,At Risk,3,115.52,17,685,1.6,55.45,1
13234,673,2,346.5,2009-12-07 12:32:00,2010-02-05 11:41:00,159,United Kingdom,1,2,2,122,Hibernating / Lost,3,173.25,59,733,1.0,51.98,1
16423,25,1,346.12,2011-11-15 09:21:00,2011-11-15 09:21:00,230,United Kingdom,4,1,2,412,New / Promising,2,346.12,0,30,12.17,1263.68,0
15781,25,3,345.46,2011-02-07 09:15:00,2011-11-14 14:57:00,180,United Kingdom,4,3,2,432,Loyal,2,115.15,280,306,3.58,123.67,0
13774,82,1,345.0,2011-09-19 12:06:00,2011-09-19 12:06:00,192,United Kingdom,3,1,2,312,Needs Attention,3,345.0,0,82,4.45,460.58,0
14633,266,1,344.90000000000003,2011-03-18 17:07:00,2011-03-18 17:07:00,96,United Kingdom,2,1,2,212,Hibernating / Lost,3,344.9,0,266,1.37,141.75,1
18199,684,1,344.75,2010-01-25 11:32:00,2010-01-25 11:32:00,99,United Kingdom,1,2,2,122,Hibernating / Lost,3,344.75,0,684,0.53,54.82,1
15519,383,2,344.61,2010-09-19 13:57:00,2010-11-21 14:35:00,116,United Kingdom,2,2,2,222,Hibernating / Lost,3,172.3,63,446,1.64,84.77,1
17569,332,1,344.14,2011-01-11 14:15:00,2011-01-11 14:15:00,159,United Kingdom,2,2,2,222,Hibernating / Lost,3,344.14,0,332,1.1,113.57,1
16990,219,2,344.0,2010-10-13 11:42:00,2011-05-05 08:30:00,200,United Kingdom,2,3,2,232,At Risk,3,172.0,203,423,1.73,89.27,1
13068,10,2,344.0,2011-01-24 08:20:00,2011-11-29 15:00:00,200,United Kingdom,5,2,2,522,New / Promising,2,172.0,309,320,2.28,117.65,0
15047,270,1,343.62,2011-03-15 10:49:00,2011-03-15 10:49:00,222,United Kingdom,2,1,2,212,Hibernating / Lost,3,343.62,0,270,1.35,139.17,1
15520,2,1,343.5,2011-12-08 10:58:00,2011-12-08 10:58:00,314,United Kingdom,5,1,2,512,New / Promising,2,343.5,0,30,12.17,1254.12,0
18081,36,3,343.45,2011-07-29 11:56:00,2011-11-03 16:30:00,195,United Kingdom,4,3,2,432,Loyal,2,114.48,97,134,8.17,280.59,0
17810,669,2,343.21,2010-01-25 10:26:00,2010-02-09 10:47:00,117,United Kingdom,1,3,2,132,At Risk,3,171.6,15,684,1.07,55.08,1
13519,78,2,343.21,2010-09-23 11:45:00,2011-09-22 18:24:00,133,United Kingdom,3,2,2,322,Needs Attention,2,171.6,364,443,1.65,84.94,0
17795,180,2,342.83,2011-03-20 12:02:00,2011-06-13 12:36:00,305,United Kingdom,3,3,2,332,Loyal,3,171.42,85,265,2.75,141.42,0
13550,383,1,342.55,2010-11-21 15:24:00,2010-11-21 15:24:00,430,United Kingdom,2,1,2,212,Hibernating / Lost,3,342.55,0,383,0.95,97.63,1
16851,4,3,342.45,2011-10-19 09:48:00,2011-12-05 13:32:00,271,United Kingdom,5,3,2,532,Loyal,2,114.15,47,52,21.06,721.2,0
14989,662,1,342.4,2010-02-16 10:40:00,2010-02-16 10:40:00,200,United Kingdom,1,1,2,112,Hibernating / Lost,3,342.4,0,662,0.55,56.5,1
17835,3,3,342.24,2011-11-16 16:30:00,2011-12-07 11:48:00,344,United Kingdom,5,3,2,532,Loyal,2,114.08,20,30,36.5,1249.18,0
17660,141,2,342.22,2009-12-02 16:02:00,2011-07-21 13:37:00,259,United Kingdom,3,3,2,332,Loyal,3,171.11,595,737,0.99,50.82,0
14724,590,1,341.9,2010-04-28 13:26:00,2010-04-28 13:26:00,184,United Kingdom,1,1,2,112,Hibernating / Lost,3,341.9,0,590,0.62,63.59,1
16826,51,1,341.7,2011-10-19 14:05:00,2011-10-19 14:05:00,158,United Kingdom,4,2,2,422,New / Promising,2,341.7,0,51,7.16,733.97,0
16585,594,2,341.59,2010-01-13 13:31:00,2010-04-25 10:34:00,151,United Kingdom,1,2,2,122,Hibernating / Lost,3,170.8,101,695,1.05,53.8,1
13347,70,1,341.36,2011-09-30 13:28:00,2011-09-30 13:28:00,205,United Kingdom,3,1,2,312,Needs Attention,3,341.36,0,70,5.21,533.55,0
16259,410,3,340.94,2010-04-13 16:57:00,2010-10-25 14:27:00,143,United Kingdom,1,3,2,132,At Risk,3,113.65,194,605,1.81,61.71,1
14491,175,2,340.93,2010-12-02 12:10:00,2011-06-17 15:22:00,139,United Kingdom,3,2,2,322,Needs Attention,3,170.46,197,373,1.96,100.23,0
17542,270,3,340.85,2010-03-08 12:08:00,2011-03-15 11:45:00,323,United Kingdom,2,3,2,232,At Risk,3,113.62,371,642,1.71,58.29,1
16044,435,1,340.84000000000003,2010-09-30 18:12:00,2010-09-30 18:12:00,170,United Kingdom,1,1,2,112,Hibernating / Lost,3,340.84,0,435,0.84,85.89,1
15818,588,1,340.5,2010-04-30 12:58:00,2010-04-30 12:58:00,284,United Kingdom,1,1,2,112,Hibernating / Lost,3,340.5,0,588,0.62,63.33,1
12900,422,1,340.33,2010-10-13 15:17:00,2010-10-13 15:17:00,139,United Kingdom,1,1,2,112,Hibernating / Lost,3,340.33,0,422,0.86,87.81,1
13737,200,1,339.59999999999997,2011-05-23 16:32:00,2011-05-23 16:32:00,125,United Kingdom,2,1,2,212,Hibernating / Lost,3,339.6,0,200,1.83,186.44,1
14203,397,1,339.34,2010-11-07 13:35:00,2010-11-07 13:35:00,80,United Kingdom,2,1,2,212,Hibernating / Lost,3,339.34,0,397,0.92,93.66,1
17697,236,1,338.95,2011-04-17 15:40:00,2011-04-17 15:40:00,93,United Kingdom,2,2,2,222,Hibernating / Lost,3,338.95,0,236,1.55,157.61,1
14630,484,1,338.65,2010-08-12 16:38:00,2010-08-12 16:38:00,111,United Kingdom,1,1,2,112,Hibernating / Lost,3,338.65,0,484,0.75,76.2,1
17833,723,1,338.46000000000004,2009-12-16 13:40:00,2009-12-16 13:40:00,143,United Kingdom,1,2,2,122,Hibernating / Lost,3,338.46,0,723,0.5,50.77,1
14799,51,2,338.15,2009-12-02 11:18:00,2011-10-19 16:16:00,495,United Kingdom,4,2,2,422,New / Promising,2,169.08,686,738,0.99,50.22,0
17296,730,1,338.13,2009-12-09 14:01:00,2009-12-09 14:01:00,216,United Kingdom,1,2,2,122,Hibernating / Lost,3,338.13,0,730,0.5,50.72,1
12869,682,1,337.66999999999996,2010-01-27 12:10:00,2010-01-27 12:10:00,144,United Kingdom,1,1,2,112,Hibernating / Lost,3,337.67,0,682,0.54,54.7,1
15942,134,1,337.44,2011-07-29 09:01:00,2011-07-29 09:01:00,232,United Kingdom,3,1,2,312,Needs Attention,3,337.44,0,134,2.72,275.35,0
13930,58,2,337.34,2011-07-26 11:00:00,2011-10-13 09:45:00,274,United Kingdom,4,2,2,422,New / Promising,2,168.67,78,137,5.33,269.7,0
17973,52,1,337.04,2011-10-19 10:34:00,2011-10-19 10:34:00,176,United Kingdom,4,2,2,422,New / Promising,2,337.04,0,52,7.02,709.81,0
17488,641,1,336.5,2010-03-08 14:07:00,2010-03-08 14:07:00,136,United Kingdom,1,2,2,122,Hibernating / Lost,3,336.5,0,641,0.57,57.54,1
15619,11,1,336.40000000000003,2011-11-29 08:14:00,2011-11-29 08:14:00,136,United Kingdom,5,1,2,512,New / Promising,2,336.4,0,30,12.17,1228.2,0
13482,232,2,336.09,2010-03-22 10:31:00,2011-04-21 17:03:00,187,United Kingdom,2,2,2,222,Hibernating / Lost,3,168.04,395,628,1.16,58.48,1
14196,107,1,335.52,2011-08-25 10:25:00,2011-08-25 10:25:00,142,United Kingdom,3,1,2,312,Needs Attention,3,335.52,0,107,3.41,343.24,0
16063,260,1,335.32,2011-03-24 14:55:00,2011-03-24 14:56:00,262,United Kingdom,2,1,2,212,Hibernating / Lost,3,335.32,0,260,1.4,140.83,1
17917,45,3,335.03,2010-12-12 12:08:00,2011-10-25 13:20:00,184,United Kingdom,4,3,2,432,Loyal,2,111.68,317,363,3.02,101.18,0
12690,206,1,335.01,2011-05-18 09:09:00,2011-05-18 09:09:00,103,France,2,1,2,212,Hibernating / Lost,3,335.01,0,206,1.77,177.89,1
17821,406,1,334.62,2010-10-29 13:20:00,2010-10-29 13:20:00,162,United Kingdom,2,2,2,222,Hibernating / Lost,3,334.62,0,406,0.9,90.35,1
17607,376,1,333.81,2010-11-28 13:11:00,2010-11-28 13:11:00,269,United Kingdom,2,2,2,222,Hibernating / Lost,3,333.81,0,376,0.97,97.14,1
13216,268,1,333.74,2011-03-17 12:18:00,2011-03-17 12:18:00,297,United Kingdom,2,1,2,212,Hibernating / Lost,3,333.74,0,268,1.36,136.17,1
14241,184,2,333.70000000000005,2010-01-12 15:11:00,2011-06-09 11:46:00,242,United Kingdom,3,2,2,322,Needs Attention,3,166.85,512,696,1.05,52.56,1
16234,476,3,333.18,2010-05-27 10:39:00,2010-08-20 14:33:00,170,United Kingdom,1,3,2,132,At Risk,3,111.06,85,562,1.95,64.97,1
16006,211,2,332.82,2010-11-17 12:03:00,2011-05-12 13:12:00,205,United Kingdom,2,2,2,222,Hibernating / Lost,3,166.41,176,388,1.88,93.86,1
14137,696,1,332.7,2010-01-13 12:30:00,2010-01-13 12:30:00,462,United Kingdom,1,1,2,112,Hibernating / Lost,3,332.7,0,696,0.52,51.9,1
13904,37,2,332.64,2011-02-18 11:18:00,2011-11-02 13:41:00,332,United Kingdom,4,2,2,422,New / Promising,2,166.32,257,295,2.47,123.24,0
16850,334,1,332.41,2011-01-10 11:09:00,2011-01-10 11:09:00,249,United Kingdom,2,2,2,222,Hibernating / Lost,3,332.41,0,334,1.09,108.7,1
16803,65,1,332.3,2011-10-05 14:28:00,2011-10-05 14:28:00,245,United Kingdom,3,2,2,322,Needs Attention,3,332.3,0,65,5.62,560.26,0
16452,631,2,332.17,2010-01-15 12:22:00,2010-03-19 12:39:00,199,United Kingdom,1,2,2,122,Hibernating / Lost,3,166.08,63,694,1.05,52.32,1
17647,65,3,331.65999999999997,2010-02-08 14:39:00,2011-10-05 15:38:00,82,United Kingdom,3,3,2,332,Loyal,2,110.55,604,669,1.64,54.39,0
15512,156,4,331.58,2010-02-01 13:23:00,2011-07-07 10:20:00,235,United Kingdom,3,3,2,332,Loyal,3,82.9,520,676,2.16,53.72,0
16274,373,1,331.55,2010-12-01 15:35:00,2010-12-01 15:35:00,151,United Kingdom,2,1,2,212,Hibernating / Lost,3,331.55,0,373,0.98,97.48,1
17435,411,1,331.35,2010-10-24 13:55:00,2010-10-24 13:55:00,195,United Kingdom,1,2,2,122,Hibernating / Lost,3,331.35,0,411,0.89,88.47,1
16030,310,1,331.24,2011-02-03 11:28:00,2011-02-03 11:28:00,283,United Kingdom,2,1,2,212,Hibernating / Lost,3,331.24,0,310,1.18,117.26,1
13981,416,1,331.14,2010-10-20 10:03:00,2010-10-20 10:03:00,234,United Kingdom,1,1,2,112,Hibernating / Lost,3,331.14,0,416,0.88,87.42,1
16478,25,3,331.0,2011-10-05 12:02:00,2011-11-14 15:51:00,224,United Kingdom,4,3,2,432,Loyal,2,110.33,40,66,16.59,549.11,0
15878,562,2,330.77,2009-12-06 12:28:00,2010-05-27 12:17:00,243,United Kingdom,1,2,2,122,Hibernating / Lost,3,165.38,171,734,0.99,49.12,1
14517,33,2,330.45,2011-07-21 11:42:00,2011-11-06 14:20:00,91,United Kingdom,4,2,2,422,New / Promising,2,165.22,108,142,5.14,254.77,0
13010,374,2,330.12,2010-03-01 11:28:00,2010-11-30 15:09:00,323,United Kingdom,2,2,2,222,Hibernating / Lost,3,165.06,274,649,1.12,55.46,1
15130,170,1,330.11,2011-06-23 10:15:00,2011-06-23 10:15:00,197,United Kingdom,3,1,2,312,Needs Attention,3,330.11,0,170,2.15,212.92,0
12850,446,1,330.0,2010-09-20 12:26:00,2010-09-20 12:26:00,200,United Kingdom,1,1,2,112,Hibernating / Lost,3,330.0,0,446,0.82,81.18,1
18186,723,1,329.58,2009-12-17 10:22:00,2009-12-17 10:22:00,338,United Kingdom,1,2,2,122,Hibernating / Lost,3,329.58,0,723,0.5,49.44,1
17518,426,2,329.42,2010-03-28 13:31:00,2010-10-10 12:40:00,267,United Kingdom,1,3,2,132,At Risk,3,164.71,195,621,1.18,58.31,1
17914,4,1,329.36,2011-12-06 11:58:00,2011-12-06 11:58:00,457,United Kingdom,5,2,2,522,New / Promising,2,329.36,0,30,12.17,1202.49,0
17154,75,1,329.34,2011-09-25 13:42:00,2011-09-25 13:42:00,490,United Kingdom,3,2,2,322,Needs Attention,3,329.34,0,75,4.87,481.17,0
17776,387,2,329.3,2009-12-16 14:59:00,2010-11-18 12:14:00,270,United Kingdom,2,3,2,232,At Risk,3,164.65,336,723,1.01,49.89,1
15153,31,1,329.25,2011-11-08 17:09:00,2011-11-08 17:09:00,198,United Kingdom,4,1,2,412,New / Promising,2,329.25,0,31,11.77,1162.58,0
15979,603,1,329.22,2010-04-16 11:35:00,2010-04-16 11:35:00,450,United Kingdom,1,1,2,112,Hibernating / Lost,3,329.22,0,603,0.61,60.25,1
15880,369,1,329.03000000000003,2010-12-05 13:00:00,2010-12-05 13:00:00,202,United Kingdom,2,1,2,212,Hibernating / Lost,3,329.03,0,369,0.99,97.72,1
13817,29,2,328.98,2010-12-23 11:46:00,2011-11-10 17:49:00,208,Germany,4,2,2,422,New / Promising,2,164.49,322,352,2.07,102.15,0
16286,477,2,328.95,2010-03-26 09:58:00,2010-08-19 14:48:00,101,United Kingdom,1,2,2,122,Hibernating / Lost,3,164.48,146,624,1.17,57.73,1
14012,278,1,328.8,2011-03-07 12:26:00,2011-03-07 12:26:00,160,United Kingdom,2,1,2,212,Hibernating / Lost,3,328.8,0,278,1.31,129.22,1
16855,24,2,328.4,2011-10-27 16:31:00,2011-11-16 12:03:00,164,United Kingdom,4,3,2,432,Loyal,2,164.2,19,43,16.98,836.43,0
13187,337,4,328.36,2010-03-25 17:18:00,2011-01-06 18:57:00,283,United Kingdom,2,3,2,232,At Risk,3,82.09,287,624,2.34,57.63,1
15213,319,2,328.35,2011-01-14 11:05:00,2011-01-25 12:21:00,272,United Kingdom,2,2,2,222,Hibernating / Lost,3,164.18,11,330,2.21,108.85,1
14747,249,1,328.2,2011-04-04 14:09:00,2011-04-04 14:09:00,84,United Kingdom,2,1,2,212,Hibernating / Lost,3,328.2,0,249,1.47,144.74,1
16318,35,1,328.15,2011-11-04 13:05:00,2011-11-04 13:05:00,199,United Kingdom,4,1,2,412,New / Promising,2,328.15,0,35,10.43,1026.78,0
15709,284,2,327.85,2010-04-29 18:31:00,2011-03-01 10:38:00,169,United Kingdom,2,2,2,222,Hibernating / Lost,3,163.92,305,589,1.24,60.98,1
17196,428,1,327.75,2010-10-08 11:31:00,2010-10-08 11:31:00,154,United Kingdom,1,2,2,122,Hibernating / Lost,3,327.75,0,428,0.85,83.58,1
15735,421,1,327.68,2010-10-14 13:38:00,2010-10-14 13:38:00,206,United Kingdom,1,1,2,112,Hibernating / Lost,3,327.68,0,421,0.87,85.52,1
13498,730,1,327.38,2009-12-09 15:26:00,2009-12-09 15:26:00,362,United Kingdom,1,1,2,112,Hibernating / Lost,3,327.38,0,730,0.5,49.11,1
16322,1,2,326.75,2011-11-03 14:33:00,2011-12-08 15:41:00,231,United Kingdom,5,2,2,522,New / Promising,2,163.38,35,36,20.28,994.0,0
13646,400,2,326.25,2010-11-05 12:00:00,2010-11-05 12:13:00,79,United Kingdom,2,2,2,222,Hibernating / Lost,3,163.12,0,400,1.83,89.55,1
18047,381,2,326.09,2010-11-23 12:57:00,2010-11-23 13:11:00,130,United Kingdom,2,3,2,232,At Risk,3,163.04,0,381,1.92,93.91,1
17439,656,1,325.74,2010-02-22 12:48:00,2010-02-22 12:48:00,370,United Kingdom,1,2,2,122,Hibernating / Lost,3,325.74,0,656,0.56,54.72,1
12804,466,2,325.37,2010-07-27 13:52:00,2010-08-31 11:58:00,270,Netherlands,1,2,2,122,Hibernating / Lost,3,162.68,34,500,1.46,71.25,1
13661,603,1,325.24,2010-04-15 14:58:00,2010-04-15 14:58:00,118,United Kingdom,1,1,2,112,Hibernating / Lost,3,325.24,0,603,0.61,59.52,1
15670,297,2,325.2,2010-06-01 15:34:00,2011-02-16 10:50:00,132,United Kingdom,2,2,2,222,Hibernating / Lost,3,162.6,259,556,1.31,63.9,1
13801,67,1,324.8,2011-10-04 10:15:00,2011-10-04 10:15:00,168,United Kingdom,3,1,2,312,Needs Attention,3,324.8,0,67,5.45,531.05,0
15982,605,1,324.51,2010-04-13 15:47:00,2010-04-13 15:47:00,131,United Kingdom,1,1,2,112,Hibernating / Lost,3,324.51,0,605,0.6,58.41,1
12946,437,1,324.45,2010-09-29 10:14:00,2010-09-29 10:14:00,149,United Kingdom,1,1,2,112,Hibernating / Lost,3,324.45,0,437,0.84,81.76,1
18261,43,2,324.24,2011-09-05 09:34:00,2011-10-27 15:36:00,146,United Kingdom,4,3,2,432,Loyal,2,162.12,52,96,7.6,369.63,0
16685,61,2,324.24,2011-10-09 13:44:00,2011-10-09 13:58:00,396,United Kingdom,3,2,2,322,Needs Attention,2,162.12,0,61,11.97,582.17,0
13834,577,2,324.19,2010-02-08 12:52:00,2010-05-12 10:27:00,221,United Kingdom,1,2,2,122,Hibernating / Lost,3,162.1,92,669,1.09,53.01,1
17440,157,4,323.58,2010-06-08 14:40:00,2011-07-06 11:54:00,282,United Kingdom,3,4,2,342,Loyal,3,80.9,392,549,2.66,64.56,0
13025,732,1,323.39,2009-12-08 10:02:00,2009-12-08 10:02:00,241,United Kingdom,1,1,2,112,Hibernating / Lost,3,323.39,0,732,0.5,48.51,1
16195,723,1,323.25,2009-12-16 14:09:00,2009-12-16 14:09:00,123,United Kingdom,1,1,2,112,Hibernating / Lost,3,323.25,0,723,0.5,48.49,1
14263,423,1,322.93,2010-10-12 14:09:00,2010-10-12 14:09:00,171,United Kingdom,1,1,2,112,Hibernating / Lost,3,322.93,0,423,0.86,83.32,1
16627,79,1,322.8,2011-09-21 14:38:00,2011-09-21 14:38:00,162,United Kingdom,3,1,2,312,Needs Attention,3,322.8,0,79,4.62,447.4,0
16342,75,4,322.41,2011-06-13 10:10:00,2011-09-25 14:36:00,157,United Kingdom,3,4,2,342,Loyal,2,80.6,104,180,8.11,196.1,0
12780,599,1,322.4,2010-04-20 09:40:00,2010-04-20 09:40:00,284,Netherlands,1,1,2,112,Hibernating / Lost,3,322.4,0,599,0.61,59.0,1
14424,18,1,322.08,2011-11-22 11:48:00,2011-11-22 11:48:00,48,United Kingdom,5,1,2,512,New / Promising,2,322.08,0,30,12.17,1175.91,0
15726,390,1,321.91,2010-11-14 16:12:00,2010-11-14 16:12:00,123,United Kingdom,2,1,2,212,Hibernating / Lost,3,321.91,0,390,0.94,90.78,1
18090,422,1,321.9,2010-10-14 12:32:00,2010-10-14 12:32:00,307,United Kingdom,1,2,2,122,Hibernating / Lost,3,321.9,0,422,0.86,83.05,1
13111,719,1,321.88000000000005,2009-12-21 09:00:00,2009-12-21 09:00:00,180,United Kingdom,1,1,2,112,Hibernating / Lost,3,321.88,0,719,0.51,49.25,1
17976,372,1,321.79,2010-12-02 13:49:00,2010-12-02 13:49:00,93,United Kingdom,2,2,2,222,Hibernating / Lost,3,321.79,0,372,0.98,94.61,1
17471,475,1,321.65000000000003,2010-08-22 11:53:00,2010-08-22 11:53:00,153,United Kingdom,1,2,2,122,Hibernating / Lost,3,321.65,0,475,0.77,74.3,1
14070,685,1,321.6,2010-01-24 12:27:00,2010-01-24 12:27:00,85,United Kingdom,1,1,2,112,Hibernating / Lost,3,321.6,0,685,0.53,51.13,1
15770,613,1,321.45,2010-04-06 11:47:00,2010-04-06 11:47:00,67,United Kingdom,1,1,2,112,Hibernating / Lost,3,321.45,0,613,0.6,57.86,1
14823,180,3,321.43,2011-05-29 12:48:00,2011-06-12 13:12:00,88,United Kingdom,3,3,2,332,Loyal,3,107.14,14,195,5.62,180.64,0
17182,423,2,321.3,2009-12-21 15:22:00,2010-10-13 10:09:00,54,United Kingdom,1,3,2,132,At Risk,3,160.65,295,718,1.02,49.16,1
15869,277,3,321.11,2010-03-23 16:50:00,2011-03-07 17:23:00,273,United Kingdom,2,3,2,232,At Risk,3,107.04,349,626,1.75,56.2,1
15236,299,1,321.05,2011-02-14 10:52:00,2011-02-14 10:52:00,269,United Kingdom,2,1,2,212,Hibernating / Lost,3,321.05,0,299,1.22,117.5,1
15432,23,2,320.76,2010-06-16 14:34:00,2011-11-16 16:30:00,92,United Kingdom,4,2,2,422,New / Promising,2,160.38,518,541,1.35,64.95,0
12365,291,1,320.69,2011-02-21 13:51:00,2011-02-21 13:51:00,173,Cyprus,2,1,2,212,Hibernating / Lost,3,320.69,0,291,1.25,120.26,1
14622,185,1,320.58000000000004,2011-06-08 12:42:00,2011-06-08 12:42:00,146,United Kingdom,3,1,2,312,Needs Attention,3,320.58,0,185,1.97,189.46,1
13986,17,1,320.46,2011-11-22 15:00:00,2011-11-22 15:00:00,430,United Kingdom,5,1,2,512,New / Promising,2,320.46,0,30,12.17,1170.0,0
17309,95,3,320.39,2010-02-04 15:49:00,2011-09-05 15:20:00,181,United Kingdom,3,3,2,332,Loyal,3,106.8,577,673,1.63,52.23,0
16683,534,1,320.25,2010-06-24 10:36:00,2010-06-24 10:36:00,190,United Kingdom,1,2,2,122,Hibernating / Lost,3,320.25,0,534,0.68,65.33,1
13942,535,1,320.0,2010-06-23 12:35:00,2010-06-23 12:35:00,1000,United Kingdom,1,1,2,112,Hibernating / Lost,3,320.0,0,535,0.68,65.28,1
13843,381,1,319.75,2010-11-23 17:48:00,2010-11-23 17:48:00,145,United Kingdom,2,1,2,212,Hibernating / Lost,3,319.75,0,381,0.96,92.09,1
16436,668,3,319.14,2009-12-06 16:02:00,2010-02-09 13:19:00,227,United Kingdom,1,3,2,132,At Risk,3,106.38,64,733,1.49,47.55,1
16967,189,1,319.02,2011-06-03 14:24:00,2011-06-03 14:24:00,333,United Kingdom,2,2,2,222,Hibernating / Lost,3,319.02,0,189,1.93,184.71,1
17229,96,2,318.76,2011-07-20 12:38:00,2011-09-04 13:56:00,185,United Kingdom,3,3,2,332,Loyal,3,159.38,46,143,5.1,243.85,0
12795,19,1,318.48,2011-11-21 10:27:00,2011-11-21 10:27:00,64,Portugal,5,1,2,512,New / Promising,2,318.48,0,30,12.17,1162.77,0
16273,648,2,318.34000000000003,2010-02-21 16:02:00,2010-03-01 13:24:00,40,United Kingdom,1,2,2,122,Hibernating / Lost,3,159.17,7,656,1.11,53.0,1
15682,599,2,318.24,2010-01-21 14:37:00,2010-04-19 15:30:00,222,United Kingdom,1,2,2,122,Hibernating / Lost,3,159.12,88,687,1.06,50.6,1
14703,15,1,318.17,2011-11-25 09:23:00,2011-11-25 09:23:00,183,United Kingdom,5,1,2,512,New / Promising,2,318.17,0,30,12.17,1161.64,0
17839,42,1,318.15,2011-10-28 17:27:00,2011-10-28 17:27:00,257,United Kingdom,4,2,2,422,New / Promising,2,318.15,0,42,8.69,829.42,0
18253,643,1,317.88,2010-03-07 12:38:00,2010-03-07 12:38:00,128,United Kingdom,1,2,2,122,Hibernating / Lost,3,317.88,0,643,0.57,54.36,1
12552,40,1,317.82,2011-10-31 12:11:00,2011-10-31 12:11:00,85,Italy,4,1,2,412,New / Promising,2,317.82,0,40,9.12,869.56,0
12760,456,1,317.8,2010-09-10 08:50:00,2010-09-10 08:50:00,196,Netherlands,1,1,2,112,Hibernating / Lost,3,317.8,0,456,0.8,76.27,1
17267,127,2,317.2,2011-08-04 17:19:00,2011-08-04 17:22:00,158,United Kingdom,3,3,2,332,Loyal,3,158.6,0,127,5.75,273.58,0
15616,438,1,317.11,2010-09-27 13:10:00,2010-09-27 13:10:00,137,United Kingdom,1,1,2,112,Hibernating / Lost,3,317.11,0,438,0.83,78.96,1
17689,388,2,317.08,2010-08-22 13:54:00,2010-11-16 13:22:00,300,United Kingdom,2,3,2,232,At Risk,3,158.54,85,474,1.54,73.25,1
12544,36,1,316.7,2011-11-03 16:15:00,2011-11-03 16:15:00,134,Spain,4,1,2,412,New / Promising,2,316.7,0,36,10.14,963.4,0
16761,97,1,316.62,2011-09-04 11:15:00,2011-09-04 11:15:00,341,United Kingdom,3,2,2,322,Needs Attention,3,316.62,0,97,3.76,357.15,0
15204,357,1,316.58,2010-12-17 13:49:00,2010-12-17 13:49:00,258,United Kingdom,2,1,2,212,Hibernating / Lost,3,316.58,0,357,1.02,96.87,1
12529,528,1,316.48,2010-06-29 13:10:00,2010-06-29 13:10:00,192,France,1,1,2,112,Hibernating / Lost,3,316.48,0,528,0.69,65.51,1
13494,312,1,316.26000000000005,2011-02-01 11:58:00,2011-02-01 11:58:00,162,United Kingdom,2,1,2,212,Hibernating / Lost,3,316.26,0,312,1.17,111.01,1
17408,163,3,316.09000000000003,2010-07-13 14:02:00,2011-06-29 12:53:00,163,United Kingdom,3,3,2,332,Loyal,3,105.36,350,514,2.13,67.33,0
12614,278,1,315.6,2011-03-07 10:22:00,2011-03-07 10:22:00,76,Germany,2,1,2,212,Hibernating / Lost,3,315.6,0,278,1.31,124.03,1
15042,199,2,315.45,2010-04-23 14:01:00,2011-05-24 16:25:00,238,United Kingdom,2,2,2,222,Hibernating / Lost,3,157.72,396,595,1.23,58.2,1
16091,155,2,315.06,2011-05-25 09:18:00,2011-07-08 08:45:00,154,United Kingdom,3,2,2,322,Needs Attention,3,157.53,43,199,3.67,173.44,0
17121,403,1,314.74,2010-11-02 11:47:00,2010-11-02 11:47:00,106,United Kingdom,2,2,2,222,Hibernating / Lost,3,314.74,0,403,0.91,85.92,1
14991,430,1,314.67,2010-10-05 13:01:00,2010-10-05 13:01:00,191,United Kingdom,1,1,2,112,Hibernating / Lost,3,314.67,0,430,0.85,80.24,1
18206,553,1,314.65999999999997,2010-06-04 13:47:00,2010-06-04 13:47:00,246,United Kingdom,1,2,2,122,Hibernating / Lost,3,314.66,0,553,0.66,62.3,1
18117,26,1,314.4,2011-11-14 12:47:00,2011-11-14 12:47:00,604,United Kingdom,4,2,2,422,New / Promising,2,314.4,0,30,12.17,1147.87,0
18070,669,1,314.1,2010-02-08 13:28:00,2010-02-08 13:28:00,86,United Kingdom,1,2,2,122,Hibernating / Lost,3,314.1,0,669,0.55,51.83,1
15873,500,4,313.91999999999996,2010-07-27 11:58:00,2010-07-28 12:41:00,1152,United Kingdom,1,4,2,142,Can't Lose Them,3,78.48,1,501,2.91,68.51,1
12532,30,1,313.83000000000004,2011-11-09 13:47:00,2011-11-09 13:47:00,151,France,4,1,2,412,New / Promising,2,313.83,0,30,12.17,1145.79,0
15196,433,2,313.7,2009-12-13 11:14:00,2010-10-03 10:50:00,130,United Kingdom,1,2,2,122,Hibernating / Lost,3,156.85,293,727,1.0,47.06,1
13087,726,1,313.64,2009-12-13 15:16:00,2009-12-13 15:16:00,86,United Kingdom,1,1,2,112,Hibernating / Lost,3,313.64,0,726,0.5,47.05,1
16582,113,1,313.62,2011-08-18 17:02:00,2011-08-18 17:02:00,164,United Kingdom,3,1,2,312,Needs Attention,3,313.62,0,113,3.23,303.9,0
17928,45,3,313.16,2010-05-17 15:30:00,2011-10-25 13:52:00,150,United Kingdom,4,3,2,432,Loyal,2,104.39,525,571,1.92,60.13,0
13845,65,1,312.98,2011-10-06 08:25:00,2011-10-06 08:25:00,182,United Kingdom,3,1,2,312,Needs Attention,3,312.98,0,65,5.62,527.68,0
15162,731,1,312.9,2009-12-08 13:14:00,2009-12-08 13:14:00,74,United Kingdom,1,1,2,112,Hibernating / Lost,3,312.9,0,731,0.5,46.93,1
13905,733,1,312.65,2009-12-07 11:41:00,2009-12-07 11:41:00,135,United Kingdom,1,1,2,112,Hibernating / Lost,3,312.65,0,733,0.5,46.9,1
17843,303,2,312.65,2010-10-24 10:56:00,2011-02-09 15:33:00,226,United Kingdom,2,3,2,232,At Risk,3,156.32,108,412,1.77,83.01,1
15318,4,1,312.62,2011-12-06 11:30:00,2011-12-06 11:30:00,642,United Kingdom,5,1,2,512,New / Promising,2,312.62,0,30,12.17,1141.38,0
13226,273,2,312.46,2010-11-11 13:46:00,2011-03-11 14:35:00,179,United Kingdom,2,2,2,222,Hibernating / Lost,3,156.23,120,393,1.86,87.18,1
12834,283,1,312.38,2011-03-02 09:49:00,2011-03-02 09:49:00,110,United Kingdom,2,1,2,212,Hibernating / Lost,3,312.38,0,283,1.29,120.89,1
17326,408,2,312.35,2010-06-28 14:05:00,2010-10-27 15:38:00,136,United Kingdom,2,3,2,232,At Risk,3,156.18,121,529,1.38,64.66,1
14094,440,1,311.77,2010-09-26 11:58:00,2010-09-26 11:58:00,158,United Kingdom,1,1,2,112,Hibernating / Lost,3,311.77,0,440,0.83,77.63,1
14951,79,1,311.69,2011-09-21 15:15:00,2011-09-21 15:15:00,311,United Kingdom,3,1,2,312,Needs Attention,3,311.69,0,79,4.62,432.0,0
12852,295,1,311.55,2011-02-18 08:47:00,2011-02-18 08:47:00,149,United Kingdom,2,1,2,212,Hibernating / Lost,3,311.55,0,295,1.24,115.9,1
13990,213,1,311.3,2011-05-10 15:19:00,2011-05-10 15:19:00,190,United Kingdom,2,1,2,212,Hibernating / Lost,3,311.3,0,213,1.71,159.7,1
15724,201,3,310.85,2010-11-04 10:22:00,2011-05-22 14:40:00,117,United Kingdom,2,3,2,232,At Risk,3,103.62,199,401,2.73,84.86,1
13400,583,1,310.83,2010-05-06 09:00:00,2010-05-06 09:00:00,284,United Kingdom,1,1,2,112,Hibernating / Lost,3,310.83,0,583,0.63,58.75,1
16328,563,1,310.83,2010-05-25 14:02:00,2010-05-25 14:02:00,141,United Kingdom,1,1,2,112,Hibernating / Lost,3,310.83,0,563,0.65,60.61,1
13847,720,1,310.72,2009-12-20 10:41:00,2009-12-20 10:41:00,96,United Kingdom,1,1,2,112,Hibernating / Lost,3,310.72,0,720,0.51,47.54,1
16439,722,1,310.70000000000005,2009-12-17 14:22:00,2009-12-17 14:22:00,74,United Kingdom,1,1,2,112,Hibernating / Lost,3,310.7,0,722,0.51,47.54,1
15185,70,1,310.62,2011-09-30 14:06:00,2011-09-30 14:06:00,666,United Kingdom,3,1,2,312,Needs Attention,3,310.62,0,70,5.21,485.5,0
14848,405,1,310.56,2010-10-31 12:22:00,2010-10-31 12:22:00,260,United Kingdom,2,1,2,212,Hibernating / Lost,3,310.56,0,405,0.9,83.85,1
15308,274,1,310.47,2011-03-10 13:08:00,2011-03-10 13:08:00,175,United Kingdom,2,1,2,212,Hibernating / Lost,3,310.47,0,274,1.33,123.88,1
15188,725,1,310.43,2009-12-14 13:30:00,2009-12-14 13:30:00,233,United Kingdom,1,1,2,112,Hibernating / Lost,3,310.43,0,725,0.5,46.56,1
13315,689,1,310.26,2010-01-19 15:34:00,2010-01-19 15:34:00,232,United Kingdom,1,1,2,112,Hibernating / Lost,3,310.26,0,689,0.53,49.33,1
14749,480,1,310.15,2010-08-17 12:36:00,2010-08-17 12:36:00,403,United Kingdom,1,1,2,112,Hibernating / Lost,3,310.15,0,480,0.76,70.71,1
13628,676,1,310.14,2010-02-01 14:44:00,2010-02-01 14:44:00,106,United Kingdom,1,1,2,112,Hibernating / Lost,3,310.14,0,676,0.54,50.24,1
17181,57,3,309.85,2010-04-23 11:21:00,2011-10-13 14:48:00,268,United Kingdom,4,3,2,432,Loyal,2,103.28,538,596,1.84,57.01,0
15699,18,1,309.65,2011-11-22 08:26:00,2011-11-22 08:26:00,113,United Kingdom,5,1,2,512,New / Promising,2,309.65,0,30,12.17,1130.53,0
16373,382,2,309.49,2010-10-24 13:10:00,2010-11-22 15:50:00,119,United Kingdom,2,2,2,222,Hibernating / Lost,3,154.74,29,411,1.78,82.63,1
12884,88,1,309.05,2011-09-12 13:10:00,2011-09-12 13:10:00,43,United Kingdom,3,1,2,312,Needs Attention,3,309.05,0,88,4.15,384.77,0
15010,36,1,308.94,2011-11-04 12:42:00,2011-11-04 12:42:00,184,United Kingdom,4,1,2,412,New / Promising,2,308.94,0,36,10.14,939.8,0
16956,18,1,308.74,2011-11-22 08:56:00,2011-11-22 08:56:00,114,United Kingdom,5,2,2,522,New / Promising,2,308.74,0,30,12.17,1127.21,0
16194,375,1,308.59999999999997,2010-11-29 13:28:00,2010-11-29 13:28:00,140,United Kingdom,2,1,2,212,Hibernating / Lost,3,308.6,0,375,0.97,89.8,1
14181,411,2,308.35,2010-05-26 12:32:00,2010-10-25 08:27:00,120,United Kingdom,1,2,2,122,Hibernating / Lost,3,154.18,151,563,1.3,60.13,1
13369,366,1,308.28000000000003,2010-12-09 11:30:00,2010-12-09 11:30:00,149,United Kingdom,2,1,2,212,Hibernating / Lost,3,308.28,0,366,1.0,92.48,1
14927,397,1,308.2,2010-11-08 12:30:00,2010-11-08 12:30:00,196,United Kingdom,2,1,2,212,Hibernating / Lost,3,308.2,0,397,0.92,85.06,1
15302,730,1,308.0,2009-12-09 13:11:00,2009-12-09 13:11:00,102,United Kingdom,1,1,2,112,Hibernating / Lost,3,308.0,0,730,0.5,46.2,1
13289,724,1,307.95,2009-12-16 11:53:00,2009-12-16 11:53:00,119,United Kingdom,1,1,2,112,Hibernating / Lost,3,307.95,0,724,0.5,46.19,1
15778,431,1,307.95,2010-10-04 15:10:00,2010-10-04 15:10:00,101,United Kingdom,1,1,2,112,Hibernating / Lost,3,307.95,0,431,0.85,78.53,1
16123,52,1,307.78,2011-10-19 09:18:00,2011-10-19 09:18:00,170,United Kingdom,4,1,2,412,New / Promising,2,307.78,0,52,7.02,648.18,0
13529,79,2,307.76,2011-05-19 11:50:00,2011-09-22 09:15:00,74,United Kingdom,3,2,2,322,Needs Attention,3,153.88,125,205,3.56,164.34,0
14777,404,1,307.56,2010-11-01 12:50:00,2010-11-01 12:50:00,212,United Kingdom,2,1,2,212,Hibernating / Lost,3,307.56,0,404,0.9,83.04,1
13060,254,1,307.53,2011-03-31 11:37:00,2011-03-31 11:37:00,123,United Kingdom,2,1,2,212,Hibernating / Lost,3,307.53,0,254,1.44,132.85,1
17120,233,1,307.46,2011-04-20 15:21:00,2011-04-20 15:21:00,120,United Kingdom,2,2,2,222,Hibernating / Lost,3,307.46,0,233,1.57,144.81,1
13932,295,1,307.4,2011-02-18 12:02:00,2011-02-18 12:02:00,72,United Kingdom,2,1,2,212,Hibernating / Lost,3,307.4,0,295,1.24,114.35,1
15374,129,2,307.32,2010-03-25 12:03:00,2011-08-03 09:59:00,290,United Kingdom,3,2,2,322,Needs Attention,3,153.66,495,625,1.17,53.93,0
14783,659,1,307.3,2010-02-18 16:16:00,2010-02-18 16:16:00,262,United Kingdom,1,1,2,112,Hibernating / Lost,3,307.3,0,659,0.55,50.7,1
17721,659,1,307.21000000000004,2010-02-18 15:18:00,2010-02-18 15:18:00,107,United Kingdom,1,2,2,122,Hibernating / Lost,3,307.21,0,659,0.55,50.69,1
13036,685,1,307.1,2010-01-24 11:35:00,2010-01-24 11:35:00,38,United Kingdom,1,1,2,112,Hibernating / Lost,3,307.1,0,685,0.53,48.83,1
13142,19,1,307.09,2011-11-20 16:07:00,2011-11-20 16:07:00,258,United Kingdom,5,1,2,512,New / Promising,2,307.09,0,30,12.17,1121.19,0
15087,282,1,306.94,2011-03-03 10:34:00,2011-03-03 10:34:00,470,United Kingdom,2,1,2,212,Hibernating / Lost,3,306.94,0,282,1.29,118.79,1
13660,400,1,306.64,2010-11-04 16:10:00,2010-11-04 16:10:00,136,United Kingdom,2,1,2,212,Hibernating / Lost,3,306.64,0,400,0.91,83.71,1
16649,520,1,306.58000000000004,2010-07-07 15:41:00,2010-07-07 15:41:00,82,United Kingdom,1,1,2,112,Hibernating / Lost,3,306.58,0,520,0.7,64.38,1
13718,246,2,306.55,2011-02-17 11:58:00,2011-04-07 13:24:00,173,United Kingdom,2,2,2,222,Hibernating / Lost,3,153.28,49,296,2.47,113.58,1
18059,23,3,306.46,2011-10-03 09:30:00,2011-11-16 16:49:00,258,United Kingdom,4,3,2,432,Loyal,2,102.15,44,68,16.1,493.38,0
16524,446,2,306.19,2010-01-17 13:16:00,2010-09-19 13:37:00,259,United Kingdom,1,2,2,122,Hibernating / Lost,3,153.1,245,691,1.06,48.69,1
17077,578,1,306.0,2010-05-10 16:36:00,2010-05-10 16:36:00,36,United Kingdom,1,2,2,122,Hibernating / Lost,3,306.0,0,578,0.63,57.83,1
15135,239,2,305.68,2010-06-01 13:33:00,2011-04-14 19:16:00,84,United Kingdom,2,2,2,222,Hibernating / Lost,3,152.84,317,556,1.31,60.07,1
16796,89,1,305.62,2011-09-11 14:01:00,2011-09-11 14:01:00,186,United Kingdom,3,2,2,322,Needs Attention,3,305.62,0,89,4.1,375.91,0
16181,73,1,305.54,2011-09-27 13:38:00,2011-09-27 13:38:00,152,United Kingdom,3,1,2,312,Needs Attention,3,305.54,0,73,5.0,458.31,0
13383,544,1,305.28000000000003,2010-06-14 11:45:00,2010-06-14 11:45:00,288,United Kingdom,1,1,2,112,Hibernating / Lost,3,305.28,0,544,0.67,61.36,1
15893,482,1,305.28000000000003,2010-08-15 11:12:00,2010-08-15 11:12:00,288,United Kingdom,1,1,2,112,Hibernating / Lost,3,305.28,0,482,0.76,69.6,1
15163,18,2,304.47,2011-05-31 15:22:00,2011-11-21 13:10:00,186,United Kingdom,5,2,2,522,New / Promising,2,152.24,173,192,3.8,173.55,0
16217,235,2,304.25,2011-03-02 15:28:00,2011-04-18 13:31:00,91,United Kingdom,2,2,2,222,Hibernating / Lost,3,152.12,46,282,2.59,118.2,1
18185,249,1,304.25,2011-04-04 13:42:00,2011-04-04 13:42:00,183,United Kingdom,2,2,2,222,Hibernating / Lost,3,304.25,0,249,1.47,134.17,1
16674,55,2,304.24,2011-09-02 13:59:00,2011-10-16 11:31:00,181,United Kingdom,4,2,2,422,New / Promising,2,152.12,43,98,7.45,339.99,0
17688,394,1,304.2,2010-11-11 10:41:00,2010-11-11 10:41:00,114,United Kingdom,2,2,2,222,Hibernating / Lost,3,304.2,0,394,0.93,84.87,1
14990,612,2,304.17,2009-12-09 13:31:00,2010-04-06 13:54:00,129,United Kingdom,1,2,2,122,Hibernating / Lost,3,152.08,118,730,1.0,45.62,1
17383,4,2,304.09,2010-09-12 14:54:00,2011-12-05 17:36:00,160,United Kingdom,5,3,2,532,Loyal,2,152.04,449,453,1.61,73.44,0
15454,362,2,303.89,2010-03-31 13:15:00,2010-12-12 14:21:00,141,United Kingdom,2,2,2,222,Hibernating / Lost,3,151.94,256,618,1.18,53.79,1
16489,380,2,303.7,2010-09-29 15:02:00,2010-11-24 14:40:00,38,United Kingdom,2,2,2,222,Hibernating / Lost,3,151.85,55,436,1.67,76.08,1
14791,607,1,303.63,2010-04-12 10:24:00,2010-04-12 10:24:00,127,United Kingdom,1,1,2,112,Hibernating / Lost,3,303.63,0,607,0.6,54.65,1
14806,75,2,303.43,2010-09-26 15:50:00,2011-09-25 15:32:00,423,United Kingdom,3,2,2,322,Needs Attention,3,151.72,363,439,1.66,75.56,0
18255,89,2,303.15,2010-09-09 16:31:00,2011-09-11 13:16:00,201,United Kingdom,3,3,2,332,Loyal,3,151.57,366,456,1.6,72.75,0
16425,302,1,302.7,2011-02-10 14:30:00,2011-02-10 14:30:00,199,United Kingdom,2,1,2,212,Hibernating / Lost,3,302.7,0,302,1.21,109.88,1
14043,491,2,302.6,2009-12-10 15:56:00,2010-08-05 18:18:00,152,United Kingdom,1,2,2,122,Hibernating / Lost,3,151.3,238,729,1.0,45.39,1
18165,177,1,302.46000000000004,2011-06-15 13:23:00,2011-06-15 13:23:00,254,United Kingdom,3,2,2,322,Needs Attention,3,302.46,0,177,2.06,186.92,0
17339,94,3,302.36,2010-07-18 13:08:00,2011-09-06 13:29:00,172,United Kingdom,3,3,2,332,Loyal,3,100.79,415,509,2.15,65.01,0
17506,76,1,302.2,2011-09-25 11:39:00,2011-09-25 11:39:00,139,United Kingdom,3,2,2,322,Needs Attention,3,302.2,0,76,4.8,435.17,0
15054,12,2,302.1,2011-10-30 14:33:00,2011-11-27 15:02:00,198,United Kingdom,5,2,2,522,New / Promising,2,151.05,28,40,18.25,827.0,0
15242,422,1,302.04,2010-10-13 15:33:00,2010-10-13 15:33:00,196,United Kingdom,1,1,2,112,Hibernating / Lost,3,302.04,0,422,0.86,77.93,1
16297,269,1,301.9,2011-03-16 08:29:00,2011-03-16 08:29:00,206,United Kingdom,2,1,2,212,Hibernating / Lost,3,301.9,0,269,1.36,123.18,1
13773,397,2,301.54,2010-02-18 10:27:00,2010-11-08 11:49:00,174,United Kingdom,2,2,2,222,Hibernating / Lost,3,150.77,263,660,1.11,50.21,1
15667,40,1,301.32,2011-10-31 10:56:00,2011-10-31 10:56:00,240,United Kingdom,4,1,2,412,New / Promising,2,301.32,0,40,9.12,824.41,0
15148,11,1,301.29,2011-11-29 08:21:00,2011-11-29 08:21:00,187,United Kingdom,5,1,2,512,New / Promising,2,301.29,0,30,12.17,1100.01,0
13625,597,1,301.26,2010-04-22 10:50:00,2010-04-22 10:50:00,144,United Kingdom,1,1,2,112,Hibernating / Lost,3,301.26,0,597,0.61,55.13,1
16437,381,2,301.25,2010-10-06 12:34:00,2010-11-23 16:59:00,197,United Kingdom,2,2,2,222,Hibernating / Lost,3,150.62,48,430,1.7,76.82,1
12351,375,1,300.93,2010-11-29 15:23:00,2010-11-29 15:23:00,261,Unspecified,2,1,2,212,Hibernating / Lost,3,300.93,0,375,0.97,87.57,1
16479,10,2,300.83,2011-11-29 13:04:00,2011-11-29 13:40:00,102,United Kingdom,5,2,2,522,New / Promising,2,150.42,0,30,24.33,1097.92,0
16050,174,3,300.7,2010-11-03 15:55:00,2011-06-19 11:44:00,388,United Kingdom,3,3,2,332,Loyal,3,100.23,227,401,2.73,82.09,0
17556,206,2,300.67,2010-11-25 17:00:00,2011-05-18 10:48:00,184,United Kingdom,2,3,2,232,At Risk,3,150.34,173,379,1.93,87.05,1
17793,25,1,300.34,2011-11-14 14:24:00,2011-11-14 14:24:00,226,United Kingdom,4,2,2,422,New / Promising,2,300.34,0,30,12.17,1096.54,0
14797,507,1,300.31,2010-07-20 14:07:00,2010-07-20 14:07:00,99,United Kingdom,1,1,2,112,Hibernating / Lost,3,300.31,0,507,0.72,64.87,1
17766,381,2,299.61,2010-11-23 14:17:00,2010-11-23 14:29:00,155,United Kingdom,2,3,2,232,At Risk,3,149.8,0,381,1.92,86.28,1
12547,198,3,299.58,2010-07-27 13:55:00,2011-05-26 12:38:00,306,Spain,2,3,2,232,At Risk,3,99.86,302,500,2.19,65.61,1
12864,138,2,299.57,2010-07-19 17:22:00,2011-07-24 13:03:00,447,United Kingdom,3,2,2,322,Needs Attention,3,149.78,369,508,1.44,64.7,0
13346,463,6,299.4,2010-04-22 12:34:00,2010-09-03 11:41:00,180,United Kingdom,1,4,2,142,Can't Lose Them,1,49.9,133,597,3.67,54.94,1
17898,85,4,299.18,2010-05-21 17:22:00,2011-09-15 14:56:00,251,United Kingdom,3,4,2,342,Loyal,2,74.8,481,567,2.57,57.67,0
13667,149,1,299.05,2011-07-13 15:42:00,2011-07-13 15:42:00,149,United Kingdom,3,1,2,312,Needs Attention,3,299.05,0,149,2.45,219.8,0
12489,336,1,298.93,2011-01-07 13:13:00,2011-01-07 13:13:00,103,France,2,1,2,212,Hibernating / Lost,3,298.93,0,336,1.09,97.75,1
17991,225,3,298.65,2010-04-27 12:46:00,2011-04-28 15:58:00,92,United Kingdom,2,3,2,232,At Risk,3,99.55,366,592,1.85,55.25,1
15609,184,1,298.48,2011-06-08 13:00:00,2011-06-08 13:00:00,148,United Kingdom,3,1,2,312,Needs Attention,3,298.48,0,184,1.98,177.3,1
17824,51,1,298.4,2011-10-19 14:14:00,2011-10-19 14:14:00,408,United Kingdom,4,2,2,422,New / Promising,2,298.4,0,51,7.16,640.96,0
12881,276,1,298.0,2011-03-09 11:44:00,2011-03-09 11:44:00,21,United Kingdom,2,1,2,212,Hibernating / Lost,3,298.0,0,276,1.32,118.01,1
18018,108,4,297.99,2010-10-15 11:05:00,2011-08-23 17:37:00,186,United Kingdom,3,4,2,342,Loyal,3,74.5,312,421,3.47,77.55,0
16583,374,2,297.95,2010-02-04 12:18:00,2010-12-01 12:03:00,153,United Kingdom,2,2,2,222,Hibernating / Lost,3,148.98,299,674,1.08,48.27,1
12566,86,1,297.65,2011-09-14 14:30:00,2011-09-14 14:30:00,262,Germany,3,1,2,312,Needs Attention,3,297.65,0,86,4.24,378.61,0
14835,529,2,297.0,2010-04-01 19:34:00,2010-06-29 10:08:00,180,United Kingdom,1,2,2,122,Hibernating / Lost,3,148.5,88,617,1.18,52.57,1
12460,456,1,296.65,2010-09-09 13:51:00,2010-09-09 13:51:00,168,Belgium,1,1,2,112,Hibernating / Lost,3,296.65,0,456,0.8,71.2,1
17627,479,1,296.36,2010-08-18 11:27:00,2010-08-18 11:27:00,676,United Kingdom,1,2,2,122,Hibernating / Lost,3,296.36,0,479,0.76,67.57,1
13751,288,1,296.25,2011-02-24 15:56:00,2011-02-24 15:56:00,152,United Kingdom,2,1,2,212,Hibernating / Lost,3,296.25,0,288,1.27,112.87,1
12898,464,2,296.21000000000004,2010-02-18 12:36:00,2010-09-02 08:08:00,235,United Kingdom,1,2,2,122,Hibernating / Lost,3,148.11,195,660,1.11,49.32,1
13504,64,1,295.93,2011-10-06 13:20:00,2011-10-06 13:20:00,178,United Kingdom,3,1,2,312,Needs Attention,3,295.93,0,64,5.7,506.04,0
14269,439,1,295.73,2010-09-26 12:53:00,2010-09-26 12:53:00,123,United Kingdom,1,1,2,112,Hibernating / Lost,3,295.73,0,439,0.83,73.64,1
14614,386,1,295.13,2010-11-18 13:04:00,2010-11-18 13:04:00,189,United Kingdom,2,1,2,212,Hibernating / Lost,3,295.13,0,386,0.95,84.11,1
16252,383,1,295.09000000000003,2010-11-22 11:57:00,2010-11-22 11:57:00,158,United Kingdom,2,1,2,212,Hibernating / Lost,3,295.09,0,383,0.95,84.1,1
16579,426,1,295.05,2010-10-10 11:58:00,2010-10-10 11:58:00,119,United Kingdom,1,1,2,112,Hibernating / Lost,3,295.05,0,426,0.86,76.12,1
12350,310,1,294.4,2011-02-02 16:01:00,2011-02-02 16:01:00,196,Norway,2,1,2,212,Hibernating / Lost,3,294.4,0,310,1.18,104.22,1
17301,21,2,294.39,2010-03-25 13:16:00,2011-11-18 13:43:00,216,United Kingdom,4,3,2,432,Loyal,2,147.2,603,624,1.17,51.67,0
17124,185,1,294.24,2011-06-07 14:02:00,2011-06-07 14:02:00,129,United Kingdom,3,2,2,322,Needs Attention,3,294.24,0,185,1.97,173.9,1
17927,722,1,294.0,2009-12-18 11:03:00,2009-12-18 11:03:00,108,United Kingdom,1,2,2,122,Hibernating / Lost,3,294.0,0,722,0.51,44.98,1
15718,540,1,293.79,2010-06-17 16:20:00,2010-06-17 16:20:00,95,United Kingdom,1,1,2,112,Hibernating / Lost,3,293.79,0,540,0.68,59.93,1
14192,388,1,293.74,2010-11-16 17:44:00,2010-11-16 17:44:00,218,United Kingdom,2,1,2,212,Hibernating / Lost,3,293.74,0,388,0.94,82.83,1
15928,656,1,293.53,2010-02-21 15:16:00,2010-02-21 15:16:00,164,United Kingdom,1,1,2,112,Hibernating / Lost,3,293.53,0,656,0.56,49.31,1
17710,424,1,293.5,2010-10-12 07:49:00,2010-10-12 07:49:00,158,United Kingdom,1,2,2,122,Hibernating / Lost,3,293.5,0,424,0.86,75.72,1
16402,265,2,293.45,2010-12-05 13:42:00,2011-03-20 12:25:00,146,United Kingdom,2,2,2,222,Hibernating / Lost,3,146.72,104,369,1.98,87.15,1
17441,732,1,293.35,2009-12-07 13:32:00,2009-12-07 13:32:00,245,United Kingdom,1,2,2,122,Hibernating / Lost,3,293.35,0,732,0.5,44.0,1
15060,8,4,293.0,2011-11-30 14:03:00,2011-12-01 13:47:00,256,United Kingdom,5,3,2,532,Loyal,2,73.25,0,30,48.67,1069.52,0
16721,262,1,292.47,2011-03-22 16:08:00,2011-03-22 16:08:00,172,United Kingdom,2,2,2,222,Hibernating / Lost,3,292.47,0,262,1.39,121.96,1
16543,592,1,292.21,2010-04-27 11:38:00,2010-04-27 11:38:00,317,United Kingdom,1,1,2,112,Hibernating / Lost,3,292.21,0,592,0.62,54.35,1
13739,18,2,292.2,2010-06-30 10:25:00,2011-11-21 13:35:00,76,United Kingdom,5,2,2,522,New / Promising,2,146.1,509,528,1.38,60.49,0
14985,198,2,292.01,2010-12-16 19:51:00,2011-05-25 14:29:00,256,United Kingdom,2,2,2,222,Hibernating / Lost,3,146.0,159,358,2.04,89.35,1
13449,24,1,291.88,2011-11-16 08:28:00,2011-11-16 08:28:00,222,United Kingdom,4,1,2,412,New / Promising,2,291.88,0,30,12.17,1065.65,0
17207,652,1,291.77,2010-02-25 19:08:00,2010-02-25 19:08:00,232,United Kingdom,1,2,2,122,Hibernating / Lost,3,291.77,0,652,0.56,49.02,1
17907,641,1,291.76,2010-03-09 12:33:00,2010-03-09 12:33:00,1046,United Kingdom,1,2,2,122,Hibernating / Lost,3,291.76,0,641,0.57,49.89,1
17882,379,2,291.56,2010-11-25 14:35:00,2010-11-25 14:40:00,130,United Kingdom,2,3,2,232,At Risk,3,145.78,0,379,1.93,84.41,1
16615,626,1,291.5,2010-03-23 15:13:00,2010-03-23 15:13:00,211,United Kingdom,1,1,2,112,Hibernating / Lost,3,291.5,0,626,0.58,50.72,1
18182,463,1,291.13,2010-09-02 14:25:00,2010-09-02 14:25:00,167,United Kingdom,1,2,2,122,Hibernating / Lost,3,291.13,0,463,0.79,69.0,1
17551,359,1,290.34,2010-12-15 14:12:00,2010-12-15 14:12:00,142,United Kingdom,2,2,2,222,Hibernating / Lost,3,290.34,0,359,1.02,88.84,1
15391,584,1,289.87,2010-05-04 15:04:00,2010-05-04 15:04:00,109,United Kingdom,1,1,2,112,Hibernating / Lost,3,289.87,0,584,0.62,53.92,1
16897,299,2,289.78,2011-01-30 11:52:00,2011-02-13 15:02:00,73,United Kingdom,2,3,2,232,At Risk,3,144.89,14,314,2.32,100.84,1
13796,499,1,289.7,2010-07-28 14:45:00,2010-07-28 14:45:00,218,United Kingdom,1,1,2,112,Hibernating / Lost,3,289.7,0,499,0.73,63.44,1
15962,449,1,289.48,2010-09-16 13:48:00,2010-09-16 13:48:00,228,United Kingdom,1,1,2,112,Hibernating / Lost,3,289.48,0,449,0.81,70.34,1
14162,174,2,289.36,2011-02-20 12:32:00,2011-06-19 11:36:00,142,United Kingdom,3,2,2,322,Needs Attention,3,144.68,118,293,2.49,108.08,0
15041,170,2,288.98,2010-09-21 13:16:00,2011-06-22 16:16:00,192,United Kingdom,3,2,2,322,Needs Attention,3,144.49,274,444,1.64,71.09,0
15545,54,2,288.96999999999997,2010-12-03 17:28:00,2011-10-16 13:24:00,162,United Kingdom,4,2,2,422,New / Promising,2,144.48,316,371,1.97,85.39,0
17057,596,1,288.79,2010-04-22 19:21:00,2010-04-22 19:21:00,122,United Kingdom,1,2,2,122,Hibernating / Lost,3,288.79,0,596,0.61,52.85,1
17501,221,2,288.6,2011-05-03 09:46:00,2011-05-03 09:47:00,160,United Kingdom,2,3,2,232,At Risk,3,144.3,0,221,3.3,142.86,1
16808,99,2,288.42,2011-03-10 19:05:00,2011-09-01 19:34:00,196,United Kingdom,3,2,2,322,Needs Attention,3,144.21,175,274,2.66,115.08,0
16432,64,1,287.4,2011-10-06 13:59:00,2011-10-06 13:59:00,276,United Kingdom,3,1,2,312,Needs Attention,3,287.4,0,64,5.7,491.45,0
17497,390,2,287.25,2010-04-08 08:01:00,2010-11-14 14:17:00,59,United Kingdom,2,3,2,232,At Risk,3,143.62,220,611,1.19,51.27,1
13508,244,2,287.05,2010-03-07 11:58:00,2011-04-10 11:58:00,180,United Kingdom,2,2,2,222,Hibernating / Lost,3,143.52,399,643,1.14,49.08,1
12698,590,1,285.75,2010-04-28 15:51:00,2010-04-28 15:51:00,108,Germany,1,1,2,112,Hibernating / Lost,3,285.75,0,590,0.62,53.15,1
14660,87,2,285.74,2011-08-31 10:40:00,2011-09-14 11:34:00,228,United Kingdom,3,2,2,322,Needs Attention,3,142.87,14,101,7.23,309.89,0
14402,652,1,285.6,2010-02-25 13:20:00,2010-02-25 13:20:00,240,United Kingdom,1,1,2,112,Hibernating / Lost,3,285.6,0,652,0.56,47.98,1
17636,19,1,285.56,2011-11-20 14:40:00,2011-11-20 14:40:00,182,United Kingdom,5,2,2,522,New / Promising,2,285.56,0,30,12.17,1042.58,0
12487,731,1,285.29999999999995,2009-12-09 11:36:00,2009-12-09 11:36:00,174,Sweden,1,1,1,111,Hibernating / Lost,3,285.3,0,731,0.5,42.8,1
16429,106,1,284.55,2011-08-25 13:54:00,2011-08-25 13:54:00,9,United Kingdom,3,1,1,311,Needs Attention,3,284.55,0,106,3.44,293.66,0
15445,264,2,284.5,2010-04-28 15:00:00,2011-03-20 15:06:00,118,United Kingdom,2,2,1,221,Hibernating / Lost,3,142.25,326,590,1.24,52.92,1
17359,11,2,284.46,2010-03-01 14:48:00,2011-11-28 14:37:00,237,United Kingdom,5,3,1,531,Loyal,2,142.23,636,648,1.13,48.22,0
13616,568,2,283.85,2010-01-17 14:56:00,2010-05-20 12:59:00,172,United Kingdom,1,2,1,121,Hibernating / Lost,3,141.93,122,691,1.06,45.13,1
13121,269,1,283.73,2011-03-15 16:47:00,2011-03-15 16:47:00,252,United Kingdom,2,1,1,211,Hibernating / Lost,3,283.73,0,269,1.36,115.76,1
15662,661,2,283.73,2009-12-01 13:49:00,2010-02-16 16:47:00,145,United Kingdom,1,2,1,121,Hibernating / Lost,3,141.86,77,738,0.99,42.13,1
13708,271,1,283.33,2011-03-13 13:46:00,2011-03-13 13:46:00,300,United Kingdom,2,1,1,211,Hibernating / Lost,3,283.33,0,271,1.35,114.75,1
13909,423,2,282.85,2010-07-06 16:52:00,2010-10-12 17:22:00,301,United Kingdom,1,2,1,121,Hibernating / Lost,3,141.43,98,521,1.4,59.4,1
15936,379,2,282.79,2010-08-29 11:42:00,2010-11-25 16:39:00,211,United Kingdom,2,2,1,221,Hibernating / Lost,3,141.4,88,468,1.56,66.18,1
13511,677,1,282.76,2010-02-01 12:10:00,2010-02-01 12:10:00,60,United Kingdom,1,1,1,111,Hibernating / Lost,3,282.76,0,677,0.54,45.81,1
16557,24,2,281.85,2011-07-25 13:28:00,2011-11-15 14:04:00,111,United Kingdom,4,2,1,421,New / Promising,2,140.93,113,137,5.33,225.35,0
13326,432,1,281.76,2010-10-03 16:00:00,2010-10-03 16:00:00,140,United Kingdom,1,1,1,111,Hibernating / Lost,3,281.76,0,432,0.84,71.0,1
13679,494,3,281.26,2009-12-04 16:52:00,2010-08-03 12:13:00,102,United Kingdom,1,3,1,131,At Risk,3,93.75,241,735,1.49,41.91,1
18042,54,2,281.15,2010-06-16 10:53:00,2011-10-17 11:49:00,69,United Kingdom,4,3,1,431,Loyal,2,140.57,488,542,1.35,56.93,0
12595,505,1,281.02,2010-07-23 09:10:00,2010-07-23 09:10:00,270,Germany,1,1,1,111,Hibernating / Lost,3,281.02,0,505,0.72,60.7,1
15772,418,1,280.88,2010-10-17 13:33:00,2010-10-17 13:33:00,110,United Kingdom,1,1,1,111,Hibernating / Lost,3,280.88,0,418,0.87,73.31,1
12851,97,2,280.76,2010-08-19 15:13:00,2011-09-04 12:41:00,157,United Kingdom,3,2,1,321,Needs Attention,3,140.38,380,477,1.53,64.43,0
13080,179,4,280.73,2010-04-09 13:07:00,2011-06-13 14:59:00,193,United Kingdom,3,3,1,331,Loyal,3,70.18,430,609,2.4,50.53,0
14433,466,1,280.7,2010-08-31 12:35:00,2010-08-31 12:35:00,131,United Kingdom,1,1,1,111,Hibernating / Lost,3,280.7,0,466,0.78,65.68,1
14242,235,2,280.55,2011-01-18 08:53:00,2011-04-19 11:46:00,123,United Kingdom,2,2,1,221,Hibernating / Lost,3,140.28,91,326,2.24,94.27,1
13581,309,2,280.53000000000003,2010-10-21 16:30:00,2011-02-03 14:41:00,119,United Kingdom,2,2,1,221,Hibernating / Lost,3,140.27,104,414,1.76,74.06,1
17247,15,1,280.09000000000003,2011-11-24 15:21:00,2011-11-24 15:21:00,105,United Kingdom,5,2,1,521,New / Promising,2,280.09,0,30,12.17,1022.61,0
15556,24,1,279.77,2011-11-15 16:08:00,2011-11-15 16:08:00,236,United Kingdom,4,1,1,411,New / Promising,2,279.77,0,30,12.17,1021.44,0
12515,353,1,278.7,2010-12-21 15:43:00,2010-12-21 15:43:00,128,Italy,2,1,1,211,Hibernating / Lost,3,278.7,0,353,1.03,86.12,1
14183,411,2,278.34000000000003,2010-08-15 15:36:00,2010-10-24 14:45:00,60,United Kingdom,1,2,1,121,Hibernating / Lost,3,139.17,69,481,1.52,63.46,1
14764,47,1,278.3,2011-10-24 11:54:00,2011-10-24 11:54:00,190,United Kingdom,4,1,1,411,New / Promising,2,278.3,0,47,7.77,648.72,0
14303,407,2,277.94,2010-10-01 10:31:00,2010-10-28 15:37:00,218,United Kingdom,2,2,1,221,Hibernating / Lost,3,138.97,27,435,1.68,70.04,1
15338,677,1,277.93,2010-01-31 14:25:00,2010-01-31 14:25:00,148,United Kingdom,1,1,1,111,Hibernating / Lost,3,277.93,0,677,0.54,45.02,1
16890,477,3,277.91,2010-05-06 16:27:00,2010-08-20 11:23:00,241,United Kingdom,1,3,1,131,At Risk,3,92.64,105,582,1.88,52.25,1
12495,641,1,277.4,2010-03-09 10:53:00,2010-03-09 10:53:00,128,Sweden,1,1,1,111,Hibernating / Lost,3,277.4,0,641,0.57,47.44,1
15355,29,2,277.05,2011-10-17 15:22:00,2011-11-10 13:44:00,45,United Kingdom,4,2,1,421,New / Promising,2,138.52,23,53,13.77,572.23,0
13606,29,3,276.75,2011-02-01 11:42:00,2011-11-10 17:46:00,276,United Kingdom,4,3,1,431,Loyal,2,92.25,282,312,3.51,97.14,0
13272,31,2,276.56,2011-09-11 12:06:00,2011-11-08 14:00:00,96,United Kingdom,4,2,1,421,New / Promising,2,138.28,58,90,8.11,336.44,0
12750,129,1,275.88,2011-08-03 09:13:00,2011-08-03 09:13:00,137,Poland,3,1,1,311,Needs Attention,3,275.88,0,129,2.83,234.22,0
13399,464,3,275.4,2010-07-08 17:47:00,2010-09-01 13:59:00,120,United Kingdom,1,3,1,131,At Risk,3,91.8,54,519,2.11,58.11,1
16313,3,2,274.15000000000003,2011-10-21 09:04:00,2011-12-06 13:02:00,165,United Kingdom,5,2,1,521,New / Promising,2,137.08,46,50,14.6,600.41,0
17072,625,1,273.35,2010-03-24 16:33:00,2010-03-24 16:33:00,212,United Kingdom,1,2,1,121,Hibernating / Lost,3,273.35,0,625,0.58,47.56,1
13307,120,3,273.34,2010-04-26 13:28:00,2011-08-11 17:14:00,140,United Kingdom,3,3,1,331,Loyal,3,91.11,472,592,1.85,50.57,0
17355,386,1,273.31,2010-11-18 13:18:00,2010-11-18 13:18:00,249,United Kingdom,2,2,1,221,Hibernating / Lost,3,273.31,0,386,0.95,77.89,1
13861,429,2,273.26,2010-06-27 11:37:00,2010-10-06 14:20:00,225,United Kingdom,1,2,1,121,Hibernating / Lost,3,136.63,101,531,1.37,56.15,1
17498,76,1,272.22,2011-09-25 12:25:00,2011-09-25 12:25:00,394,United Kingdom,3,2,1,321,Needs Attention,3,272.22,0,76,4.8,392.0,0
13917,50,2,272.04,2011-06-01 12:46:00,2011-10-21 09:56:00,228,United Kingdom,4,2,1,421,New / Promising,2,136.02,141,192,3.8,155.06,0
14816,197,1,271.85,2011-05-26 13:16:00,2011-05-26 13:16:00,5,United Kingdom,2,1,1,211,Hibernating / Lost,3,271.85,0,197,1.85,150.88,1
17292,472,2,271.75,2010-05-09 14:52:00,2010-08-24 17:14:00,131,United Kingdom,1,3,1,131,At Risk,3,135.88,107,579,1.26,51.36,1
14436,99,2,271.70000000000005,2010-06-04 11:32:00,2011-09-02 10:13:00,297,United Kingdom,3,2,1,321,Needs Attention,3,135.85,454,554,1.32,53.8,0
13058,25,3,271.40000000000003,2011-07-11 12:01:00,2011-11-15 12:43:00,52,United Kingdom,4,3,1,431,Loyal,2,90.47,127,152,7.2,195.42,0
15943,650,2,271.28999999999996,2010-01-31 11:04:00,2010-02-28 12:49:00,183,United Kingdom,1,2,1,121,Hibernating / Lost,3,135.64,28,678,1.08,43.95,1
17278,241,2,271.24,2010-05-23 13:49:00,2011-04-12 13:10:00,195,United Kingdom,2,3,1,231,At Risk,3,135.62,323,565,1.29,52.48,1
18238,515,1,270.92,2010-07-12 12:51:00,2010-07-12 12:51:00,114,United Kingdom,1,2,1,121,Hibernating / Lost,3,270.92,0,515,0.71,57.71,1
14520,2,2,270.6,2011-02-22 09:15:00,2011-12-08 09:46:00,146,United Kingdom,5,2,1,521,New / Promising,2,135.3,289,291,2.51,101.88,0
16757,319,2,270.48,2010-10-26 15:09:00,2011-01-25 11:59:00,180,United Kingdom,2,2,1,221,Hibernating / Lost,3,135.24,90,409,1.78,72.22,1
12558,8,1,269.96,2011-12-02 10:41:00,2011-12-02 10:41:00,196,USA,5,1,1,511,New / Promising,2,269.96,0,30,12.17,985.62,0
18267,673,1,269.37,2010-02-05 08:43:00,2010-02-05 08:43:00,135,United Kingdom,1,2,1,121,Hibernating / Lost,3,269.37,0,673,0.54,43.64,1
15964,663,1,269.21000000000004,2010-02-14 15:30:00,2010-02-14 15:30:00,93,United Kingdom,1,1,1,111,Hibernating / Lost,3,269.21,0,663,0.55,44.42,1
13533,183,3,269.09,2011-03-17 12:47:00,2011-06-10 11:54:00,202,United Kingdom,3,3,1,331,Loyal,3,89.7,84,268,4.09,110.06,1
17264,424,1,268.28,2010-10-11 12:52:00,2010-10-11 12:52:00,217,United Kingdom,1,2,1,121,Hibernating / Lost,3,268.28,0,424,0.86,69.22,1
12751,445,1,268.27,2010-09-21 12:49:00,2010-09-21 12:49:00,189,Brazil,1,1,1,111,Hibernating / Lost,3,268.27,0,445,0.82,65.99,1
18254,581,1,267.9,2010-05-07 14:37:00,2010-05-07 14:37:00,188,United Kingdom,1,2,1,121,Hibernating / Lost,3,267.9,0,581,0.63,50.63,1
14039,33,2,267.28000000000003,2010-05-13 10:15:00,2011-11-06 13:48:00,192,United Kingdom,4,2,1,421,New / Promising,2,133.64,542,576,1.27,50.92,0
15408,264,1,267.18,2011-03-20 15:02:00,2011-03-20 15:02:00,106,United Kingdom,2,1,1,211,Hibernating / Lost,3,267.18,0,264,1.38,110.61,1
15320,44,1,267.13,2011-10-26 13:27:00,2011-10-26 13:27:00,326,United Kingdom,4,1,1,411,New / Promising,2,267.13,0,44,8.3,665.15,0
15517,233,1,267.03,2011-04-20 14:02:00,2011-04-20 14:02:00,293,United Kingdom,2,1,1,211,Hibernating / Lost,3,267.03,0,233,1.57,125.77,1
15423,38,3,266.89,2010-03-28 13:42:00,2011-11-01 14:01:00,198,United Kingdom,4,3,1,431,Loyal,2,88.96,583,621,1.76,46.97,0
17786,85,2,266.85,2011-01-26 14:35:00,2011-09-15 12:51:00,195,United Kingdom,3,3,1,331,Loyal,3,133.43,231,317,2.3,92.07,0
14863,29,1,266.76,2011-11-10 15:04:00,2011-11-10 15:04:00,132,United Kingdom,4,1,1,411,New / Promising,2,266.76,0,30,12.17,973.94,0
13837,212,2,266.59000000000003,2011-01-26 12:15:00,2011-05-12 12:10:00,182,United Kingdom,2,2,1,221,Hibernating / Lost,3,133.3,105,318,2.3,91.98,1
15119,246,1,266.4,2011-04-08 09:08:00,2011-04-08 09:08:00,88,United Kingdom,2,1,1,211,Hibernating / Lost,3,266.4,0,246,1.48,118.28,1
14392,432,1,266.4,2010-10-03 12:56:00,2010-10-03 12:56:00,114,United Kingdom,1,1,1,111,Hibernating / Lost,3,266.4,0,432,0.84,67.13,1
12962,7,2,266.39,2011-08-18 13:38:00,2011-12-02 15:55:00,129,United Kingdom,5,2,1,521,New / Promising,2,133.2,106,113,6.46,258.14,0
13973,287,1,264.7,2011-02-25 15:21:00,2011-02-25 15:21:00,109,United Kingdom,2,1,1,211,Hibernating / Lost,3,264.7,0,287,1.27,100.85,1
16334,492,1,263.73,2010-08-04 16:38:00,2010-08-04 16:38:00,206,United Kingdom,1,1,1,111,Hibernating / Lost,3,263.73,0,492,0.74,58.55,1
13128,631,1,263.5,2010-03-18 15:08:00,2010-03-18 15:08:00,31,United Kingdom,1,1,1,111,Hibernating / Lost,3,263.5,0,631,0.58,45.85,1
16089,386,2,263.49,2010-07-18 15:51:00,2010-11-18 13:51:00,119,United Kingdom,2,2,1,221,Hibernating / Lost,3,131.74,122,509,1.43,56.52,1
12892,397,1,263.38,2010-11-08 09:51:00,2010-11-08 09:51:00,140,United Kingdom,2,1,1,211,Hibernating / Lost,3,263.38,0,397,0.92,72.69,1
12715,106,1,263.36,2011-08-25 15:22:00,2011-08-25 15:22:00,190,Sweden,3,1,1,311,Needs Attention,3,263.36,0,106,3.44,271.79,0
17808,549,4,262.64,2010-05-07 16:26:00,2010-06-09 10:44:00,143,United Kingdom,1,4,1,141,Can't Lose Them,3,65.66,32,581,2.51,49.44,1
13331,402,1,262.4,2010-11-03 08:04:00,2010-11-03 08:04:00,54,United Kingdom,2,1,1,211,Hibernating / Lost,3,262.4,0,402,0.91,71.64,1
17910,726,1,261.7,2009-12-13 16:04:00,2009-12-13 16:04:00,121,United Kingdom,1,2,1,121,Hibernating / Lost,3,261.7,0,726,0.5,39.25,1
14957,253,2,261.69,2010-03-05 10:50:00,2011-03-31 17:59:00,97,United Kingdom,2,2,1,221,Hibernating / Lost,3,130.84,391,645,1.13,44.35,1
13189,19,2,260.68,2011-08-16 13:12:00,2011-11-21 10:39:00,842,United Kingdom,5,2,1,521,New / Promising,2,130.34,96,115,6.35,248.3,0
17901,29,3,260.08,2010-07-06 10:54:00,2011-11-10 17:29:00,38,United Kingdom,4,3,1,431,Loyal,2,86.69,492,522,2.1,54.61,0
17022,31,2,260.0,2010-10-03 10:27:00,2011-11-08 17:09:00,180,United Kingdom,4,3,1,431,Loyal,2,130.0,401,433,1.69,65.91,0
16733,530,1,259.68,2010-06-28 10:12:00,2010-06-28 10:12:00,112,United Kingdom,1,2,1,121,Hibernating / Lost,3,259.68,0,530,0.69,53.75,1
12665,325,3,259.6,2010-02-08 15:11:00,2011-01-19 08:34:00,162,Germany,2,3,1,231,At Risk,3,86.53,344,669,1.64,42.57,1
13127,78,1,259.17,2011-09-23 10:26:00,2011-09-23 10:26:00,127,United Kingdom,3,1,1,311,Needs Attention,3,259.17,0,78,4.68,363.87,0
17558,393,1,259.17,2010-11-11 14:36:00,2010-11-11 14:36:00,54,United Kingdom,2,2,1,221,Hibernating / Lost,3,259.17,0,393,0.93,72.31,1
17219,32,2,259.13,2010-10-19 11:29:00,2011-11-08 11:25:00,188,United Kingdom,4,3,1,431,Loyal,2,129.56,384,417,1.75,68.02,0
15536,409,1,259.09,2010-10-26 16:31:00,2010-10-26 16:31:00,242,United Kingdom,2,1,1,211,Hibernating / Lost,3,259.09,0,409,0.89,69.18,1
14526,389,1,258.65,2010-11-15 13:32:00,2010-11-15 13:32:00,178,United Kingdom,2,1,1,211,Hibernating / Lost,3,258.65,0,389,0.94,72.94,1
13683,458,1,258.6,2010-09-08 10:00:00,2010-09-08 10:00:00,180,United Kingdom,1,1,1,111,Hibernating / Lost,3,258.6,0,458,0.8,62.06,1
16502,620,2,258.55,2010-03-29 13:39:00,2010-03-29 13:44:00,220,United Kingdom,1,2,1,121,Hibernating / Lost,3,129.28,0,620,1.18,45.77,1
13227,202,1,257.7,2011-05-22 11:47:00,2011-05-22 11:47:00,99,United Kingdom,2,1,1,211,Hibernating / Lost,3,257.7,0,202,1.81,139.93,1
15014,43,2,257.67,2011-06-16 19:40:00,2011-10-27 20:07:00,149,United Kingdom,4,2,1,421,New / Promising,2,128.84,133,176,4.15,160.41,0
15894,253,2,257.6,2010-12-05 14:06:00,2011-03-31 13:50:00,163,United Kingdom,2,2,1,221,Hibernating / Lost,3,128.8,115,369,1.98,76.51,1
16542,54,2,257.32,2010-11-03 14:44:00,2011-10-17 10:47:00,142,United Kingdom,4,2,1,421,New / Promising,2,128.66,347,401,1.82,70.25,0
15503,363,2,257.3,2009-12-13 11:34:00,2010-12-12 10:57:00,130,United Kingdom,2,2,1,221,Hibernating / Lost,3,128.65,363,727,1.0,38.6,1
15852,187,3,257.26,2010-07-01 10:16:00,2011-06-06 11:22:00,60,United Kingdom,3,3,1,331,Loyal,3,85.75,340,527,2.08,53.51,1
14483,282,2,257.1,2009-12-03 10:16:00,2011-03-03 10:26:00,193,United Kingdom,2,2,1,221,Hibernating / Lost,3,128.55,455,737,0.99,38.18,1
15404,376,1,257.06,2010-11-29 11:03:00,2010-11-29 11:03:00,334,United Kingdom,2,1,1,211,Hibernating / Lost,3,257.06,0,376,0.97,74.8,1
14876,521,2,256.7,2010-05-27 13:49:00,2010-07-06 14:57:00,162,United Kingdom,1,2,1,121,Hibernating / Lost,3,128.35,40,561,1.3,50.06,1
14274,686,1,256.6,2010-01-22 12:51:00,2010-01-22 12:51:00,178,United Kingdom,1,1,1,111,Hibernating / Lost,3,256.6,0,686,0.53,40.8,1
13806,64,1,256.38,2011-10-07 11:43:00,2011-10-07 11:43:00,56,United Kingdom,3,1,1,311,Needs Attention,3,256.38,0,64,5.7,438.41,0
17896,23,1,256.32,2011-11-16 13:59:00,2011-11-16 13:59:00,288,United Kingdom,4,2,1,421,New / Promising,2,256.32,0,30,12.17,935.82,0
17385,15,1,256.11,2011-11-25 11:02:00,2011-11-25 11:02:00,197,United Kingdom,5,2,1,521,New / Promising,2,256.11,0,30,12.17,935.06,0
13825,622,2,255.59,2009-12-09 14:30:00,2010-03-28 11:02:00,182,United Kingdom,1,2,1,121,Hibernating / Lost,3,127.8,108,730,1.0,38.34,1
14881,20,1,255.4,2011-11-20 11:06:00,2011-11-20 11:06:00,316,United Kingdom,4,1,1,411,New / Promising,2,255.4,0,30,12.17,932.47,0
16911,636,2,255.25,2010-02-16 16:12:00,2010-03-14 12:18:00,161,United Kingdom,1,3,1,131,At Risk,3,127.62,25,661,1.1,42.11,1
12746,541,1,254.55,2010-06-17 10:41:00,2010-06-17 10:41:00,97,United Kingdom,1,1,1,111,Hibernating / Lost,3,254.55,0,541,0.67,51.16,1
14765,29,3,254.11,2011-06-16 19:49:00,2011-11-10 19:53:00,135,United Kingdom,4,3,1,431,Loyal,2,84.7,147,176,6.22,158.05,0
17626,603,1,254.0,2010-04-16 12:15:00,2010-04-16 12:15:00,202,United Kingdom,1,2,1,121,Hibernating / Lost,3,254.0,0,603,0.61,46.48,1
16845,618,1,253.88,2010-03-31 13:09:00,2010-03-31 13:09:00,167,United Kingdom,1,2,1,121,Hibernating / Lost,3,253.88,0,618,0.59,44.94,1
13250,461,2,253.09,2010-07-25 14:01:00,2010-09-05 11:33:00,107,United Kingdom,1,2,1,121,Hibernating / Lost,3,126.54,41,502,1.45,55.04,1
17992,389,1,252.88,2010-11-15 13:04:00,2010-11-15 13:04:00,130,United Kingdom,2,2,1,221,Hibernating / Lost,3,252.88,0,389,0.94,71.31,1
15019,267,1,252.81,2011-03-18 12:35:00,2011-03-18 12:35:00,150,United Kingdom,2,1,1,211,Hibernating / Lost,3,252.81,0,267,1.37,103.9,1
15035,90,1,252.73000000000002,2011-09-11 11:08:00,2011-09-11 11:08:00,245,United Kingdom,3,1,1,311,Needs Attention,3,252.73,0,90,4.06,307.83,0
13251,402,1,252.68,2010-11-02 13:20:00,2010-11-02 13:20:00,215,United Kingdom,2,1,1,211,Hibernating / Lost,3,252.68,0,402,0.91,68.98,1
16908,722,1,252.59,2009-12-17 13:35:00,2009-12-17 13:35:00,61,United Kingdom,1,2,1,121,Hibernating / Lost,3,252.59,0,722,0.51,38.65,1
15552,217,2,252.52,2010-03-26 16:17:00,2011-05-06 14:47:00,166,United Kingdom,2,2,1,221,Hibernating / Lost,3,126.26,405,623,1.17,44.32,1
16074,390,1,252.5,2010-11-14 13:19:00,2010-11-14 13:19:00,38,United Kingdom,2,1,1,211,Hibernating / Lost,3,252.5,0,390,0.94,71.2,1
13404,1,2,252.49,2011-05-11 11:57:00,2011-12-08 15:37:00,111,United Kingdom,5,2,1,521,New / Promising,2,126.24,211,213,3.43,129.9,0
13645,120,1,252.1,2011-08-11 16:11:00,2011-08-11 16:11:00,158,United Kingdom,3,1,1,311,Needs Attention,3,252.1,0,120,3.04,229.92,0
17210,393,1,251.72,2010-11-12 12:15:00,2010-11-12 12:15:00,242,United Kingdom,2,2,1,221,Hibernating / Lost,3,251.72,0,393,0.93,70.23,1
16453,531,2,251.71,2010-06-09 13:15:00,2010-06-27 12:46:00,139,United Kingdom,1,2,1,121,Hibernating / Lost,3,125.86,17,548,1.33,50.22,1
16976,267,1,251.51999999999998,2011-03-17 16:33:00,2011-03-17 16:33:00,88,United Kingdom,2,2,1,221,Hibernating / Lost,3,251.52,0,267,1.37,103.37,1
14501,184,2,251.21,2011-01-24 10:43:00,2011-06-09 12:02:00,161,United Kingdom,3,2,1,321,Needs Attention,3,125.6,136,320,2.28,85.91,1
14166,505,2,251.15,2010-03-23 15:10:00,2010-07-22 19:42:00,82,United Kingdom,1,2,1,121,Hibernating / Lost,3,125.58,121,626,1.17,44.08,1
18266,434,1,251.1,2010-10-01 15:33:00,2010-10-01 15:33:00,138,United Kingdom,1,2,1,121,Hibernating / Lost,3,251.1,0,434,0.84,63.28,1
16962,410,1,251.04,2010-10-26 11:36:00,2010-10-26 11:36:00,158,United Kingdom,1,2,1,121,Hibernating / Lost,3,251.04,0,410,0.89,67.03,1
12807,383,1,250.35,2010-11-21 14:21:00,2010-11-21 14:21:00,143,Sweden,2,1,1,211,Hibernating / Lost,3,250.35,0,383,0.95,71.35,1
15231,621,1,250.26,2010-03-28 15:12:00,2010-03-28 15:12:00,190,United Kingdom,1,1,1,111,Hibernating / Lost,3,250.26,0,621,0.59,44.3,1
17303,361,1,250.04,2010-12-13 13:32:00,2010-12-13 13:32:00,144,United Kingdom,2,2,1,221,Hibernating / Lost,3,250.04,0,361,1.01,75.76,1
15510,331,1,250.0,2011-01-13 12:10:00,2011-01-13 12:10:00,2,United Kingdom,2,1,1,211,Hibernating / Lost,3,250.0,0,331,1.1,82.5,1
16893,367,2,249.47,2010-11-28 15:14:00,2010-12-08 12:06:00,116,United Kingdom,2,3,1,231,At Risk,3,124.74,9,376,1.94,72.6,1
13061,72,1,248.61,2011-09-28 16:04:00,2011-09-28 16:04:00,107,United Kingdom,3,1,1,311,Needs Attention,3,248.61,0,72,5.07,378.14,0
13592,36,4,247.95999999999998,2011-03-20 14:01:00,2011-11-04 09:49:00,84,United Kingdom,4,3,1,431,Loyal,2,61.99,228,264,5.53,102.84,0
16381,396,2,247.85,2010-10-17 13:06:00,2010-11-09 09:56:00,108,United Kingdom,2,2,1,221,Hibernating / Lost,3,123.92,22,418,1.75,65.06,1
15293,666,1,247.5,2010-02-12 11:54:00,2010-02-12 11:54:00,178,United Kingdom,1,1,1,111,Hibernating / Lost,3,247.5,0,666,0.55,40.84,1
18072,186,1,247.44,2011-06-07 10:44:00,2011-06-07 10:44:00,288,United Kingdom,3,2,1,321,Needs Attention,3,247.44,0,186,1.96,145.49,1
13349,11,1,247.32,2011-11-29 08:07:00,2011-11-29 08:07:00,225,United Kingdom,5,1,1,511,New / Promising,2,247.32,0,30,12.17,902.97,0
14658,5,2,247.15,2011-08-14 15:42:00,2011-12-04 15:35:00,47,United Kingdom,5,2,1,521,New / Promising,2,123.58,111,117,6.24,231.34,0
14654,738,1,246.86,2009-12-01 12:57:00,2009-12-01 12:57:00,273,United Kingdom,1,1,1,111,Hibernating / Lost,3,246.86,0,738,0.49,36.29,1
15697,690,1,246.75,2010-01-19 09:10:00,2010-01-19 09:10:00,127,United Kingdom,1,1,1,111,Hibernating / Lost,3,246.75,0,690,0.53,39.23,1
13943,578,1,246.54,2010-05-11 11:30:00,2010-05-11 11:30:00,94,United Kingdom,1,1,1,111,Hibernating / Lost,3,246.54,0,578,0.63,46.6,1
15495,379,1,246.5,2010-11-25 13:46:00,2010-11-25 13:46:00,194,United Kingdom,2,1,1,211,Hibernating / Lost,3,246.5,0,379,0.96,70.99,1
15378,463,2,246.5,2010-07-26 08:47:00,2010-09-03 11:30:00,130,United Kingdom,1,2,1,121,Hibernating / Lost,3,123.25,39,502,1.45,53.61,1
15783,11,1,246.3,2011-11-29 09:50:00,2011-11-29 09:50:00,212,United Kingdom,5,1,1,511,New / Promising,2,246.3,0,30,12.17,899.24,0
18153,659,1,246.22,2010-02-18 15:50:00,2010-02-18 15:50:00,200,United Kingdom,1,2,1,121,Hibernating / Lost,3,246.22,0,659,0.55,40.63,1
16778,74,2,245.94,2011-03-10 15:21:00,2011-09-26 13:48:00,194,United Kingdom,3,2,1,321,Needs Attention,3,122.97,199,274,2.66,98.13,0
14325,570,1,245.48000000000002,2010-05-19 09:20:00,2010-05-19 09:20:00,320,United Kingdom,1,1,1,111,Hibernating / Lost,3,245.48,0,570,0.64,47.13,1
14281,408,1,245.15,2010-10-27 14:45:00,2010-10-27 14:45:00,45,United Kingdom,2,1,1,211,Hibernating / Lost,3,245.15,0,408,0.89,65.46,1
15118,134,1,244.8,2011-07-28 14:54:00,2011-07-28 14:54:00,1440,United Kingdom,3,1,1,311,Needs Attention,3,244.8,0,134,2.72,199.76,0
15884,432,2,244.60000000000002,2009-12-03 18:23:00,2010-10-03 15:55:00,152,United Kingdom,1,2,1,121,Hibernating / Lost,3,122.3,303,736,0.99,36.32,1
16528,4,1,244.41,2011-12-06 12:45:00,2011-12-06 12:45:00,171,United Kingdom,5,1,1,511,New / Promising,2,244.41,0,30,12.17,892.34,0
14694,617,1,244.31,2010-04-01 19:46:00,2010-04-01 19:46:00,193,United Kingdom,1,1,1,111,Hibernating / Lost,3,244.31,0,617,0.59,43.24,1
13551,319,2,244.2,2010-02-11 15:01:00,2011-01-24 14:46:00,36,United Kingdom,2,2,1,221,Hibernating / Lost,3,122.1,346,666,1.1,40.29,1
17892,56,3,244.1,2011-07-07 12:56:00,2011-10-14 16:49:00,109,United Kingdom,4,3,1,431,Loyal,2,81.37,99,155,7.06,172.34,0
17925,373,1,244.08,2010-12-02 10:10:00,2010-12-02 10:10:00,72,United Kingdom,2,2,1,221,Hibernating / Lost,3,244.08,0,373,0.98,71.76,1
13676,539,2,243.9,2010-03-30 16:53:00,2010-06-18 17:30:00,104,United Kingdom,1,2,1,121,Hibernating / Lost,3,121.95,80,619,1.18,43.17,1
16793,57,1,243.84,2011-10-13 15:08:00,2011-10-13 15:08:00,146,United Kingdom,4,2,1,421,New / Promising,3,243.84,0,57,6.4,468.17,0
13886,71,1,243.56,2011-09-29 13:17:00,2011-09-29 13:17:00,126,United Kingdom,3,1,1,311,Needs Attention,3,243.56,0,71,5.14,375.57,0
12655,424,1,243.35000000000002,2010-10-12 09:17:00,2010-10-12 09:17:00,79,France,1,1,1,111,Hibernating / Lost,3,243.35,0,424,0.86,62.78,1
12650,3,1,242.44000000000003,2011-12-06 16:34:00,2011-12-06 16:34:00,250,France,5,1,1,511,New / Promising,2,242.44,0,30,12.17,885.15,0
16215,81,1,242.35,2011-09-20 10:18:00,2011-09-20 10:18:00,104,United Kingdom,3,1,1,311,Needs Attention,3,242.35,0,81,4.51,327.9,0
15543,288,2,242.26,2010-09-06 11:28:00,2011-02-24 15:26:00,167,United Kingdom,2,2,1,221,Hibernating / Lost,3,121.13,171,460,1.59,57.78,1
17009,551,1,242.06,2010-06-06 16:01:00,2010-06-06 16:01:00,336,United Kingdom,1,2,1,121,Hibernating / Lost,3,242.06,0,551,0.66,47.93,1
13445,626,1,241.89999999999998,2010-03-23 15:34:00,2010-03-23 15:34:00,198,United Kingdom,1,1,1,111,Hibernating / Lost,3,241.9,0,626,0.58,42.09,1
13582,390,2,241.68,2010-04-01 11:38:00,2010-11-15 11:34:00,106,United Kingdom,2,2,1,221,Hibernating / Lost,3,120.84,227,618,1.18,42.78,1
15776,133,1,241.62,2011-07-29 13:46:00,2011-07-29 13:46:00,138,United Kingdom,3,1,1,311,Needs Attention,3,241.62,0,133,2.74,198.61,0
14774,529,1,241.45,2010-06-29 12:26:00,2010-06-29 12:26:00,99,United Kingdom,1,1,1,111,Hibernating / Lost,3,241.45,0,529,0.69,49.98,1
14523,108,1,241.09,2011-08-23 13:13:00,2011-08-23 13:13:00,251,United Kingdom,3,1,1,311,Needs Attention,3,241.09,0,108,3.38,244.47,0
16427,263,2,241.06,2011-02-28 15:18:00,2011-03-21 17:10:00,156,United Kingdom,2,2,1,221,Hibernating / Lost,3,120.53,21,284,2.57,92.93,1
16508,630,1,240.95,2010-03-19 13:41:00,2010-03-19 13:41:00,103,United Kingdom,1,1,1,111,Hibernating / Lost,3,240.95,0,630,0.58,41.93,1
13674,433,1,240.68,2010-10-03 10:41:00,2010-10-03 10:41:00,102,United Kingdom,1,1,1,111,Hibernating / Lost,3,240.68,0,433,0.84,60.65,1
15286,50,1,240.55,2011-10-21 11:08:00,2011-10-21 11:08:00,55,United Kingdom,4,1,1,411,New / Promising,2,240.55,0,50,7.3,526.8,0
15336,402,1,240.5,2010-11-03 12:39:00,2010-11-03 12:39:00,84,United Kingdom,2,1,1,211,Hibernating / Lost,3,240.5,0,402,0.91,65.66,1
15931,428,1,239.9,2010-10-07 16:46:00,2010-10-07 16:46:00,118,United Kingdom,1,1,1,111,Hibernating / Lost,3,239.9,0,428,0.85,61.17,1
15690,4,2,239.76,2011-08-31 11:40:00,2011-12-05 15:59:00,408,United Kingdom,5,2,1,521,New / Promising,2,119.88,96,101,7.23,260.02,0
13570,243,1,239.49,2011-04-10 13:36:00,2011-04-10 13:36:00,161,United Kingdom,2,1,1,211,Hibernating / Lost,3,239.49,0,243,1.5,107.77,1
13789,388,1,239.45999999999998,2010-11-16 15:31:00,2010-11-16 15:31:00,258,United Kingdom,2,1,1,211,Hibernating / Lost,3,239.46,0,388,0.94,67.53,1
17684,44,1,239.41,2011-10-27 11:10:00,2011-10-27 11:10:00,145,United Kingdom,4,2,1,421,New / Promising,2,239.41,0,44,8.3,596.13,0
17981,411,1,239.12,2010-10-25 10:40:00,2010-10-25 10:40:00,260,United Kingdom,1,2,1,121,Hibernating / Lost,3,239.12,0,411,0.89,63.85,1
13275,384,2,238.86,2010-03-17 14:05:00,2010-11-21 12:09:00,138,United Kingdom,2,2,1,221,Hibernating / Lost,3,119.43,248,632,1.16,41.56,1
12561,303,1,238.85,2011-02-10 11:39:00,2011-02-10 11:39:00,177,Germany,2,1,1,211,Hibernating / Lost,3,238.85,0,303,1.2,85.99,1
16280,725,1,238.05,2009-12-14 15:49:00,2009-12-14 15:49:00,101,United Kingdom,1,1,1,111,Hibernating / Lost,3,238.05,0,725,0.5,35.71,1
18002,376,4,237.62,2009-12-08 11:07:00,2010-11-29 10:57:00,70,United Kingdom,2,4,1,241,Can't Lose Them,3,59.4,355,732,1.99,35.46,1
17877,170,1,237.61,2011-06-22 13:00:00,2011-06-22 13:00:00,98,United Kingdom,3,2,1,321,Needs Attention,3,237.61,0,170,2.15,153.26,0
14586,277,1,237.36,2011-03-08 10:04:00,2011-03-08 10:04:00,444,United Kingdom,2,1,1,211,Hibernating / Lost,3,237.36,0,277,1.32,93.99,1
15457,262,1,237.07,2011-03-22 15:31:00,2011-03-22 15:31:00,132,United Kingdom,2,1,1,211,Hibernating / Lost,3,237.07,0,262,1.39,98.86,1
12604,79,2,236.18,2011-03-23 12:06:00,2011-09-21 14:08:00,200,France,3,2,1,321,Needs Attention,3,118.09,182,262,2.79,98.84,0
13088,417,1,236.11,2010-10-18 15:35:00,2010-10-18 15:35:00,76,United Kingdom,1,1,1,111,Hibernating / Lost,3,236.11,0,417,0.88,62.33,1
16026,43,1,236.09,2011-10-27 13:53:00,2011-10-27 13:53:00,243,United Kingdom,4,1,1,411,New / Promising,2,236.09,0,43,8.49,601.32,0
12741,533,1,236.07,2010-06-24 16:24:00,2010-06-24 16:24:00,213,USA,1,1,1,111,Hibernating / Lost,3,236.07,0,533,0.68,48.16,1
17093,593,1,235.88,2010-04-26 10:22:00,2010-04-26 10:22:00,114,United Kingdom,1,2,1,121,Hibernating / Lost,3,235.88,0,593,0.62,43.87,1
17872,382,1,235.87,2010-11-23 12:02:00,2010-11-23 12:02:00,176,United Kingdom,2,2,1,221,Hibernating / Lost,3,235.87,0,382,0.96,67.93,1
16046,562,1,235.78,2010-05-26 13:18:00,2010-05-26 13:18:00,248,United Kingdom,1,1,1,111,Hibernating / Lost,3,235.78,0,562,0.65,45.98,1
14982,572,1,234.88,2010-05-16 15:52:00,2010-05-16 15:52:00,123,United Kingdom,1,1,1,111,Hibernating / Lost,3,234.88,0,572,0.64,45.1,1
12392,591,1,234.75000000000003,2010-04-27 14:04:00,2010-04-27 14:04:00,73,Australia,1,1,1,111,Hibernating / Lost,3,234.75,0,591,0.62,43.66,1
13114,731,1,234.38,2009-12-09 09:56:00,2009-12-09 09:56:00,74,United Kingdom,1,1,1,111,Hibernating / Lost,3,234.38,0,731,0.5,35.16,1
14473,74,2,234.34000000000003,2011-03-02 13:56:00,2011-09-26 15:10:00,88,United Kingdom,3,2,1,321,Needs Attention,3,117.17,208,282,2.59,91.04,0
17060,266,1,234.24,2011-03-18 13:27:00,2011-03-18 13:27:00,216,United Kingdom,2,2,1,221,Hibernating / Lost,3,234.24,0,266,1.37,96.27,1
13009,673,1,234.0,2010-02-05 12:22:00,2010-02-05 12:22:00,120,United Kingdom,1,1,1,111,Hibernating / Lost,3,234.0,0,673,0.54,37.91,1
13348,64,1,233.76,2011-10-06 17:28:00,2011-10-06 17:28:00,136,United Kingdom,3,1,1,311,Needs Attention,3,233.76,0,64,5.7,399.73,0
14153,483,1,233.4,2010-08-13 14:35:00,2010-08-13 14:35:00,312,United Kingdom,1,1,1,111,Hibernating / Lost,3,233.4,0,483,0.76,53.22,1
15294,411,1,233.35,2010-10-25 11:45:00,2010-10-25 11:45:00,97,United Kingdom,1,1,1,111,Hibernating / Lost,3,233.35,0,411,0.89,62.3,1
13129,452,2,233.25,2010-06-28 11:54:00,2010-09-13 13:47:00,296,United Kingdom,1,2,1,121,Hibernating / Lost,3,116.62,77,530,1.38,48.28,1
16302,127,1,233.22,2011-08-05 09:44:00,2011-08-05 09:44:00,158,United Kingdom,3,1,1,311,Needs Attention,3,233.22,0,127,2.87,200.8,0
17055,446,1,232.85,2010-09-20 12:21:00,2010-09-20 12:21:00,83,United Kingdom,1,2,1,121,Hibernating / Lost,3,232.85,0,446,0.82,57.28,1
13678,152,1,232.6,2011-07-11 10:14:00,2011-07-11 10:14:00,924,United Kingdom,3,1,1,311,Needs Attention,3,232.6,0,152,2.4,167.47,0
18213,237,1,232.48000000000002,2011-04-17 10:21:00,2011-04-17 10:21:00,232,United Kingdom,2,2,1,221,Hibernating / Lost,3,232.48,0,237,1.54,107.41,1
13608,541,1,232.05,2010-06-17 12:28:00,2010-06-17 12:28:00,110,United Kingdom,1,1,1,111,Hibernating / Lost,3,232.05,0,541,0.67,46.64,1
14995,39,2,231.98000000000002,2011-03-04 13:14:00,2011-11-01 11:39:00,102,United Kingdom,4,2,1,421,New / Promising,2,115.99,241,280,2.61,90.82,0
16408,591,1,231.93,2010-04-27 14:08:00,2010-04-27 14:08:00,227,United Kingdom,1,1,1,111,Hibernating / Lost,3,231.93,0,591,0.62,43.14,1
17151,735,1,231.90000000000003,2009-12-04 14:56:00,2009-12-04 14:56:00,42,United Kingdom,1,2,1,121,Hibernating / Lost,3,231.9,0,735,0.5,34.78,1
17136,662,1,231.68,2010-02-15 13:13:00,2010-02-15 13:13:00,256,United Kingdom,1,2,1,121,Hibernating / Lost,3,231.68,0,662,0.55,38.23,1
18279,519,1,231.33999999999997,2010-07-08 14:48:00,2010-07-08 14:48:00,630,United Kingdom,1,2,1,121,Hibernating / Lost,3,231.34,0,519,0.7,48.58,1
15487,680,1,231.32,2010-01-29 12:07:00,2010-01-29 12:07:00,144,United Kingdom,1,1,1,111,Hibernating / Lost,3,231.32,0,680,0.54,37.47,1
18030,4,2,230.64999999999998,2011-10-28 13:55:00,2011-12-05 16:37:00,67,United Kingdom,5,3,1,531,Loyal,2,115.32,38,42,17.38,601.28,0
17125,50,1,230.5,2011-10-20 14:41:00,2011-10-20 14:41:00,281,United Kingdom,4,2,1,421,New / Promising,3,230.5,0,50,7.3,504.79,0
13960,21,2,230.22,2011-09-29 12:39:00,2011-11-18 15:27:00,142,United Kingdom,4,2,1,421,New / Promising,2,115.11,50,72,10.14,350.16,0
18197,576,1,230.1,2010-05-13 10:46:00,2010-05-13 10:46:00,166,United Kingdom,1,2,1,121,Hibernating / Lost,3,230.1,0,576,0.63,43.49,1
14314,107,2,229.8,2010-10-05 08:00:00,2011-08-25 10:39:00,332,United Kingdom,3,2,1,321,Needs Attention,3,114.9,324,431,1.69,58.25,0
14017,571,1,229.75,2010-05-17 14:52:00,2010-05-17 14:52:00,73,United Kingdom,1,1,1,111,Hibernating / Lost,3,229.75,0,571,0.64,44.11,1
12812,45,1,229.64000000000001,2011-10-26 09:54:00,2011-10-26 09:54:00,164,Japan,4,1,1,411,New / Promising,2,229.64,0,45,8.11,558.71,0
13403,18,3,229.5,2009-12-16 13:23:00,2011-11-22 08:28:00,114,United Kingdom,5,3,1,531,Loyal,2,76.5,705,723,1.51,34.65,0
17185,592,3,229.46,2010-04-20 13:49:00,2010-04-27 12:15:00,119,United Kingdom,1,3,1,131,At Risk,3,76.49,6,598,1.83,41.99,1
15528,254,1,229.33,2011-03-30 16:14:00,2011-03-30 16:14:00,123,United Kingdom,2,1,1,211,Hibernating / Lost,3,229.33,0,254,1.44,99.07,1
17743,448,1,229.2,2010-09-17 14:54:00,2010-09-17 14:54:00,96,United Kingdom,1,2,1,121,Hibernating / Lost,3,229.2,0,448,0.81,55.7,1
17347,86,1,228.96,2011-09-14 13:12:00,2011-09-14 13:12:00,216,United Kingdom,3,2,1,321,Needs Attention,3,228.96,0,86,4.24,291.24,0
15273,600,1,228.96,2010-04-19 11:31:00,2010-04-19 11:31:00,216,United Kingdom,1,1,1,111,Hibernating / Lost,3,228.96,0,600,0.61,41.9,1
13146,26,1,228.91,2011-11-13 15:29:00,2011-11-13 15:29:00,154,United Kingdom,4,1,1,411,New / Promising,2,228.91,0,30,12.17,835.75,0
17066,726,1,228.34,2009-12-13 13:24:00,2009-12-13 13:24:00,93,United Kingdom,1,2,1,121,Hibernating / Lost,3,228.34,0,726,0.5,34.25,1
16760,430,1,228.0,2010-10-05 15:55:00,2010-10-05 15:55:00,168,United Kingdom,1,2,1,121,Hibernating / Lost,3,228.0,0,430,0.85,58.14,1
15566,393,2,227.87,2009-12-15 14:53:00,2010-11-12 12:11:00,153,United Kingdom,2,2,1,221,Hibernating / Lost,3,113.94,331,724,1.01,34.52,1
14363,402,2,227.47000000000003,2010-09-14 14:39:00,2010-11-02 17:01:00,105,United Kingdom,2,2,1,221,Hibernating / Lost,3,113.74,49,451,1.62,55.28,1
17868,386,1,227.15,2010-11-18 18:55:00,2010-11-18 18:55:00,85,United Kingdom,2,2,1,221,Hibernating / Lost,3,227.15,0,386,0.95,64.74,1
12660,11,1,227.1,2011-11-28 13:26:00,2011-11-28 13:26:00,126,France,5,1,1,511,New / Promising,2,227.1,0,30,12.17,829.14,0
16740,395,1,226.91,2010-11-09 13:34:00,2010-11-09 13:34:00,110,United Kingdom,2,2,1,221,Hibernating / Lost,3,226.91,0,395,0.92,62.63,1
15451,434,2,226.86,2010-04-19 14:08:00,2010-10-01 13:40:00,76,United Kingdom,1,2,1,121,Hibernating / Lost,3,113.43,164,599,1.22,41.52,1
18005,4,2,226.47,2011-10-23 14:40:00,2011-12-06 11:51:00,86,United Kingdom,5,3,1,531,Loyal,2,113.24,43,47,15.53,527.59,0
14718,410,1,226.42,2010-10-25 13:07:00,2010-10-25 13:07:00,202,United Kingdom,1,1,1,111,Hibernating / Lost,3,226.42,0,410,0.89,60.45,1
12771,486,1,226.3,2010-08-11 11:51:00,2010-08-11 11:51:00,102,Portugal,1,1,1,111,Hibernating / Lost,3,226.3,0,486,0.75,50.92,1
17993,617,1,225.99,2010-04-01 14:23:00,2010-04-01 14:23:00,108,United Kingdom,1,2,1,121,Hibernating / Lost,3,225.99,0,617,0.59,40.0,1
14069,515,2,225.81,2010-05-27 12:30:00,2010-07-13 12:12:00,58,United Kingdom,1,2,1,121,Hibernating / Lost,3,112.9,46,562,1.3,44.03,1
17915,551,1,225.78,2010-06-06 13:22:00,2010-06-06 13:22:00,184,United Kingdom,1,2,1,121,Hibernating / Lost,3,225.78,0,551,0.66,44.7,1
16622,544,1,225.4,2010-06-14 10:44:00,2010-06-14 10:44:00,44,United Kingdom,1,1,1,111,Hibernating / Lost,3,225.4,0,544,0.67,45.31,1
12789,65,3,225.35,2010-01-15 12:06:00,2011-10-05 13:34:00,33,Netherlands,3,3,1,331,Loyal,2,75.12,628,694,1.58,35.61,0
16587,232,1,225.15,2011-04-21 15:51:00,2011-04-21 15:51:00,71,United Kingdom,2,1,1,211,Hibernating / Lost,3,225.15,0,232,1.57,106.05,1
14357,43,1,225.12,2011-10-27 16:23:00,2011-10-27 16:23:00,147,United Kingdom,4,1,1,411,New / Promising,2,225.12,0,43,8.49,573.38,0
16346,385,1,224.51,2010-11-19 15:55:00,2010-11-19 15:55:00,289,United Kingdom,2,1,1,211,Hibernating / Lost,3,224.51,0,385,0.95,63.99,1
15175,72,1,224.14,2011-09-29 11:31:00,2011-09-29 11:31:00,454,United Kingdom,3,1,1,311,Needs Attention,3,224.14,0,72,5.07,340.92,0
12914,401,1,223.98,2010-11-04 12:28:00,2010-11-04 12:28:00,336,United Kingdom,2,1,1,211,Hibernating / Lost,3,223.98,0,401,0.91,61.15,1
16753,58,1,223.92000000000002,2011-10-12 13:14:00,2011-10-12 13:14:00,189,United Kingdom,4,2,1,421,New / Promising,3,223.92,0,58,6.29,422.54,0
14928,628,1,223.91000000000003,2010-03-22 09:14:00,2010-03-22 09:14:00,268,United Kingdom,1,1,1,111,Hibernating / Lost,3,223.91,0,628,0.58,38.96,1
16562,477,1,223.85999999999999,2010-08-20 11:45:00,2010-08-20 11:45:00,264,United Kingdom,1,1,1,111,Hibernating / Lost,3,223.86,0,477,0.77,51.71,1
13926,23,1,223.85000000000002,2011-11-16 13:16:00,2011-11-16 13:16:00,104,United Kingdom,4,1,1,411,New / Promising,2,223.85,0,30,12.17,817.28,0
13619,545,2,223.44,2010-02-03 14:16:00,2010-06-13 11:39:00,78,United Kingdom,1,2,1,121,Hibernating / Lost,3,111.72,129,674,1.08,36.2,1
17967,372,2,223.42,2010-10-19 13:19:00,2010-12-03 11:19:00,111,United Kingdom,2,3,1,231,At Risk,3,111.71,44,416,1.75,58.65,1
18131,632,1,222.95999999999998,2010-03-18 08:48:00,2010-03-18 08:48:00,552,United Kingdom,1,2,1,121,Hibernating / Lost,3,222.96,0,632,0.58,38.8,1
12887,384,1,222.4,2010-11-21 11:18:00,2010-11-21 11:18:00,100,United Kingdom,2,1,1,211,Hibernating / Lost,3,222.4,0,384,0.95,63.38,1
14596,627,1,222.22000000000003,2010-03-23 12:13:00,2010-03-23 12:13:00,75,United Kingdom,1,1,1,111,Hibernating / Lost,3,222.22,0,627,0.58,38.67,1
15788,509,1,221.82999999999998,2010-07-19 12:48:00,2010-07-19 12:48:00,115,United Kingdom,1,1,1,111,Hibernating / Lost,3,221.83,0,509,0.72,47.92,1
14445,456,1,221.65,2010-09-10 11:09:00,2010-09-10 11:09:00,83,United Kingdom,1,1,1,111,Hibernating / Lost,3,221.65,0,456,0.8,53.2,1
17261,510,1,221.59,2010-07-18 11:49:00,2010-07-18 11:49:00,95,United Kingdom,1,2,1,121,Hibernating / Lost,3,221.59,0,510,0.72,47.86,1
17087,738,1,221.53,2009-12-02 10:41:00,2009-12-02 10:41:00,113,United Kingdom,1,2,1,121,Hibernating / Lost,3,221.53,0,738,0.49,32.56,1
14960,8,2,221.27,2011-06-21 13:38:00,2011-12-01 12:54:00,221,United Kingdom,5,2,1,521,New / Promising,2,110.64,162,171,4.27,141.73,0
12563,409,1,221.24,2010-10-27 09:52:00,2010-10-27 09:52:00,112,Italy,2,1,1,211,Hibernating / Lost,3,221.24,0,409,0.89,59.07,1
13419,64,1,221.06,2011-10-07 12:49:00,2011-10-07 12:49:00,275,United Kingdom,3,1,1,311,Needs Attention,3,221.06,0,64,5.7,378.01,0
12821,214,2,220.8,2010-04-07 15:14:00,2011-05-09 15:51:00,162,United Kingdom,2,2,1,221,Hibernating / Lost,3,110.4,397,611,1.19,39.41,1
16482,16,1,220.62,2011-11-24 12:33:00,2011-11-24 12:33:00,346,United Kingdom,5,1,1,511,New / Promising,2,220.62,0,30,12.17,805.48,0
13033,357,2,220.55,2010-10-06 09:37:00,2010-12-17 14:23:00,98,United Kingdom,2,2,1,221,Hibernating / Lost,3,110.28,72,430,1.7,56.24,1
18132,504,1,220.13,2010-07-23 16:54:00,2010-07-23 16:54:00,212,United Kingdom,1,2,1,121,Hibernating / Lost,3,220.13,0,504,0.72,47.55,1
18114,290,1,220.1,2011-02-22 13:20:00,2011-02-22 13:20:00,55,United Kingdom,2,2,1,221,Hibernating / Lost,3,220.1,0,290,1.26,83.2,1
13454,641,1,219.87,2010-03-08 14:40:00,2010-03-08 14:40:00,198,United Kingdom,1,1,1,111,Hibernating / Lost,3,219.87,0,641,0.57,37.6,1
13992,30,3,219.5,2010-09-02 17:04:00,2011-11-09 15:23:00,154,United Kingdom,4,3,1,431,Loyal,2,73.17,432,463,2.37,52.02,0
14074,623,1,219.39999999999998,2010-03-26 13:55:00,2010-03-26 13:55:00,228,United Kingdom,1,1,1,111,Hibernating / Lost,3,219.4,0,623,0.59,38.83,1
15096,43,1,219.39000000000001,2011-10-28 10:27:00,2011-10-28 10:27:00,120,United Kingdom,4,1,1,411,New / Promising,2,219.39,0,43,8.49,558.79,0
12799,529,1,219.35,2010-06-28 15:57:00,2010-06-28 15:57:00,137,Japan,1,1,1,111,Hibernating / Lost,3,219.35,0,529,0.69,45.41,1
14458,381,1,219.26999999999998,2010-11-24 12:43:00,2010-11-24 12:43:00,309,United Kingdom,2,1,1,211,Hibernating / Lost,3,219.27,0,381,0.96,63.15,1
15790,10,1,218.75,2011-11-29 14:53:00,2011-11-29 14:53:00,113,United Kingdom,5,1,1,511,New / Promising,2,218.75,0,30,12.17,798.66,0
15086,565,2,218.53,2010-03-24 13:56:00,2010-05-24 12:27:00,95,United Kingdom,1,2,1,121,Hibernating / Lost,3,109.26,60,625,1.17,38.35,1
12732,180,1,218.26000000000002,2011-06-13 11:33:00,2011-06-13 11:33:00,110,France,3,1,1,311,Needs Attention,3,218.26,0,180,2.03,132.92,0
15591,583,3,217.9,2010-02-04 09:20:00,2010-05-06 09:23:00,58,United Kingdom,1,3,1,131,At Risk,3,72.63,91,674,1.62,35.3,1
16035,560,1,217.73,2010-05-28 15:09:00,2010-05-28 15:09:00,33,United Kingdom,1,1,1,111,Hibernating / Lost,3,217.73,0,560,0.65,42.46,1
16666,19,2,217.71,2010-03-28 15:13:00,2011-11-20 14:01:00,354,United Kingdom,5,2,1,521,New / Promising,2,108.86,601,621,1.18,38.54,0
15554,278,1,217.2,2011-03-07 09:00:00,2011-03-07 09:00:00,74,United Kingdom,2,1,1,211,Hibernating / Lost,3,217.2,0,278,1.31,85.36,1
13423,429,1,217.03,2010-10-07 09:02:00,2010-10-07 09:02:00,141,United Kingdom,1,1,1,111,Hibernating / Lost,3,217.03,0,429,0.85,55.34,1
15401,452,2,216.95000000000002,2010-05-20 10:56:00,2010-09-13 13:42:00,93,United Kingdom,1,2,1,121,Hibernating / Lost,3,108.48,116,569,1.28,41.66,1
18021,510,2,216.41,2010-07-15 18:47:00,2010-07-18 10:52:00,168,United Kingdom,1,3,1,131,At Risk,3,108.2,2,512,1.43,46.42,1
12430,43,1,216.4,2011-10-27 15:09:00,2011-10-27 15:09:00,116,Norway,4,1,1,411,New / Promising,2,216.4,0,43,8.49,551.17,0
17902,547,1,216.39999999999998,2010-06-11 12:25:00,2010-06-11 12:25:00,526,United Kingdom,1,2,1,121,Hibernating / Lost,3,216.4,0,547,0.67,43.5,1
15604,52,1,216.39,2011-10-18 14:47:00,2011-10-18 14:47:00,159,United Kingdom,4,1,1,411,New / Promising,3,216.39,0,52,7.02,455.72,0
13858,57,1,216.17,2011-10-13 16:17:00,2011-10-13 16:17:00,75,United Kingdom,4,1,1,411,New / Promising,3,216.17,0,57,6.4,415.05,0
16179,61,1,215.83,2011-10-10 09:41:00,2011-10-10 09:41:00,99,United Kingdom,3,1,1,311,Needs Attention,3,215.83,0,61,5.98,387.2,0
16189,16,2,215.48,2011-09-15 15:21:00,2011-11-24 11:47:00,134,United Kingdom,5,2,1,521,New / Promising,2,107.74,69,85,8.59,277.65,0
14376,683,1,215.46,2010-01-25 15:36:00,2010-01-25 15:36:00,50,United Kingdom,1,1,1,111,Hibernating / Lost,3,215.46,0,683,0.53,34.26,1
14635,454,1,215.22,2010-09-12 10:47:00,2010-09-12 10:47:00,118,United Kingdom,1,1,1,111,Hibernating / Lost,3,215.22,0,454,0.8,51.65,1
18007,393,1,215.22,2010-11-12 11:08:00,2010-11-12 11:08:00,246,United Kingdom,2,2,1,221,Hibernating / Lost,3,215.22,0,393,0.93,60.05,1
16338,157,1,214.79999999999998,2011-07-05 13:56:00,2011-07-05 13:56:00,94,United Kingdom,3,1,1,311,Needs Attention,3,214.8,0,157,2.32,149.5,0
14106,737,1,214.79999999999998,2009-12-02 14:09:00,2009-12-02 14:09:00,24,United Kingdom,1,1,1,111,Hibernating / Lost,3,214.8,0,737,0.5,32.22,1
14361,579,1,214.70999999999998,2010-05-10 12:29:00,2010-05-10 12:29:00,251,United Kingdom,1,1,1,111,Hibernating / Lost,3,214.71,0,579,0.63,40.58,1
17619,312,1,214.37,2011-01-31 14:18:00,2011-01-31 14:18:00,124,United Kingdom,2,2,1,221,Hibernating / Lost,3,214.37,0,312,1.17,75.24,1
15460,354,1,214.26,2010-12-20 16:08:00,2010-12-20 16:08:00,107,United Kingdom,2,1,1,211,Hibernating / Lost,3,214.26,0,354,1.03,66.21,1
14271,226,2,214.18,2010-10-26 17:01:00,2011-04-28 12:47:00,148,United Kingdom,2,2,1,221,Hibernating / Lost,3,107.09,183,409,1.78,57.19,1
14601,11,1,213.96,2011-11-29 09:48:00,2011-11-29 09:48:00,168,United Kingdom,5,1,1,511,New / Promising,2,213.96,0,30,12.17,781.17,0
18157,571,1,213.9,2010-05-17 14:09:00,2010-05-17 14:09:00,145,United Kingdom,1,2,1,121,Hibernating / Lost,3,213.9,0,571,0.64,41.07,1
13621,117,1,213.85,2011-08-15 08:26:00,2011-08-15 08:26:00,343,United Kingdom,3,1,1,311,Needs Attention,3,213.85,0,117,3.12,200.16,0
17153,24,1,213.78,2011-11-15 13:42:00,2011-11-15 13:42:00,104,United Kingdom,4,2,1,421,New / Promising,2,213.78,0,30,12.17,780.51,0
13411,107,1,213.55,2011-08-24 13:57:00,2011-08-24 13:57:00,72,United Kingdom,3,1,1,311,Needs Attention,3,213.55,0,107,3.41,218.46,0
16591,69,1,213.5,2011-10-02 10:43:00,2011-10-02 10:43:00,41,United Kingdom,3,1,1,311,Needs Attention,3,213.5,0,69,5.29,338.82,0
13724,637,1,213.01,2010-03-12 15:28:00,2010-03-12 15:28:00,130,United Kingdom,1,1,1,111,Hibernating / Lost,3,213.01,0,637,0.57,36.42,1
12961,379,1,211.99,2010-11-25 16:44:00,2010-11-25 16:44:00,180,United Kingdom,2,1,1,211,Hibernating / Lost,3,211.99,0,379,0.96,61.05,1
12470,690,1,211.95,2010-01-19 11:01:00,2010-01-19 11:01:00,95,Unspecified,1,1,1,111,Hibernating / Lost,3,211.95,0,690,0.53,33.7,1
15866,101,1,211.89,2011-08-30 14:09:00,2011-08-30 14:09:00,124,United Kingdom,3,1,1,311,Needs Attention,3,211.89,0,101,3.61,229.48,0
13651,40,2,211.85,2010-11-23 09:44:00,2011-10-31 12:11:00,61,United Kingdom,4,2,1,421,New / Promising,2,105.92,342,382,1.91,60.69,0
14843,437,1,211.79999999999998,2010-09-29 12:39:00,2010-09-29 12:39:00,132,United Kingdom,1,1,1,111,Hibernating / Lost,3,211.8,0,437,0.84,53.37,1
15703,265,1,211.5,2011-03-20 10:51:00,2011-03-20 10:51:00,66,United Kingdom,2,1,1,211,Hibernating / Lost,3,211.5,0,265,1.38,87.56,1
13271,37,1,211.49,2011-11-02 14:31:00,2011-11-02 14:31:00,240,United Kingdom,4,1,1,411,New / Promising,2,211.49,0,37,9.86,625.59,0
12995,85,1,211.32,2011-09-15 15:44:00,2011-09-15 15:44:00,108,United Kingdom,3,1,1,311,Needs Attention,3,211.32,0,85,4.29,271.97,0
15490,430,1,210.85,2010-10-05 13:11:00,2010-10-05 13:11:00,82,United Kingdom,1,1,1,111,Hibernating / Lost,3,210.85,0,430,0.85,53.77,1
13691,396,1,210.78,2010-11-08 17:34:00,2010-11-08 17:34:00,144,United Kingdom,2,1,1,211,Hibernating / Lost,3,210.78,0,396,0.92,58.18,1
14992,442,1,210.5,2010-09-23 17:48:00,2010-09-23 17:48:00,145,United Kingdom,1,1,1,111,Hibernating / Lost,3,210.5,0,442,0.83,52.41,1
13532,34,1,210.31,2011-11-06 12:25:00,2011-11-06 12:25:00,129,United Kingdom,4,1,1,411,New / Promising,2,210.31,0,34,10.74,677.62,0
17217,234,2,210.1,2010-03-30 13:35:00,2011-04-19 17:19:00,93,United Kingdom,2,3,1,231,At Risk,3,105.05,385,619,1.18,37.19,1
16874,379,1,209.89000000000001,2010-11-25 13:08:00,2010-11-25 13:08:00,78,United Kingdom,2,2,1,221,Hibernating / Lost,3,209.89,0,379,0.96,60.45,1
17484,576,2,209.57,2010-03-25 16:17:00,2010-05-12 15:41:00,339,United Kingdom,1,3,1,131,At Risk,3,104.78,47,624,1.17,36.78,1
13828,22,1,209.49,2011-11-17 16:02:00,2011-11-17 16:02:00,311,United Kingdom,4,1,1,411,New / Promising,2,209.49,0,30,12.17,764.85,0
13056,551,1,209.48,2010-06-06 14:10:00,2010-06-06 14:10:00,158,United Kingdom,1,1,1,111,Hibernating / Lost,3,209.48,0,551,0.66,41.48,1
14003,733,1,209.41,2009-12-07 08:53:00,2009-12-07 08:53:00,149,United Kingdom,1,1,1,111,Hibernating / Lost,3,209.41,0,733,0.5,31.41,1
15112,611,1,209.4,2010-04-07 14:17:00,2010-04-07 14:17:00,72,United Kingdom,1,1,1,111,Hibernating / Lost,3,209.4,0,611,0.6,37.69,1
16487,577,2,209.4,2010-02-18 17:36:00,2010-05-11 13:38:00,163,United Kingdom,1,2,1,121,Hibernating / Lost,3,104.7,81,659,1.11,34.87,1
17855,373,1,208.97,2010-12-02 09:44:00,2010-12-02 09:44:00,197,United Kingdom,2,2,1,221,Hibernating / Lost,3,208.97,0,373,0.98,61.44,1
15327,53,1,208.75,2011-10-18 11:55:00,2011-10-18 11:55:00,116,United Kingdom,4,1,1,411,New / Promising,3,208.75,0,53,6.89,431.49,0
15741,458,2,208.62,2010-03-31 11:55:00,2010-09-07 16:21:00,70,United Kingdom,1,2,1,121,Hibernating / Lost,3,104.31,160,619,1.18,36.93,1
15897,194,2,208.59,2011-05-29 13:32:00,2011-05-29 13:50:00,223,United Kingdom,2,2,1,221,Hibernating / Lost,3,104.3,0,194,3.76,117.65,1
16457,218,1,208.36,2011-05-05 13:19:00,2011-05-05 13:19:00,140,United Kingdom,2,1,1,211,Hibernating / Lost,3,208.36,0,218,1.67,104.39,1
15212,241,2,208.28,2010-11-28 10:45:00,2011-04-12 13:45:00,84,United Kingdom,2,2,1,221,Hibernating / Lost,3,104.14,135,377,1.94,60.61,1
12848,676,1,208.0,2010-02-02 12:45:00,2010-02-02 12:45:00,58,United Kingdom,1,1,1,111,Hibernating / Lost,3,208.0,0,676,0.54,33.7,1
16964,733,2,207.85,2009-12-06 12:51:00,2009-12-06 12:53:00,49,United Kingdom,1,3,1,131,At Risk,3,103.92,0,733,1.0,31.18,1
16866,141,3,207.73999999999998,2011-07-01 12:34:00,2011-07-22 10:06:00,60,United Kingdom,3,3,1,331,Loyal,3,69.25,20,162,6.76,140.44,0
15052,319,1,207.73000000000002,2011-01-24 15:52:00,2011-01-24 15:52:00,79,United Kingdom,2,1,1,211,Hibernating / Lost,3,207.73,0,319,1.14,71.04,1
16752,373,1,207.5,2010-12-02 12:18:00,2010-12-02 12:18:00,54,United Kingdom,2,2,1,221,Hibernating / Lost,3,207.5,0,373,0.98,61.0,1
13099,99,1,207.35999999999999,2011-09-01 17:40:00,2011-09-01 17:40:00,288,United Kingdom,3,1,1,311,Needs Attention,3,207.36,0,99,3.69,229.55,0
17989,379,1,207.32999999999998,2010-11-25 13:49:00,2010-11-25 13:49:00,300,United Kingdom,2,2,1,221,Hibernating / Lost,3,207.33,0,379,0.96,59.71,1
15925,194,1,207.15,2011-05-29 15:35:00,2011-05-29 15:35:00,93,United Kingdom,2,1,1,211,Hibernating / Lost,3,207.15,0,194,1.88,116.83,1
15295,654,1,207.04,2010-02-23 13:03:00,2010-02-23 13:03:00,139,United Kingdom,1,1,1,111,Hibernating / Lost,3,207.04,0,654,0.56,34.78,1
15820,320,1,206.98,2011-01-24 12:00:00,2011-01-24 12:00:00,128,United Kingdom,2,1,1,211,Hibernating / Lost,3,206.98,0,320,1.14,70.79,1
17166,39,2,206.34,2011-05-20 08:18:00,2011-11-01 09:46:00,78,United Kingdom,4,3,1,431,Loyal,2,103.17,165,204,3.58,110.8,0
14964,247,1,206.21,2011-04-06 14:13:00,2011-04-06 14:13:00,143,United Kingdom,2,1,1,211,Hibernating / Lost,3,206.21,0,247,1.48,91.56,1
15914,378,2,205.99,2010-11-26 16:09:00,2010-11-26 16:10:00,149,United Kingdom,2,2,1,221,Hibernating / Lost,3,103.0,0,378,1.93,59.64,1
14278,410,1,205.83,2010-10-26 12:07:00,2010-10-26 12:07:00,131,United Kingdom,1,1,1,111,Hibernating / Lost,3,205.83,0,410,0.89,54.96,1
16540,414,1,205.75,2010-10-21 17:22:00,2010-10-21 17:22:00,105,United Kingdom,1,1,1,111,Hibernating / Lost,3,205.75,0,414,0.88,54.32,1
17670,228,1,205.7,2011-04-26 09:12:00,2011-04-26 09:12:00,110,United Kingdom,2,2,1,221,Hibernating / Lost,3,205.7,0,228,1.6,98.74,1
16490,436,1,205.41000000000003,2010-09-29 16:30:00,2010-09-29 16:30:00,113,United Kingdom,1,1,1,111,Hibernating / Lost,3,205.41,0,436,0.84,51.76,1
14602,656,1,205.35999999999999,2010-02-21 15:47:00,2010-02-21 15:47:00,80,United Kingdom,1,1,1,111,Hibernating / Lost,3,205.36,0,656,0.56,34.5,1
15307,96,1,205.3,2011-09-05 11:38:00,2011-09-05 11:38:00,37,United Kingdom,3,1,1,311,Needs Attention,3,205.3,0,96,3.8,234.04,0
15758,25,1,205.25,2011-11-15 10:48:00,2011-11-15 10:48:00,47,United Kingdom,4,1,1,411,New / Promising,2,205.25,0,30,12.17,749.37,0
12400,414,1,205.25,2010-10-21 13:45:00,2010-10-21 13:45:00,91,Australia,1,1,1,111,Hibernating / Lost,3,205.25,0,414,0.88,54.19,1
15319,284,1,204.5,2011-03-01 12:48:00,2011-03-01 12:48:00,175,United Kingdom,2,1,1,211,Hibernating / Lost,3,204.5,0,284,1.29,79.14,1
17271,736,1,204.3,2009-12-03 13:49:00,2009-12-03 13:49:00,113,United Kingdom,1,2,1,121,Hibernating / Lost,3,204.3,0,736,0.5,30.64,1
16901,729,1,204.26,2009-12-10 16:30:00,2009-12-10 16:30:00,42,United Kingdom,1,2,1,121,Hibernating / Lost,3,204.26,0,729,0.5,30.64,1
17206,53,1,204.24,2011-10-17 13:25:00,2011-10-17 13:25:00,76,United Kingdom,4,2,1,421,New / Promising,3,204.24,0,53,6.89,422.16,0
14468,734,1,204.24,2009-12-06 12:21:00,2009-12-06 12:21:00,164,United Kingdom,1,1,1,111,Hibernating / Lost,3,204.24,0,734,0.5,30.64,1
13017,7,1,204.0,2011-12-02 15:53:00,2011-12-02 15:53:00,48,United Kingdom,5,1,1,511,New / Promising,2,204.0,0,30,12.17,744.8,0
17394,219,1,203.86999999999998,2011-05-04 13:22:00,2011-05-04 13:22:00,241,United Kingdom,2,2,1,221,Hibernating / Lost,3,203.87,0,219,1.67,102.14,1
17891,162,1,203.85999999999999,2011-06-30 20:08:00,2011-06-30 20:08:00,393,United Kingdom,3,2,1,321,Needs Attention,3,203.86,0,162,2.25,137.61,0
14519,684,2,203.14,2009-12-11 10:40:00,2010-01-25 11:18:00,81,United Kingdom,1,2,1,121,Hibernating / Lost,3,101.57,45,729,1.0,30.47,1
17074,563,1,203.05,2010-05-26 12:04:00,2010-05-26 12:04:00,19,United Kingdom,1,2,1,121,Hibernating / Lost,3,203.05,0,563,0.65,39.59,1
15459,417,2,202.82999999999998,2010-07-30 14:31:00,2010-10-18 15:25:00,121,United Kingdom,1,2,1,121,Hibernating / Lost,3,101.42,80,497,1.47,44.73,1
15558,639,1,202.68,2010-03-10 15:25:00,2010-03-10 15:25:00,73,United Kingdom,1,1,1,111,Hibernating / Lost,3,202.68,0,639,0.57,34.66,1
18169,61,1,202.65,2011-10-10 12:18:00,2011-10-10 12:18:00,61,United Kingdom,3,2,1,321,Needs Attention,3,202.65,0,61,5.98,363.55,0
12416,657,1,202.56,2010-02-21 10:19:00,2010-02-21 10:19:00,132,Australia,1,1,1,111,Hibernating / Lost,3,202.56,0,657,0.56,34.03,1
14892,691,1,202.35000000000002,2010-01-18 08:58:00,2010-01-18 08:58:00,79,United Kingdom,1,1,1,111,Hibernating / Lost,3,202.35,0,691,0.53,32.17,1
12718,71,1,202.25,2011-09-29 16:38:00,2011-09-29 16:38:00,201,France,3,1,1,311,Needs Attention,3,202.25,0,71,5.14,311.87,0
14385,9,3,202.11,2011-11-16 11:55:00,2011-11-30 15:36:00,159,United Kingdom,5,3,1,531,Loyal,2,67.37,14,30,36.5,737.7,0
13284,331,1,201.19,2011-01-13 09:23:00,2011-01-13 09:23:00,91,United Kingdom,2,1,1,211,Hibernating / Lost,3,201.19,0,331,1.1,66.39,1
18281,181,2,201.14,2010-05-11 10:49:00,2011-06-12 10:53:00,146,United Kingdom,3,3,1,331,Loyal,3,100.57,397,578,1.26,38.02,1
12702,20,1,201.0,2011-11-20 10:36:00,2011-11-20 10:36:00,52,Germany,4,1,1,411,New / Promising,2,201.0,0,30,12.17,733.85,0
13556,429,2,200.82,2010-09-30 09:01:00,2010-10-06 16:44:00,134,United Kingdom,1,2,1,121,Hibernating / Lost,3,100.41,6,436,1.67,50.31,1
14330,624,1,200.63,2010-03-26 09:10:00,2010-03-26 09:10:00,103,United Kingdom,1,1,1,111,Hibernating / Lost,3,200.63,0,624,0.58,34.91,1
17693,137,1,200.47,2011-07-25 15:48:00,2011-07-25 15:48:00,231,United Kingdom,3,2,1,321,Needs Attention,3,200.47,0,137,2.66,159.98,0
13133,274,3,200.45000000000002,2010-09-06 15:30:00,2011-03-11 10:31:00,55,United Kingdom,2,3,1,231,At Risk,3,66.82,185,459,2.39,47.91,1
13944,653,1,200.43,2010-02-24 15:02:00,2010-02-24 15:02:00,153,United Kingdom,1,1,1,111,Hibernating / Lost,3,200.43,0,653,0.56,33.67,1
14782,320,1,200.10000000000002,2011-01-24 11:12:00,2011-01-24 11:12:00,114,United Kingdom,2,1,1,211,Hibernating / Lost,3,200.1,0,320,1.14,68.43,1
15593,71,1,199.8,2011-09-30 11:46:00,2011-09-30 11:46:00,60,United Kingdom,3,1,1,311,Needs Attention,3,199.8,0,71,5.14,308.09,0
13322,17,1,199.48000000000002,2011-11-22 14:21:00,2011-11-22 14:21:00,117,United Kingdom,5,1,1,511,New / Promising,2,199.48,0,30,12.17,728.3,0
14521,491,1,199.45000000000002,2010-08-05 16:35:00,2010-08-05 16:35:00,211,United Kingdom,1,1,1,111,Hibernating / Lost,3,199.45,0,491,0.74,44.28,1
18126,61,1,198.58,2011-10-10 12:19:00,2011-10-10 12:19:00,129,United Kingdom,3,2,1,321,Needs Attention,3,198.58,0,61,5.98,356.25,0
15020,379,1,198.47,2010-11-25 13:29:00,2010-11-25 13:29:00,111,United Kingdom,2,1,1,211,Hibernating / Lost,3,198.47,0,379,0.96,57.16,1
17184,569,2,198.41000000000003,2009-12-09 14:17:00,2010-05-19 14:24:00,73,United Kingdom,1,3,1,131,At Risk,3,99.21,161,730,1.0,29.76,1
17778,662,1,197.70000000000002,2010-02-16 12:44:00,2010-02-16 12:44:00,214,United Kingdom,1,2,1,121,Hibernating / Lost,3,197.7,0,662,0.55,32.62,1
14185,331,1,197.65,2011-01-12 13:52:00,2011-01-12 13:52:00,6,United Kingdom,2,1,1,211,Hibernating / Lost,3,197.65,0,331,1.1,65.22,1
14789,29,1,197.64,2011-11-11 08:59:00,2011-11-11 08:59:00,116,United Kingdom,4,1,1,411,New / Promising,2,197.64,0,30,12.17,721.58,0
17112,503,1,197.57,2010-07-25 11:14:00,2010-07-25 11:14:00,130,United Kingdom,1,2,1,121,Hibernating / Lost,3,197.57,0,503,0.73,43.27,1
12927,395,1,197.31,2010-11-10 10:02:00,2010-11-10 10:02:00,145,United Kingdom,2,1,1,211,Hibernating / Lost,3,197.31,0,395,0.92,54.46,1
15001,394,2,197.10999999999999,2010-11-10 13:31:00,2010-11-10 13:51:00,69,United Kingdom,2,2,1,221,Hibernating / Lost,3,98.56,0,394,1.85,54.7,1
15234,277,1,197.0,2011-03-08 08:53:00,2011-03-08 08:53:00,196,United Kingdom,2,1,1,211,Hibernating / Lost,3,197.0,0,277,1.32,78.01,1
13436,2,1,196.89,2011-12-08 10:33:00,2011-12-08 10:33:00,76,United Kingdom,5,1,1,511,New / Promising,2,196.89,0,30,12.17,718.85,0
15746,134,1,196.88,2011-07-28 15:21:00,2011-07-28 15:21:00,178,United Kingdom,3,1,1,311,Needs Attention,3,196.88,0,134,2.72,160.65,0
13978,15,2,196.79000000000002,2011-10-25 15:04:00,2011-11-25 11:36:00,315,United Kingdom,5,2,1,521,New / Promising,2,98.4,30,45,16.22,478.81,0
16937,499,1,196.25,2010-07-28 17:56:00,2010-07-28 17:56:00,123,United Kingdom,1,2,1,121,Hibernating / Lost,3,196.25,0,499,0.73,42.98,1
16112,143,4,195.73999999999998,2011-01-05 11:47:00,2011-07-19 14:28:00,574,United Kingdom,3,4,1,341,Loyal,3,48.93,195,339,4.31,63.27,0
13757,675,1,195.55,2010-02-03 12:37:00,2010-02-03 12:37:00,54,United Kingdom,1,1,1,111,Hibernating / Lost,3,195.55,0,675,0.54,31.68,1
17010,18,1,195.36,2011-11-21 14:49:00,2011-11-21 14:49:00,118,United Kingdom,5,2,1,521,New / Promising,2,195.36,0,30,12.17,713.26,0
15612,36,2,195.15,2011-10-09 12:49:00,2011-11-03 14:52:00,52,United Kingdom,4,2,1,421,New / Promising,2,97.58,25,62,11.77,344.55,0
14405,387,1,195.0,2010-11-18 11:40:00,2010-11-18 11:40:00,100,United Kingdom,2,1,1,211,Hibernating / Lost,3,195.0,0,387,0.94,54.99,1
17468,10,3,194.8,2010-11-29 17:25:00,2011-11-29 15:33:00,184,United Kingdom,5,3,1,531,Loyal,2,64.93,364,375,2.92,56.88,0
17065,638,2,194.7,2010-03-12 11:40:00,2010-03-12 11:41:00,82,United Kingdom,1,3,1,131,At Risk,3,97.35,0,638,1.14,33.29,1
17475,79,1,194.37,2011-09-21 14:55:00,2011-09-21 14:55:00,178,United Kingdom,3,2,1,321,Needs Attention,3,194.37,0,79,4.62,269.4,0
16299,477,1,193.65,2010-08-19 17:46:00,2010-08-19 17:46:00,107,United Kingdom,1,1,1,111,Hibernating / Lost,3,193.65,0,477,0.77,44.73,1
14476,257,1,193.0,2011-03-27 15:39:00,2011-03-27 15:39:00,110,United Kingdom,2,1,1,211,Hibernating / Lost,3,193.0,0,257,1.42,82.22,1
14768,17,2,192.60000000000002,2011-08-04 13:25:00,2011-11-22 12:54:00,52,United Kingdom,5,2,1,521,New / Promising,2,96.3,109,127,5.75,166.12,0
15729,213,3,192.55,2010-11-01 13:44:00,2011-05-11 12:36:00,47,United Kingdom,2,3,1,231,At Risk,3,64.18,190,403,2.72,52.37,1
16965,227,1,192.07,2011-04-27 12:08:00,2011-04-27 12:08:00,243,United Kingdom,2,2,1,221,Hibernating / Lost,3,192.07,0,227,1.61,92.77,1
18028,583,1,192.05,2010-05-05 13:28:00,2010-05-05 13:28:00,133,United Kingdom,1,2,1,121,Hibernating / Lost,3,192.05,0,583,0.63,36.3,1
14100,138,1,191.95000000000002,2011-07-25 11:01:00,2011-07-25 11:01:00,63,United Kingdom,3,1,1,311,Needs Attention,3,191.95,0,138,2.64,152.02,0
15909,174,1,191.94,2011-06-19 10:38:00,2011-06-19 10:38:00,98,United Kingdom,3,1,1,311,Needs Attention,3,191.94,0,174,2.1,120.92,0
16695,562,2,191.9,2010-05-27 12:24:00,2010-05-27 12:36:00,184,United Kingdom,1,2,1,121,Hibernating / Lost,3,95.95,0,562,1.3,37.42,1
14279,521,2,191.86,2010-01-27 16:34:00,2010-07-07 08:42:00,46,United Kingdom,1,2,1,121,Hibernating / Lost,3,95.93,160,681,1.07,30.79,1
15692,28,1,191.04,2011-11-11 14:12:00,2011-11-11 14:12:00,138,United Kingdom,4,1,1,411,New / Promising,2,191.04,0,30,12.17,697.49,0
14728,413,1,190.58,2010-10-22 15:57:00,2010-10-22 15:57:00,68,United Kingdom,1,1,1,111,Hibernating / Lost,3,190.58,0,413,0.88,50.31,1
15688,419,1,190.57,2010-10-17 12:06:00,2010-10-17 12:06:00,95,United Kingdom,1,1,1,111,Hibernating / Lost,3,190.57,0,419,0.87,49.74,1
15412,171,1,190.53,2011-06-21 15:24:00,2011-06-21 15:24:00,108,United Kingdom,3,1,1,311,Needs Attention,3,190.53,0,171,2.13,121.75,0
18020,544,1,190.48000000000002,2010-06-14 12:31:00,2010-06-14 12:31:00,67,United Kingdom,1,2,1,121,Hibernating / Lost,3,190.48,0,544,0.67,38.29,1
14617,403,2,190.47000000000003,2010-10-20 10:40:00,2010-11-02 11:41:00,81,United Kingdom,2,2,1,221,Hibernating / Lost,3,95.24,13,416,1.75,50.0,1
13766,495,1,190.35,2010-08-01 14:25:00,2010-08-01 14:25:00,137,United Kingdom,1,1,1,111,Hibernating / Lost,3,190.35,0,495,0.74,42.26,1
13972,71,2,190.25,2011-05-22 11:34:00,2011-09-30 11:54:00,187,United Kingdom,3,2,1,321,Needs Attention,3,95.12,131,202,3.61,103.01,0
17257,436,2,189.78,2010-09-29 12:49:00,2010-09-29 12:51:00,187,United Kingdom,1,3,1,131,At Risk,3,94.89,0,437,1.67,47.54,1
18046,650,1,189.63,2010-02-28 11:36:00,2010-02-28 11:36:00,44,United Kingdom,1,2,1,121,Hibernating / Lost,3,189.63,0,650,0.56,31.86,1
13826,176,1,189.5,2011-06-16 13:48:00,2011-06-16 13:48:00,82,United Kingdom,3,1,1,311,Needs Attention,3,189.5,0,176,2.07,117.68,0
14801,61,1,189.34,2011-10-09 15:24:00,2011-10-09 15:24:00,173,United Kingdom,3,1,1,311,Needs Attention,3,189.34,0,61,5.98,339.68,0
16277,734,1,188.69,2009-12-06 11:27:00,2009-12-06 11:27:00,33,United Kingdom,1,1,1,111,Hibernating / Lost,3,188.69,0,734,0.5,28.3,1
14697,218,2,188.60999999999999,2011-05-05 15:29:00,2011-05-05 15:39:00,181,United Kingdom,2,2,1,221,Hibernating / Lost,3,94.3,0,218,3.35,94.77,1
17283,379,1,188.46,2010-11-26 11:53:00,2010-11-26 11:53:00,179,United Kingdom,2,2,1,221,Hibernating / Lost,3,188.46,0,379,0.96,54.28,1
16051,682,1,188.44,2010-01-27 09:38:00,2010-01-27 09:38:00,80,United Kingdom,1,1,1,111,Hibernating / Lost,3,188.44,0,682,0.54,30.53,1
13063,481,1,188.4,2010-08-16 12:27:00,2010-08-16 12:27:00,116,United Kingdom,1,1,1,111,Hibernating / Lost,3,188.4,0,481,0.76,42.96,1
14830,53,1,188.03,2011-10-17 14:29:00,2011-10-17 14:29:00,163,United Kingdom,4,1,1,411,New / Promising,3,188.03,0,53,6.89,388.66,0
17781,159,2,188.02,2011-03-31 19:54:00,2011-07-03 16:00:00,34,United Kingdom,3,3,1,331,Loyal,3,94.01,93,253,2.89,81.51,0
17279,58,1,187.82999999999998,2011-10-13 11:58:00,2011-10-13 11:58:00,48,United Kingdom,4,2,1,421,New / Promising,3,187.83,0,58,6.29,354.44,0
15954,589,1,187.8,2010-04-29 13:35:00,2010-04-29 13:35:00,118,United Kingdom,1,1,1,111,Hibernating / Lost,3,187.8,0,589,0.62,34.93,1
15072,479,1,187.51999999999998,2010-08-17 15:46:00,2010-08-17 15:46:00,164,United Kingdom,1,1,1,111,Hibernating / Lost,3,187.52,0,479,0.76,42.75,1
13852,611,1,187.35000000000002,2010-04-08 09:06:00,2010-04-08 09:06:00,85,United Kingdom,1,1,1,111,Hibernating / Lost,3,187.35,0,611,0.6,33.72,1
18013,155,2,187.29,2011-07-07 14:08:00,2011-07-07 14:11:00,285,United Kingdom,3,3,1,331,Loyal,3,93.64,0,155,4.71,132.31,0
13568,173,1,187.05,2011-06-19 14:42:00,2011-06-19 14:42:00,66,United Kingdom,3,1,1,311,Needs Attention,3,187.05,0,173,2.11,118.4,0
16267,591,1,186.66,2010-04-27 14:10:00,2010-04-27 14:10:00,198,United Kingdom,1,1,1,111,Hibernating / Lost,3,186.66,0,591,0.62,34.72,1
18063,391,2,186.60000000000002,2010-03-16 13:05:00,2010-11-14 10:46:00,48,United Kingdom,2,3,1,231,At Risk,3,93.3,242,633,1.15,32.19,1
17215,464,1,186.15,2010-09-01 13:39:00,2010-09-01 13:39:00,104,United Kingdom,1,2,1,121,Hibernating / Lost,3,186.15,0,464,0.79,44.12,1
16388,654,1,186.05,2010-02-24 10:20:00,2010-02-24 10:20:00,83,United Kingdom,1,1,1,111,Hibernating / Lost,3,186.05,0,654,0.56,31.26,1
15567,19,1,186.01,2011-11-21 10:48:00,2011-11-21 10:48:00,223,United Kingdom,5,1,1,511,New / Promising,2,186.01,0,30,12.17,679.12,0
17574,243,1,185.65,2011-04-11 09:47:00,2011-04-11 09:47:00,77,United Kingdom,2,2,1,221,Hibernating / Lost,3,185.65,0,243,1.5,83.54,1
12663,625,2,185.4,2010-02-09 14:28:00,2010-03-25 09:40:00,178,Germany,1,2,1,121,Hibernating / Lost,3,92.7,43,668,1.09,30.31,1
14879,685,1,185.06,2010-01-24 11:35:00,2010-01-24 11:35:00,104,United Kingdom,1,1,1,111,Hibernating / Lost,3,185.06,0,685,0.53,29.42,1
16097,240,1,185.04999999999998,2011-04-13 13:47:00,2011-04-13 13:47:00,87,United Kingdom,2,1,1,211,Hibernating / Lost,3,185.05,0,240,1.52,84.38,1
14677,593,1,184.91,2010-04-26 09:48:00,2010-04-26 09:48:00,139,United Kingdom,1,1,1,111,Hibernating / Lost,3,184.91,0,593,0.62,34.39,1
17803,392,1,184.66,2010-11-12 13:53:00,2010-11-12 13:53:00,98,United Kingdom,2,2,1,221,Hibernating / Lost,3,184.66,0,392,0.93,51.52,1
16914,36,1,183.76,2011-11-03 15:27:00,2011-11-03 15:27:00,112,United Kingdom,4,2,1,421,New / Promising,2,183.76,0,36,10.14,559.0,0
14059,267,1,183.6,2011-03-18 10:06:00,2011-03-18 10:06:00,128,United Kingdom,2,1,1,211,Hibernating / Lost,3,183.6,0,267,1.37,75.46,1
13460,29,2,183.44,2011-10-21 09:50:00,2011-11-10 17:17:00,286,United Kingdom,4,2,1,421,New / Promising,2,91.72,20,50,14.6,401.73,0
14119,376,2,183.37,2009-12-21 14:52:00,2010-11-29 10:33:00,177,United Kingdom,2,2,1,221,Hibernating / Lost,3,91.68,342,718,1.02,28.05,1
14983,689,1,183.20000000000002,2010-01-19 17:32:00,2010-01-19 17:32:00,90,United Kingdom,1,1,1,111,Hibernating / Lost,3,183.2,0,689,0.53,29.13,1
16819,465,2,182.59,2010-08-31 17:31:00,2010-08-31 17:37:00,253,United Kingdom,1,3,1,131,At Risk,3,91.3,0,465,1.57,43.0,1
12574,316,1,182.45000000000002,2011-01-28 09:20:00,2011-01-28 09:20:00,59,France,2,1,1,211,Hibernating / Lost,3,182.45,0,316,1.16,63.49,1
14941,579,1,182.1,2010-05-10 11:30:00,2010-05-10 11:30:00,80,United Kingdom,1,1,1,111,Hibernating / Lost,3,182.1,0,579,0.63,34.42,1
13387,417,1,181.84,2010-10-18 14:07:00,2010-10-18 14:07:00,117,United Kingdom,1,1,1,111,Hibernating / Lost,3,181.84,0,417,0.88,48.01,1
12934,737,1,181.65,2009-12-03 10:51:00,2009-12-03 10:51:00,31,United Kingdom,1,1,1,111,Hibernating / Lost,3,181.65,0,737,0.5,27.25,1
16822,686,1,181.39,2010-01-22 14:22:00,2010-01-22 14:22:00,171,United Kingdom,1,2,1,121,Hibernating / Lost,3,181.39,0,686,0.53,28.84,1
15359,663,8,181.35,2010-01-15 11:30:00,2010-02-15 10:47:00,145,United Kingdom,1,4,1,141,Can't Lose Them,3,22.67,30,694,4.21,28.63,1
16594,75,1,181.09,2011-09-25 14:08:00,2011-09-25 14:08:00,64,United Kingdom,3,1,1,311,Needs Attention,3,181.09,0,75,4.87,264.57,0
17904,21,1,181.07,2011-11-18 12:57:00,2011-11-18 12:57:00,59,United Kingdom,4,2,1,421,New / Promising,2,181.07,0,30,12.17,661.09,0
14858,506,1,180.75,2010-07-22 10:51:00,2010-07-22 10:51:00,105,United Kingdom,1,1,1,111,Hibernating / Lost,3,180.75,0,506,0.72,39.04,1
18119,368,1,180.7,2010-12-07 11:59:00,2010-12-07 11:59:00,124,United Kingdom,2,2,1,221,Hibernating / Lost,3,180.7,0,368,0.99,53.67,1
17820,374,1,180.60999999999999,2010-11-30 17:43:00,2010-11-30 17:43:00,111,United Kingdom,2,2,1,221,Hibernating / Lost,3,180.61,0,374,0.98,53.1,1
16090,624,1,180.56,2010-03-25 13:05:00,2010-03-25 13:05:00,58,United Kingdom,1,1,1,111,Hibernating / Lost,3,180.56,0,624,0.58,31.42,1
14666,24,1,179.95,2011-11-15 12:57:00,2011-11-15 12:57:00,155,United Kingdom,4,1,1,411,New / Promising,2,179.95,0,30,12.17,657.0,0
12581,40,1,179.71,2011-10-31 08:56:00,2011-10-31 08:56:00,160,Germany,4,1,1,411,New / Promising,2,179.71,0,40,9.12,491.69,0
18234,552,1,179.6,2010-06-06 11:22:00,2010-06-06 11:22:00,80,United Kingdom,1,2,1,121,Hibernating / Lost,3,179.6,0,552,0.66,35.56,1
16640,398,1,179.4,2010-11-07 10:48:00,2010-11-07 10:48:00,146,United Kingdom,2,1,1,211,Hibernating / Lost,3,179.4,0,398,0.92,49.51,1
14945,414,1,179.4,2010-10-22 11:26:00,2010-10-22 11:26:00,156,United Kingdom,1,1,1,111,Hibernating / Lost,3,179.4,0,414,0.88,47.36,1
18147,46,2,179.33999999999997,2011-08-23 12:22:00,2011-10-25 11:46:00,203,United Kingdom,4,3,1,431,Loyal,2,89.67,62,109,6.7,180.24,0
15895,150,1,179.17,2011-07-13 10:27:00,2011-07-13 10:27:00,94,United Kingdom,3,1,1,311,Needs Attention,3,179.17,0,150,2.43,130.61,0
14705,199,1,179.0,2011-05-25 12:39:00,2011-05-25 12:39:00,100,United Kingdom,2,1,1,211,Hibernating / Lost,3,179.0,0,199,1.83,98.27,1
15209,730,1,178.98000000000002,2009-12-09 17:26:00,2009-12-09 17:26:00,94,United Kingdom,1,1,1,111,Hibernating / Lost,3,178.98,0,730,0.5,26.85,1
15139,240,2,178.96,2011-01-07 12:44:00,2011-04-14 11:39:00,208,United Kingdom,2,2,1,221,Hibernating / Lost,3,89.48,96,337,2.17,58.25,1
14812,599,1,178.85,2010-04-20 12:13:00,2010-04-20 12:13:00,135,United Kingdom,1,1,1,111,Hibernating / Lost,3,178.85,0,599,0.61,32.73,1
16691,418,2,178.83,2010-05-27 14:55:00,2010-10-17 15:03:00,92,United Kingdom,1,2,1,121,Hibernating / Lost,3,89.42,143,561,1.3,34.87,1
17170,374,2,178.68,2010-11-15 16:23:00,2010-11-30 15:55:00,152,United Kingdom,2,3,1,231,At Risk,3,89.34,14,389,1.88,50.39,1
17879,174,1,178.51999999999998,2011-06-19 12:36:00,2011-06-19 12:36:00,45,United Kingdom,3,2,1,321,Needs Attention,3,178.52,0,174,2.1,112.47,0
15292,201,1,178.39,2011-05-22 15:00:00,2011-05-22 15:00:00,55,United Kingdom,2,1,1,211,Hibernating / Lost,3,178.39,0,201,1.82,97.4,1
18045,45,1,178.34,2011-10-25 13:07:00,2011-10-25 13:07:00,138,United Kingdom,4,2,1,421,New / Promising,3,178.34,0,45,8.11,433.9,0
17253,18,1,178.26,2011-11-21 12:59:00,2011-11-21 12:59:00,43,United Kingdom,5,2,1,521,New / Promising,2,178.26,0,30,12.17,650.83,0
18282,8,2,178.05,2011-08-05 13:35:00,2011-12-02 11:43:00,103,United Kingdom,5,3,1,531,Loyal,2,89.02,118,126,5.79,154.63,0
16403,312,1,177.5,2011-01-31 13:39:00,2011-01-31 13:39:00,114,United Kingdom,2,1,1,211,Hibernating / Lost,3,177.5,0,312,1.17,62.3,1
13618,174,1,177.34,2011-06-19 11:09:00,2011-06-19 11:09:00,246,United Kingdom,3,1,1,311,Needs Attention,3,177.34,0,174,2.1,111.72,0
13072,267,1,177.15,2011-03-18 08:12:00,2011-03-18 08:12:00,69,United Kingdom,2,1,1,211,Hibernating / Lost,3,177.15,0,267,1.37,72.81,1
16285,646,1,176.9,2010-03-03 16:03:00,2010-03-03 16:03:00,60,United Kingdom,1,1,1,111,Hibernating / Lost,3,176.9,0,646,0.57,30.25,1
17036,383,1,176.9,2010-11-21 14:26:00,2010-11-21 14:26:00,76,United Kingdom,2,2,1,221,Hibernating / Lost,3,176.9,0,383,0.95,50.42,1
13746,414,1,176.69,2010-10-22 11:55:00,2010-10-22 11:55:00,83,United Kingdom,1,1,1,111,Hibernating / Lost,3,176.69,0,414,0.88,46.65,1
17947,37,1,176.68,2011-11-02 13:05:00,2011-11-02 13:05:00,168,United Kingdom,4,2,1,421,New / Promising,2,176.68,0,37,9.86,522.62,0
14287,8,3,176.63,2011-05-25 11:41:00,2011-12-01 13:25:00,261,United Kingdom,5,3,1,531,Loyal,2,58.88,190,199,5.5,97.15,0
12893,31,1,176.55,2011-11-09 12:34:00,2011-11-09 12:34:00,90,United Kingdom,4,1,1,411,New / Promising,2,176.55,0,31,11.77,623.4,0
18054,393,1,176.5,2010-11-12 08:18:00,2010-11-12 08:18:00,96,United Kingdom,2,2,1,221,Hibernating / Lost,3,176.5,0,393,0.93,49.24,1
18175,676,1,176.1,2010-02-02 10:25:00,2010-02-02 10:25:00,70,United Kingdom,1,2,1,121,Hibernating / Lost,3,176.1,0,676,0.54,28.53,1
18274,30,1,175.92,2011-11-09 17:03:00,2011-11-09 17:03:00,88,United Kingdom,4,2,1,421,New / Promising,2,175.92,0,30,12.17,642.28,0
17840,444,1,175.9,2010-09-22 12:24:00,2010-09-22 12:24:00,128,United Kingdom,1,2,1,121,Hibernating / Lost,3,175.9,0,444,0.82,43.27,1
17026,185,3,175.82999999999998,2010-10-18 15:22:00,2011-06-07 14:28:00,107,United Kingdom,3,3,1,331,Loyal,3,58.61,231,417,2.63,46.24,1
18166,624,1,175.5,2010-03-26 12:26:00,2010-03-26 12:26:00,90,United Kingdom,1,2,1,121,Hibernating / Lost,3,175.5,0,624,0.58,30.54,1
14486,512,2,175.5,2010-06-04 10:30:00,2010-07-16 09:42:00,90,United Kingdom,1,2,1,121,Hibernating / Lost,3,87.75,41,554,1.32,34.75,1
13007,580,1,175.25,2010-05-09 10:38:00,2010-05-09 10:38:00,59,United Kingdom,1,1,1,111,Hibernating / Lost,3,175.25,0,580,0.63,33.12,1
16144,247,1,175.2,2011-04-07 10:09:00,2011-04-07 10:09:00,16,United Kingdom,2,1,1,211,Hibernating / Lost,3,175.2,0,247,1.48,77.79,1
17331,124,1,175.2,2011-08-08 11:55:00,2011-08-08 11:55:00,16,United Kingdom,3,2,1,321,Needs Attention,3,175.2,0,124,2.94,154.53,0
16559,397,1,175.0,2010-11-07 13:52:00,2010-11-07 13:52:00,61,United Kingdom,2,1,1,211,Hibernating / Lost,3,175.0,0,397,0.92,48.3,1
17108,664,1,174.95,2010-02-14 12:22:00,2010-02-14 12:22:00,31,United Kingdom,1,2,1,121,Hibernating / Lost,3,174.95,0,664,0.55,28.87,1
14495,51,3,174.8,2010-02-18 08:49:00,2011-10-20 12:28:00,68,United Kingdom,4,3,1,431,Loyal,2,58.27,609,660,1.66,29.02,0
18010,257,1,174.8,2011-03-28 12:27:00,2011-03-28 12:27:00,60,United Kingdom,2,2,1,221,Hibernating / Lost,3,174.8,0,257,1.42,74.46,1
14518,64,1,174.37,2011-10-06 14:43:00,2011-10-06 14:43:00,278,United Kingdom,3,1,1,311,Needs Attention,3,174.37,0,64,5.7,298.17,0
15684,547,3,173.95,2009-12-04 16:13:00,2010-06-10 18:51:00,77,United Kingdom,1,3,1,131,At Risk,3,57.98,188,735,1.49,25.92,1
17587,628,1,173.76,2010-03-21 14:16:00,2010-03-21 14:16:00,66,United Kingdom,1,2,1,121,Hibernating / Lost,3,173.76,0,628,0.58,30.23,1
14674,509,1,173.66,2010-07-18 14:25:00,2010-07-18 14:25:00,103,United Kingdom,1,1,1,111,Hibernating / Lost,3,173.66,0,509,0.72,37.51,1
15565,50,2,173.16,2011-09-30 10:44:00,2011-10-20 14:33:00,60,United Kingdom,4,2,1,421,New / Promising,2,86.58,20,71,10.28,267.01,0
16741,625,1,173.06,2010-03-24 15:15:00,2010-03-24 15:15:00,81,United Kingdom,1,2,1,121,Hibernating / Lost,3,173.06,0,625,0.58,30.11,1
16599,386,1,172.8,2010-11-19 12:45:00,2010-11-19 12:45:00,159,United Kingdom,2,1,1,211,Hibernating / Lost,3,172.8,0,386,0.95,49.25,1
13671,395,1,172.6,2010-11-10 10:50:00,2010-11-10 10:50:00,95,United Kingdom,2,1,1,211,Hibernating / Lost,3,172.6,0,395,0.92,47.64,1
13690,59,1,172.25,2011-10-11 15:03:00,2011-10-11 15:03:00,67,United Kingdom,4,1,1,411,New / Promising,3,172.25,0,59,6.19,319.87,0
17798,582,1,172.17,2010-05-07 11:42:00,2010-05-07 11:42:00,136,United Kingdom,1,2,1,121,Hibernating / Lost,3,172.17,0,582,0.63,32.54,1
15515,387,1,171.81,2010-11-17 13:39:00,2010-11-17 13:39:00,131,United Kingdom,2,1,1,211,Hibernating / Lost,3,171.81,0,387,0.94,48.45,1
17983,395,1,171.71,2010-11-09 13:23:00,2010-11-09 13:24:00,108,United Kingdom,2,2,1,221,Hibernating / Lost,3,171.71,0,395,0.92,47.39,1
17575,667,1,171.7,2010-02-10 13:48:00,2010-02-10 13:48:00,72,United Kingdom,1,2,1,121,Hibernating / Lost,3,171.7,0,667,0.55,28.33,1
13560,7,1,171.42000000000002,2011-12-02 13:11:00,2011-12-02 13:11:00,63,United Kingdom,5,1,1,511,New / Promising,2,171.42,0,30,12.17,625.85,0
16312,432,1,171.15,2010-10-03 14:15:00,2010-10-03 14:15:00,53,United Kingdom,1,1,1,111,Hibernating / Lost,3,171.15,0,432,0.84,43.13,1
16673,679,1,171.13,2010-01-29 14:22:00,2010-01-29 14:22:00,95,United Kingdom,1,2,1,121,Hibernating / Lost,3,171.13,0,679,0.54,27.72,1
14536,260,1,170.95,2011-03-25 12:21:00,2011-03-25 12:21:00,39,United Kingdom,2,1,1,211,Hibernating / Lost,3,170.95,0,260,1.4,71.8,1
15403,492,2,170.88,2009-12-09 12:45:00,2010-08-05 12:21:00,492,United Kingdom,1,2,1,121,Hibernating / Lost,3,85.44,238,731,1.0,25.63,1
14811,387,1,170.5,2010-11-17 13:09:00,2010-11-17 13:09:00,74,United Kingdom,2,1,1,211,Hibernating / Lost,3,170.5,0,387,0.94,48.08,1
15256,149,2,170.4,2010-05-27 11:41:00,2011-07-14 11:47:00,92,United Kingdom,3,2,1,321,Needs Attention,3,85.2,413,562,1.3,33.23,0
17922,543,1,170.4,2010-06-14 16:32:00,2010-06-14 16:32:00,49,United Kingdom,1,2,1,121,Hibernating / Lost,3,170.4,0,543,0.67,34.25,1
14860,19,1,170.32,2011-11-20 14:17:00,2011-11-20 14:17:00,232,United Kingdom,5,1,1,511,New / Promising,2,170.32,0,30,12.17,621.84,0
16731,648,1,170.3,2010-03-01 15:05:00,2010-03-01 15:05:00,124,United Kingdom,1,2,1,121,Hibernating / Lost,3,170.3,0,648,0.56,28.61,1
15335,54,1,170.22,2011-10-17 12:50:00,2011-10-17 12:50:00,79,United Kingdom,4,1,1,411,New / Promising,3,170.22,0,54,6.76,345.21,0
13747,374,2,169.79999999999998,2010-10-11 09:15:00,2010-12-01 10:37:00,60,United Kingdom,2,2,1,221,Hibernating / Lost,3,84.9,51,425,1.72,43.81,1
14218,43,1,169.48000000000002,2011-10-28 10:00:00,2011-10-28 10:00:00,160,United Kingdom,4,1,1,411,New / Promising,2,169.48,0,43,8.49,431.67,0
16002,625,1,169.21,2010-03-24 13:08:00,2010-03-24 13:08:00,70,United Kingdom,1,1,1,111,Hibernating / Lost,3,169.21,0,625,0.58,29.44,1
15647,415,1,169.0,2010-10-20 15:09:00,2010-10-20 15:09:00,124,United Kingdom,1,1,1,111,Hibernating / Lost,3,169.0,0,415,0.88,44.62,1
12768,451,1,168.69000000000003,2010-09-15 12:08:00,2010-09-15 12:08:00,102,Korea,1,1,1,111,Hibernating / Lost,3,168.69,0,451,0.81,40.99,1
14578,3,1,168.63,2011-12-06 17:18:00,2011-12-06 17:18:00,240,United Kingdom,5,1,1,511,New / Promising,2,168.63,0,30,12.17,615.67,0
18269,366,1,168.6,2010-12-08 13:53:00,2010-12-08 13:53:00,76,United Kingdom,2,2,1,221,Hibernating / Lost,3,168.6,0,366,1.0,50.58,1
18099,127,1,168.31,2011-08-04 15:52:00,2011-08-04 15:52:00,149,United Kingdom,3,2,1,321,Needs Attention,3,168.31,0,127,2.87,144.91,0
17737,9,2,168.24,2011-10-12 14:42:00,2011-11-30 15:16:00,108,United Kingdom,5,3,1,531,Loyal,2,84.12,49,58,12.59,317.72,0
14131,649,1,168.22,2010-03-01 11:59:00,2010-03-01 11:59:00,105,United Kingdom,1,1,1,111,Hibernating / Lost,3,168.22,0,649,0.56,28.26,1
12551,358,1,168.0,2010-12-17 11:23:00,2010-12-17 11:23:00,100,Spain,2,1,1,211,Hibernating / Lost,3,168.0,0,358,1.02,51.41,1
17559,513,1,167.62,2010-07-15 12:02:00,2010-07-15 12:02:00,270,United Kingdom,1,2,1,121,Hibernating / Lost,3,167.62,0,513,0.71,35.7,1
17367,238,1,167.55,2011-04-15 14:21:00,2011-04-15 14:21:00,149,United Kingdom,2,2,1,221,Hibernating / Lost,3,167.55,0,238,1.53,76.91,1
18037,154,15,167.42,2009-12-01 13:48:00,2011-07-08 13:39:00,37,United Kingdom,3,5,1,351,Loyal,1,11.16,583,738,7.42,24.84,0
17586,619,1,167.4,2010-03-30 13:12:00,2010-03-30 13:12:00,68,United Kingdom,1,2,1,121,Hibernating / Lost,3,167.4,0,619,0.59,29.63,1
13609,593,1,167.35,2010-04-25 13:26:00,2010-04-25 13:26:00,19,United Kingdom,1,1,1,111,Hibernating / Lost,3,167.35,0,593,0.62,31.13,1
16405,302,2,167.25,2011-02-02 17:08:00,2011-02-10 15:24:00,187,United Kingdom,2,2,1,221,Hibernating / Lost,3,83.62,7,310,2.35,58.95,1
15166,468,1,167.16,2010-08-29 12:31:00,2010-08-29 12:31:00,140,United Kingdom,1,1,1,111,Hibernating / Lost,3,167.16,0,468,0.78,39.12,1
17875,688,1,167.1,2010-01-20 15:30:00,2010-01-20 15:30:00,98,United Kingdom,1,2,1,121,Hibernating / Lost,3,167.1,0,688,0.53,26.57,1
13967,146,2,166.3,2010-11-08 13:24:00,2011-07-17 12:02:00,66,United Kingdom,3,2,1,321,Needs Attention,3,83.15,250,396,1.84,45.9,0
17650,21,1,166.08,2011-11-18 14:52:00,2011-11-18 14:52:00,150,United Kingdom,4,2,1,421,New / Promising,2,166.08,0,30,12.17,606.36,0
18088,61,1,166.03,2011-10-09 13:41:00,2011-10-09 13:41:00,107,United Kingdom,3,2,1,321,Needs Attention,3,166.03,0,61,5.98,297.86,0
18107,442,1,165.88,2010-09-23 13:03:00,2010-09-23 13:03:00,65,United Kingdom,1,2,1,121,Hibernating / Lost,3,165.88,0,442,0.83,41.3,1
13903,400,1,165.45000000000002,2010-11-04 17:44:00,2010-11-04 17:44:00,103,United Kingdom,2,1,1,211,Hibernating / Lost,3,165.45,0,400,0.91,45.17,1
15316,327,1,165.0,2011-01-17 11:34:00,2011-01-17 11:34:00,100,United Kingdom,2,1,1,211,Hibernating / Lost,3,165.0,0,327,1.12,55.44,1
13470,99,2,165.0,2011-08-16 17:06:00,2011-09-01 14:57:00,100,United Kingdom,3,2,1,321,Needs Attention,3,82.5,15,115,6.35,157.16,0
16663,729,1,165.0,2009-12-10 13:12:00,2009-12-10 13:12:00,100,United Kingdom,1,2,1,121,Hibernating / Lost,3,165.0,0,729,0.5,24.75,1
15904,8,1,164.68,2011-12-01 14:50:00,2011-12-01 14:50:00,84,United Kingdom,5,1,1,511,New / Promising,2,164.68,0,30,12.17,601.25,0
13547,408,1,164.53,2010-10-27 14:14:00,2010-10-27 14:14:00,78,United Kingdom,2,1,1,211,Hibernating / Lost,3,164.53,0,408,0.89,43.93,1
17535,280,1,164.4,2011-03-04 15:20:00,2011-03-04 15:20:00,136,United Kingdom,2,2,1,221,Hibernating / Lost,3,164.4,0,280,1.3,64.12,1
13603,26,1,164.34,2011-11-13 15:57:00,2011-11-13 15:57:00,164,United Kingdom,4,1,1,411,New / Promising,2,164.34,0,30,12.17,600.01,0
17417,549,1,164.18,2010-06-09 10:00:00,2010-06-09 10:00:00,76,United Kingdom,1,2,1,121,Hibernating / Lost,3,164.18,0,549,0.66,32.51,1
14955,733,1,163.77,2009-12-07 11:35:00,2009-12-07 11:35:00,74,United Kingdom,1,1,1,111,Hibernating / Lost,3,163.77,0,733,0.5,24.57,1
14354,6,2,163.62,2011-11-09 15:36:00,2011-12-04 11:32:00,210,United Kingdom,5,2,1,521,New / Promising,2,81.81,24,30,24.33,597.13,0
14485,39,1,162.8,2011-11-01 12:25:00,2011-11-01 12:25:00,70,United Kingdom,4,1,1,411,New / Promising,2,162.8,0,39,9.36,457.14,0
16517,277,1,162.7,2011-03-07 13:50:00,2011-03-07 13:50:00,96,United Kingdom,2,1,1,211,Hibernating / Lost,3,162.7,0,277,1.32,64.43,1
18174,7,2,162.5,2010-04-15 12:17:00,2011-12-02 16:56:00,80,United Kingdom,5,3,1,531,Loyal,2,81.25,596,604,1.21,29.49,0
12954,639,1,162.45,2010-03-11 10:16:00,2010-03-11 10:16:00,83,United Kingdom,1,1,1,111,Hibernating / Lost,3,162.45,0,639,0.57,27.78,1
15733,283,1,162.3,2011-03-02 09:05:00,2011-03-02 09:05:00,62,United Kingdom,2,1,1,211,Hibernating / Lost,3,162.3,0,283,1.29,62.81,1
15534,726,1,162.25,2009-12-14 12:48:00,2009-12-14 12:48:00,63,United Kingdom,1,1,1,111,Hibernating / Lost,3,162.25,0,726,0.5,24.34,1
16443,521,1,162.24,2010-07-07 11:57:00,2010-07-07 11:57:00,96,United Kingdom,1,1,1,111,Hibernating / Lost,3,162.24,0,521,0.7,34.07,1
12622,232,1,162.1,2011-04-21 16:39:00,2011-04-21 16:39:00,68,Germany,2,1,1,211,Hibernating / Lost,3,162.1,0,232,1.57,76.35,1
12661,436,1,162.0,2010-09-29 16:46:00,2010-09-29 16:46:00,216,Sweden,1,1,1,111,Hibernating / Lost,3,162.0,0,436,0.84,40.82,1
17971,548,1,161.94,2010-06-09 14:04:00,2010-06-09 14:04:00,62,United Kingdom,1,2,1,121,Hibernating / Lost,3,161.94,0,548,0.67,32.55,1
17600,18,1,161.67000000000002,2011-11-22 09:43:00,2011-11-22 09:43:00,144,United Kingdom,5,2,1,521,New / Promising,2,161.67,0,30,12.17,590.26,0
16113,183,1,161.38,2011-06-09 16:16:00,2011-06-09 16:16:00,176,United Kingdom,3,1,1,311,Needs Attention,3,161.38,0,183,1.99,96.34,1
13714,465,1,161.35,2010-08-31 13:57:00,2010-08-31 13:57:00,50,United Kingdom,1,1,1,111,Hibernating / Lost,3,161.35,0,465,0.78,37.76,1
13779,516,1,161.13,2010-07-12 11:24:00,2010-07-12 11:24:00,53,United Kingdom,1,1,1,111,Hibernating / Lost,3,161.13,0,516,0.71,34.32,1
13701,447,1,161.0,2010-09-19 12:39:00,2010-09-19 12:39:00,80,United Kingdom,1,1,1,111,Hibernating / Lost,3,161.0,0,447,0.82,39.61,1
13229,226,1,160.95,2011-04-28 12:07:00,2011-04-28 12:07:00,63,United Kingdom,2,1,1,211,Hibernating / Lost,3,160.95,0,226,1.62,78.22,1
17605,590,1,160.75,2010-04-28 14:45:00,2010-04-28 14:45:00,71,United Kingdom,1,2,1,121,Hibernating / Lost,3,160.75,0,590,0.62,29.9,1
17202,421,1,160.65,2010-10-15 11:25:00,2010-10-15 11:25:00,55,United Kingdom,1,2,1,121,Hibernating / Lost,3,160.65,0,421,0.87,41.93,1
17487,728,1,160.55,2009-12-11 15:06:00,2009-12-11 15:06:00,37,United Kingdom,1,2,1,121,Hibernating / Lost,3,160.55,0,728,0.5,24.08,1
15229,586,1,160.5,2010-05-02 13:50:00,2010-05-02 13:50:00,114,United Kingdom,1,1,1,111,Hibernating / Lost,3,160.5,0,586,0.62,29.85,1
16645,736,1,160.39,2009-12-04 09:49:00,2009-12-04 09:49:00,117,United Kingdom,1,1,1,111,Hibernating / Lost,3,160.39,0,736,0.5,24.06,1
18146,141,2,160.35000000000002,2011-05-03 16:35:00,2011-07-22 12:08:00,153,United Kingdom,3,3,1,331,Loyal,3,80.18,79,220,3.32,79.86,0
12966,10,1,160.18,2011-11-30 12:38:00,2011-11-30 12:38:00,75,United Kingdom,5,1,1,511,New / Promising,2,160.18,0,30,12.17,584.82,0
14571,425,1,160.0,2010-10-10 15:06:00,2010-10-10 15:06:00,56,United Kingdom,1,1,1,111,Hibernating / Lost,3,160.0,0,425,0.86,41.28,1
13420,150,2,159.85,2011-06-22 11:35:00,2011-07-13 08:48:00,101,United Kingdom,3,2,1,321,Needs Attention,3,79.92,20,171,4.27,102.38,0
13191,658,1,159.21,2010-02-19 17:02:00,2010-02-19 17:02:00,111,United Kingdom,1,1,1,111,Hibernating / Lost,3,159.21,0,658,0.55,26.27,1
13302,155,2,159.2,2010-07-01 12:32:00,2011-07-07 17:56:00,12,United Kingdom,3,2,1,321,Needs Attention,3,79.6,371,527,1.39,33.19,0
16213,79,1,159.0,2011-09-22 10:03:00,2011-09-22 10:03:00,48,United Kingdom,3,1,1,311,Needs Attention,3,159.0,0,79,4.62,220.37,0
18224,264,1,158.95000000000002,2011-03-21 10:30:00,2011-03-21 10:30:00,69,United Kingdom,2,2,1,221,Hibernating / Lost,3,158.95,0,264,1.38,65.81,1
14089,57,1,158.75,2011-10-14 10:38:00,2011-10-14 10:38:00,133,United Kingdom,4,1,1,411,New / Promising,3,158.75,0,57,6.4,304.8,0
15499,724,1,158.65,2009-12-16 12:17:00,2009-12-16 12:17:00,59,United Kingdom,1,1,1,111,Hibernating / Lost,3,158.65,0,724,0.5,23.8,1
12509,284,1,158.5,2011-02-28 14:45:00,2011-02-28 14:45:00,54,France,2,1,1,211,Hibernating / Lost,3,158.5,0,284,1.29,61.34,1
15548,596,1,158.09,2010-04-23 12:20:00,2010-04-23 12:20:00,64,United Kingdom,1,1,1,111,Hibernating / Lost,3,158.09,0,596,0.61,28.93,1
15348,72,1,158.04,2011-09-28 13:17:00,2011-09-28 13:17:00,84,United Kingdom,3,1,1,311,Needs Attention,3,158.04,0,72,5.07,240.38,0
14318,460,1,158.02,2010-09-05 15:32:00,2010-09-05 15:32:00,152,United Kingdom,1,1,1,111,Hibernating / Lost,3,158.02,0,460,0.79,37.45,1
18004,362,1,157.92,2010-12-12 13:47:00,2010-12-12 13:47:00,75,United Kingdom,2,2,1,221,Hibernating / Lost,3,157.92,0,362,1.01,47.85,1
17751,421,1,157.85999999999999,2010-10-14 13:57:00,2010-10-14 13:57:00,147,United Kingdom,1,2,1,121,Hibernating / Lost,3,157.86,0,421,0.87,41.2,1
14207,688,1,157.8,2010-01-21 09:33:00,2010-01-21 09:33:00,36,United Kingdom,1,1,1,111,Hibernating / Lost,3,157.8,0,688,0.53,25.09,1
14822,485,1,157.70000000000002,2010-08-11 12:52:00,2010-08-11 12:52:00,94,United Kingdom,1,1,1,111,Hibernating / Lost,3,157.7,0,485,0.75,35.48,1
16687,391,1,157.63,2010-11-14 11:46:00,2010-11-14 11:46:00,141,United Kingdom,2,2,1,221,Hibernating / Lost,3,157.63,0,391,0.93,43.98,1
12894,575,1,157.35,2010-05-13 14:47:00,2010-05-13 14:47:00,33,United Kingdom,1,1,1,111,Hibernating / Lost,3,157.35,0,575,0.63,29.74,1
17318,725,1,157.32999999999998,2009-12-14 13:11:00,2009-12-14 13:11:00,59,United Kingdom,1,2,1,121,Hibernating / Lost,3,157.33,0,725,0.5,23.6,1
16371,449,1,157.2,2010-09-17 12:09:00,2010-09-17 12:09:00,108,United Kingdom,1,1,1,111,Hibernating / Lost,3,157.2,0,449,0.81,38.2,1
17128,335,1,157.09,2011-01-09 12:02:00,2011-01-09 12:02:00,76,United Kingdom,2,2,1,221,Hibernating / Lost,3,157.09,0,335,1.09,51.37,1
17118,318,1,157.02,2011-01-26 12:19:00,2011-01-26 12:19:00,154,United Kingdom,2,2,1,221,Hibernating / Lost,3,157.02,0,318,1.15,54.17,1
15007,159,1,156.91,2011-07-03 16:00:00,2011-07-03 16:00:00,69,United Kingdom,3,1,1,311,Needs Attention,3,156.91,0,159,2.3,108.27,0
15742,619,1,156.87,2010-03-30 15:25:00,2010-03-30 15:25:00,51,United Kingdom,1,1,1,111,Hibernating / Lost,3,156.87,0,619,0.59,27.77,1
13830,582,1,156.85000000000002,2010-05-07 12:24:00,2010-05-07 12:24:00,47,United Kingdom,1,1,1,111,Hibernating / Lost,3,156.85,0,582,0.63,29.64,1
14406,119,1,156.75,2011-08-12 16:54:00,2011-08-12 16:54:00,77,United Kingdom,3,1,1,311,Needs Attention,3,156.75,0,119,3.07,144.37,0
12522,39,2,156.72,2011-10-19 14:41:00,2011-10-31 15:30:00,192,Germany,4,2,1,421,New / Promising,2,78.36,12,51,14.31,336.4,0
16578,626,1,156.6,2010-03-23 15:11:00,2010-03-23 15:11:00,108,United Kingdom,1,1,1,111,Hibernating / Lost,3,156.6,0,626,0.58,27.25,1
15438,131,1,156.57999999999998,2011-07-31 14:19:00,2011-07-31 14:19:00,59,United Kingdom,3,1,1,311,Needs Attention,3,156.58,0,131,2.79,131.06,0
15263,107,1,156.51,2011-08-25 10:26:00,2011-08-25 10:26:00,89,United Kingdom,3,1,1,311,Needs Attention,3,156.51,0,107,3.41,160.11,0
17885,12,1,156.34,2011-11-27 14:40:00,2011-11-27 14:40:00,110,United Kingdom,5,2,1,521,New / Promising,2,156.34,0,30,12.17,570.8,0
13051,579,2,155.8,2010-03-30 11:11:00,2010-05-10 09:14:00,72,United Kingdom,1,2,1,121,Hibernating / Lost,3,77.9,40,620,1.18,27.58,1
12441,367,1,155.55,2010-12-08 10:45:00,2010-12-08 10:45:00,120,France,2,1,1,211,Hibernating / Lost,3,155.55,0,367,0.99,46.2,1
17832,50,1,155.37,2011-10-21 11:43:00,2011-10-21 11:43:00,208,United Kingdom,4,2,1,421,New / Promising,3,155.37,0,50,7.3,340.26,0
14368,320,1,155.0,2011-01-24 09:52:00,2011-01-24 09:52:00,36,United Kingdom,2,1,1,211,Hibernating / Lost,3,155.0,0,320,1.14,53.01,1
17698,261,1,154.95,2011-03-24 11:34:00,2011-03-24 11:34:00,93,United Kingdom,2,2,1,221,Hibernating / Lost,3,154.95,0,261,1.4,65.08,1
15740,49,1,154.88,2011-10-21 14:29:00,2011-10-21 14:29:00,152,United Kingdom,4,1,1,411,New / Promising,3,154.88,0,49,7.45,346.16,0
17899,159,1,154.55,2011-07-03 14:58:00,2011-07-03 14:58:00,170,United Kingdom,3,2,1,321,Needs Attention,3,154.55,0,159,2.3,106.64,0
15226,311,1,154.41,2011-02-02 11:41:00,2011-02-02 11:41:00,71,United Kingdom,2,1,1,211,Hibernating / Lost,3,154.41,0,311,1.17,54.2,1
18014,28,1,154.27,2011-11-11 15:28:00,2011-11-11 15:28:00,65,United Kingdom,4,2,1,421,New / Promising,2,154.27,0,30,12.17,563.24,0
13490,654,1,154.25,2010-02-23 14:48:00,2010-02-23 14:48:00,25,United Kingdom,1,1,1,111,Hibernating / Lost,3,154.25,0,654,0.56,25.91,1
17517,309,1,153.94,2011-02-04 11:48:00,2011-02-04 11:48:00,102,United Kingdom,2,2,1,221,Hibernating / Lost,3,153.94,0,309,1.18,54.49,1
15560,398,2,153.52,2010-11-07 10:14:00,2010-11-07 10:15:00,72,United Kingdom,2,2,1,221,Hibernating / Lost,3,76.76,0,398,1.83,42.14,1
15431,503,1,153.24,2010-07-25 12:44:00,2010-07-25 12:44:00,84,United Kingdom,1,1,1,111,Hibernating / Lost,3,153.24,0,503,0.73,33.56,1
12602,59,1,153.12,2011-10-12 11:22:00,2011-10-12 11:22:00,162,France,4,1,1,411,New / Promising,3,153.12,0,59,6.19,284.34,0
14814,581,1,152.96,2010-05-07 14:10:00,2010-05-07 14:10:00,92,United Kingdom,1,1,1,111,Hibernating / Lost,3,152.96,0,581,0.63,28.91,1
16248,62,1,152.94,2011-10-09 11:32:00,2011-10-09 11:32:00,78,United Kingdom,3,1,1,311,Needs Attention,3,152.94,0,62,5.89,270.24,0
18138,295,1,152.65,2011-02-17 14:51:00,2011-02-17 14:51:00,38,United Kingdom,2,2,1,221,Hibernating / Lost,3,152.65,0,295,1.24,56.79,1
14066,267,1,152.55,2011-03-18 12:21:00,2011-03-18 12:21:00,45,United Kingdom,2,1,1,211,Hibernating / Lost,3,152.55,0,267,1.37,62.7,1
15509,380,1,152.41,2010-11-24 14:48:00,2010-11-24 14:48:00,58,United Kingdom,2,1,1,211,Hibernating / Lost,3,152.41,0,380,0.96,43.89,1
17327,410,2,152.35,2010-05-26 11:20:00,2010-10-26 09:54:00,59,United Kingdom,1,3,1,131,At Risk,3,76.18,152,563,1.3,29.71,1
13653,488,1,152.2,2010-08-09 08:19:00,2010-08-09 08:19:00,72,United Kingdom,1,1,1,111,Hibernating / Lost,3,152.2,0,488,0.75,34.24,1
16617,236,1,151.85,2011-04-18 10:35:00,2011-04-18 10:35:00,91,United Kingdom,2,1,1,211,Hibernating / Lost,3,151.85,0,236,1.55,70.61,1
14046,284,1,151.59,2011-02-28 14:48:00,2011-02-28 14:48:00,443,United Kingdom,2,1,1,211,Hibernating / Lost,3,151.59,0,284,1.29,58.67,1
14362,22,1,151.5,2011-11-17 15:08:00,2011-11-17 15:08:00,96,United Kingdom,4,1,1,411,New / Promising,2,151.5,0,30,12.17,553.13,0
18076,380,1,151.49,2010-11-24 14:02:00,2010-11-24 14:02:00,164,United Kingdom,2,2,1,221,Hibernating / Lost,3,151.49,0,380,0.96,43.63,1
13697,39,1,151.29999999999998,2011-11-01 09:14:00,2011-11-01 09:14:00,177,United Kingdom,4,1,1,411,New / Promising,2,151.3,0,39,9.36,424.85,0
14516,516,1,151.17,2010-07-11 14:07:00,2010-07-11 14:07:00,63,United Kingdom,1,1,1,111,Hibernating / Lost,3,151.17,0,516,0.71,32.2,1
16337,37,1,151.05,2011-11-03 10:03:00,2011-11-03 10:03:00,87,United Kingdom,4,1,1,411,New / Promising,2,151.05,0,37,9.86,446.81,0
16662,394,1,151.05,2010-11-10 16:56:00,2010-11-10 16:56:00,35,United Kingdom,2,2,1,221,Hibernating / Lost,3,151.05,0,394,0.93,42.14,1
14073,32,1,151.04,2011-11-07 15:49:00,2011-11-07 15:49:00,130,United Kingdom,4,1,1,411,New / Promising,2,151.04,0,32,11.41,517.01,0
12959,484,1,150.95,2010-08-12 17:20:00,2010-08-12 17:20:00,109,United Kingdom,1,1,1,111,Hibernating / Lost,3,150.95,0,484,0.75,33.96,1
12367,4,1,150.9,2011-12-05 16:48:00,2011-12-05 16:48:00,172,Denmark,5,1,1,511,New / Promising,2,150.9,0,30,12.17,550.94,0
14980,737,1,150.68,2009-12-02 14:09:00,2009-12-02 14:09:00,79,United Kingdom,1,1,1,111,Hibernating / Lost,3,150.68,0,737,0.5,22.6,1
15991,534,1,150.55,2010-06-23 15:50:00,2010-06-23 15:50:00,41,United Kingdom,1,1,1,111,Hibernating / Lost,3,150.55,0,534,0.68,30.71,1
14084,512,1,150.5,2010-07-15 14:36:00,2010-07-15 14:36:00,306,United Kingdom,1,1,1,111,Hibernating / Lost,3,150.5,0,512,0.71,32.06,1
15775,245,2,150.5,2010-03-18 07:32:00,2011-04-08 12:56:00,260,United Kingdom,2,2,1,221,Hibernating / Lost,3,75.25,386,632,1.16,26.19,1
18200,106,1,150.35,2011-08-25 18:45:00,2011-08-25 18:45:00,104,United Kingdom,3,2,1,321,Needs Attention,3,150.35,0,106,3.44,155.16,0
15474,596,1,150.35,2010-04-23 11:14:00,2010-04-23 11:14:00,55,United Kingdom,1,1,1,111,Hibernating / Lost,3,150.35,0,596,0.61,27.51,1
14845,600,1,150.0,2010-04-19 10:19:00,2010-04-19 10:19:00,600,United Kingdom,1,1,1,111,Hibernating / Lost,3,150.0,0,600,0.61,27.45,1
17234,183,1,149.89000000000001,2011-06-10 11:20:00,2011-06-10 11:20:00,55,United Kingdom,3,2,1,321,Needs Attention,3,149.89,0,183,1.99,89.48,1
13257,436,1,149.75,2010-09-29 14:58:00,2010-09-29 14:58:00,33,United Kingdom,1,1,1,111,Hibernating / Lost,3,149.75,0,436,0.84,37.74,1
17946,233,2,149.57999999999998,2011-03-25 14:34:00,2011-04-20 17:00:00,75,United Kingdom,2,3,1,231,At Risk,3,74.79,26,259,2.82,63.27,1
17390,421,1,149.3,2010-10-15 11:29:00,2010-10-15 11:29:00,49,United Kingdom,1,2,1,121,Hibernating / Lost,3,149.3,0,421,0.87,38.97,1
15435,22,1,149.29,2011-11-17 16:39:00,2011-11-17 16:39:00,54,United Kingdom,4,1,1,411,New / Promising,2,149.29,0,30,12.17,545.06,0
13003,106,3,149.05,2011-05-09 08:23:00,2011-08-26 10:50:00,103,United Kingdom,3,3,1,331,Loyal,3,49.68,109,215,5.09,75.86,0
17549,24,2,148.86,2011-10-19 10:05:00,2011-11-16 09:59:00,210,United Kingdom,4,3,1,431,Loyal,2,74.43,27,52,14.04,313.5,0
17953,540,1,148.67000000000002,2010-06-17 15:08:00,2010-06-17 15:08:00,73,United Kingdom,1,2,1,121,Hibernating / Lost,3,148.67,0,540,0.68,30.33,1
13125,524,1,148.62,2010-07-04 11:58:00,2010-07-04 11:58:00,53,United Kingdom,1,1,1,111,Hibernating / Lost,3,148.62,0,524,0.7,31.21,1
15526,33,2,148.44,2011-11-06 15:01:00,2011-11-06 15:04:00,24,United Kingdom,4,2,1,421,New / Promising,2,74.22,0,33,22.12,492.52,0
15283,390,3,148.33,2010-07-09 15:46:00,2010-11-14 14:54:00,27,United Kingdom,2,3,1,231,At Risk,3,49.44,127,518,2.11,31.3,1
17592,739,1,148.3,2009-12-01 10:49:00,2009-12-01 10:49:00,38,United Kingdom,1,2,1,121,Hibernating / Lost,3,148.3,0,739,0.49,21.8,1
13457,689,2,148.22,2009-12-02 12:46:00,2010-01-20 08:48:00,96,United Kingdom,1,2,1,121,Hibernating / Lost,3,74.11,48,738,0.99,22.01,1
13578,409,1,147.66,2010-10-26 13:44:00,2010-10-26 13:44:00,127,United Kingdom,2,1,1,211,Hibernating / Lost,3,147.66,0,409,0.89,39.43,1
15479,733,1,147.4,2009-12-06 15:08:00,2009-12-06 15:08:00,38,United Kingdom,1,1,1,111,Hibernating / Lost,3,147.4,0,733,0.5,22.11,1
16724,405,1,147.35,2010-10-31 11:40:00,2010-10-31 11:40:00,69,United Kingdom,2,2,1,221,Hibernating / Lost,3,147.35,0,405,0.9,39.78,1
14098,37,1,147.35,2011-11-03 10:13:00,2011-11-03 10:13:00,104,United Kingdom,4,1,1,411,New / Promising,2,147.35,0,37,9.86,435.86,0
17794,687,2,147.3,2010-01-20 12:17:00,2010-01-22 10:18:00,46,United Kingdom,1,3,1,131,At Risk,3,73.65,1,689,1.06,23.42,1
12858,383,1,147.27,2010-11-21 12:55:00,2010-11-21 12:55:00,51,United Kingdom,2,1,1,211,Hibernating / Lost,3,147.27,0,383,0.95,41.97,1
17030,64,1,146.87,2011-10-07 08:49:00,2011-10-07 08:49:00,146,United Kingdom,3,2,1,321,Needs Attention,3,146.87,0,64,5.7,251.15,0
14683,588,1,146.56,2010-04-30 17:18:00,2010-04-30 17:18:00,386,United Kingdom,1,1,1,111,Hibernating / Lost,3,146.56,0,588,0.62,27.26,1
15496,631,1,146.14000000000001,2010-03-18 13:16:00,2010-03-18 13:16:00,98,United Kingdom,1,1,1,111,Hibernating / Lost,3,146.14,0,631,0.58,25.43,1
18137,551,2,145.99,2010-06-06 13:45:00,2010-06-06 14:18:00,59,United Kingdom,1,3,1,131,At Risk,3,73.0,0,551,1.32,28.91,1
12565,289,1,145.92,2011-02-24 10:34:00,2011-02-24 10:34:00,80,Saudi Arabia,2,1,1,211,Hibernating / Lost,3,145.92,0,289,1.26,55.16,1
12641,115,1,145.9,2011-08-16 13:26:00,2011-08-16 13:26:00,71,Sweden,3,1,1,311,Needs Attention,3,145.9,0,115,3.17,138.75,0
13866,74,1,145.67000000000002,2011-09-26 14:54:00,2011-09-26 14:54:00,57,United Kingdom,3,1,1,311,Needs Attention,3,145.67,0,74,4.93,215.45,0
15937,64,1,145.35,2011-10-06 15:48:00,2011-10-06 15:48:00,73,United Kingdom,3,1,1,311,Needs Attention,3,145.35,0,64,5.7,248.55,0
14972,128,2,145.07,2010-11-23 16:17:00,2011-08-03 14:54:00,40,United Kingdom,3,2,1,321,Needs Attention,3,72.54,252,381,1.92,41.78,0
16598,286,1,145.04999999999998,2011-02-27 11:42:00,2011-02-27 11:42:00,73,United Kingdom,2,1,1,211,Hibernating / Lost,3,145.05,0,286,1.28,55.7,1
15902,380,1,145.01,2010-11-24 16:57:00,2010-11-24 16:57:00,124,United Kingdom,2,1,1,211,Hibernating / Lost,3,145.01,0,380,0.96,41.76,1
16852,10,2,144.91000000000003,2011-06-16 15:49:00,2011-11-29 13:22:00,56,United Kingdom,5,3,1,531,Loyal,2,72.46,165,176,4.15,90.21,0
17938,420,1,144.29,2010-10-15 14:27:00,2010-10-15 14:27:00,53,United Kingdom,1,2,1,121,Hibernating / Lost,3,144.29,0,420,0.87,37.66,1
14109,73,1,144.2,2011-09-28 10:18:00,2011-09-28 10:18:00,88,United Kingdom,3,1,1,311,Needs Attention,3,144.2,0,73,5.0,216.3,0
15816,542,2,144.14999999999998,2010-06-15 12:54:00,2010-06-15 13:36:00,54,United Kingdom,1,2,1,121,Hibernating / Lost,3,72.07,0,542,1.35,29.19,1
12442,3,1,144.06,2011-12-06 14:22:00,2011-12-06 14:22:00,181,Spain,5,1,1,511,New / Promising,2,144.06,0,30,12.17,525.96,0
12736,333,1,144.0,2011-01-11 07:57:00,2011-01-11 07:57:00,168,France,2,1,1,211,Hibernating / Lost,3,144.0,0,333,1.1,47.52,1
17186,47,2,144.0,2011-10-10 12:52:00,2011-10-24 10:20:00,200,United Kingdom,4,3,1,431,Loyal,2,72.0,13,60,12.17,262.87,0
12387,415,1,143.94,2010-10-20 16:27:00,2010-10-20 16:27:00,134,Australia,1,1,1,111,Hibernating / Lost,3,143.94,0,415,0.88,38.0,1
14574,733,1,143.70000000000002,2009-12-07 12:42:00,2009-12-07 12:42:00,63,United Kingdom,1,1,1,111,Hibernating / Lost,3,143.7,0,733,0.5,21.55,1
17149,451,1,143.10000000000002,2010-09-14 14:56:00,2010-09-14 14:56:00,18,United Kingdom,1,2,1,121,Hibernating / Lost,3,143.1,0,451,0.81,34.77,1
15705,201,1,143.1,2011-05-22 15:37:00,2011-05-22 15:37:00,62,United Kingdom,2,1,1,211,Hibernating / Lost,3,143.1,0,201,1.82,78.13,1
15761,443,1,143.05,2010-09-23 09:33:00,2010-09-23 09:33:00,31,United Kingdom,1,1,1,111,Hibernating / Lost,3,143.05,0,443,0.82,35.19,1
16507,572,1,142.71,2010-05-16 12:56:00,2010-05-16 12:56:00,111,United Kingdom,1,1,1,111,Hibernating / Lost,3,142.71,0,572,0.64,27.4,1
14386,297,1,142.4,2011-02-16 09:45:00,2011-02-16 09:45:00,54,United Kingdom,2,1,1,211,Hibernating / Lost,3,142.4,0,297,1.23,52.55,1
17859,305,1,141.92000000000002,2011-02-08 10:32:00,2011-02-08 10:32:00,102,United Kingdom,2,2,1,221,Hibernating / Lost,3,141.92,0,305,1.2,51.09,1
18038,556,1,141.48,2010-06-01 15:59:00,2010-06-01 15:59:00,80,United Kingdom,1,2,1,121,Hibernating / Lost,3,141.48,0,556,0.66,28.01,1
14041,266,1,141.41,2011-03-18 13:25:00,2011-03-18 13:25:00,94,United Kingdom,2,1,1,211,Hibernating / Lost,3,141.41,0,266,1.37,58.12,1
17273,424,1,141.12,2010-10-11 15:57:00,2010-10-11 15:57:00,133,United Kingdom,1,2,1,121,Hibernating / Lost,3,141.12,0,424,0.86,36.41,1
17959,592,1,140.75,2010-04-26 14:12:00,2010-04-26 14:12:00,49,United Kingdom,1,2,1,121,Hibernating / Lost,3,140.75,0,592,0.62,26.18,1
14773,593,1,140.55,2010-04-26 10:29:00,2010-04-26 10:29:00,53,United Kingdom,1,1,1,111,Hibernating / Lost,3,140.55,0,593,0.62,26.14,1
15388,270,1,140.54,2011-03-14 13:53:00,2011-03-14 13:53:00,88,Canada,2,1,1,211,Hibernating / Lost,3,140.54,0,270,1.35,56.92,1
13483,66,1,140.34,2011-10-05 11:53:00,2011-10-05 11:53:00,160,United Kingdom,3,1,1,311,Needs Attention,3,140.34,0,66,5.53,232.82,0
15324,701,1,140.22000000000003,2010-01-07 14:37:00,2010-01-07 14:37:00,74,United Kingdom,1,1,1,111,Hibernating / Lost,3,140.22,0,701,0.52,21.87,1
13839,486,1,139.95000000000002,2010-08-10 13:52:00,2010-08-10 13:52:00,25,United Kingdom,1,1,1,111,Hibernating / Lost,3,139.95,0,486,0.75,31.49,1
16840,603,2,139.85,2010-02-03 12:42:00,2010-04-15 15:48:00,117,United Kingdom,1,3,1,131,At Risk,3,69.92,71,675,1.08,22.65,1
16483,192,1,139.35,2011-05-31 13:08:00,2011-05-31 13:08:00,44,United Kingdom,2,1,1,211,Hibernating / Lost,3,139.35,0,192,1.9,79.43,1
14772,112,1,139.26,2011-08-19 15:04:00,2011-08-19 15:04:00,82,United Kingdom,3,1,1,311,Needs Attention,3,139.26,0,112,3.26,136.2,0
14707,436,2,139.2,2010-05-12 11:07:00,2010-09-30 11:37:00,96,United Kingdom,1,2,1,121,Hibernating / Lost,3,69.6,141,577,1.27,26.52,1
18209,29,1,139.10000000000002,2011-11-11 12:07:00,2011-11-11 12:07:00,58,United Kingdom,4,2,1,421,New / Promising,2,139.1,0,30,12.17,507.85,0
13273,113,1,138.98,2011-08-18 14:02:00,2011-08-18 14:02:00,153,United Kingdom,3,1,1,311,Needs Attention,3,138.98,0,113,3.23,134.67,0
12902,265,1,138.68,2011-03-20 12:06:00,2011-03-20 12:06:00,66,United Kingdom,2,1,1,211,Hibernating / Lost,3,138.68,0,265,1.38,57.41,1
13716,269,1,138.28,2011-03-15 13:49:00,2011-03-15 13:49:00,138,United Kingdom,2,1,1,211,Hibernating / Lost,3,138.28,0,269,1.36,56.42,1
17982,681,1,138.18,2010-01-28 09:38:00,2010-01-28 09:38:00,117,United Kingdom,1,2,1,121,Hibernating / Lost,3,138.18,0,681,0.54,22.39,1
15663,106,1,138.14,2011-08-25 15:50:00,2011-08-25 15:50:00,106,United Kingdom,3,1,1,311,Needs Attention,3,138.14,0,106,3.44,142.56,0
15848,622,1,137.99,2010-03-28 10:54:00,2010-03-28 10:54:00,45,United Kingdom,1,1,1,111,Hibernating / Lost,3,137.99,0,622,0.59,24.42,1
16396,476,1,137.8,2010-08-20 14:17:00,2010-08-20 14:17:00,80,United Kingdom,1,1,1,111,Hibernating / Lost,3,137.8,0,476,0.77,31.83,1
13279,78,1,137.75,2011-09-22 17:24:00,2011-09-22 17:24:00,73,United Kingdom,3,1,1,311,Needs Attention,3,137.75,0,78,4.68,193.4,0
15836,50,1,137.37,2011-10-20 17:13:00,2011-10-20 17:13:00,26,United Kingdom,4,1,1,411,New / Promising,3,137.37,0,50,7.3,300.84,0
12738,372,1,137.35,2010-12-02 18:27:00,2010-12-02 18:27:00,147,Germany,2,1,1,211,Hibernating / Lost,3,137.35,0,372,0.98,40.38,1
12618,22,1,137.31,2011-11-18 11:10:00,2011-11-18 11:10:00,95,Italy,4,1,1,411,New / Promising,2,137.31,0,30,12.17,501.32,0
13907,692,1,136.8,2010-01-17 12:22:00,2010-01-17 12:22:00,68,United Kingdom,1,1,1,111,Hibernating / Lost,3,136.8,0,692,0.53,21.75,1
13195,414,1,136.73,2010-10-21 13:07:00,2010-10-21 13:07:00,70,United Kingdom,1,1,1,111,Hibernating / Lost,3,136.73,0,414,0.88,36.1,1
16237,437,1,136.65,2010-09-28 17:02:00,2010-09-28 17:02:00,57,United Kingdom,1,1,1,111,Hibernating / Lost,3,136.65,0,437,0.84,34.44,1
14604,633,1,136.35999999999999,2010-03-16 13:00:00,2010-03-16 13:00:00,86,United Kingdom,1,1,1,111,Hibernating / Lost,3,136.36,0,633,0.58,23.73,1
16289,462,1,136.31,2010-09-03 14:02:00,2010-09-03 14:02:00,97,United Kingdom,1,1,1,111,Hibernating / Lost,3,136.31,0,462,0.79,32.31,1
16651,587,1,136.2,2010-05-02 11:46:00,2010-05-02 11:46:00,60,United Kingdom,1,1,1,111,Hibernating / Lost,3,136.2,0,587,0.62,25.33,1
16876,404,1,136.01,2010-11-01 11:59:00,2010-11-01 11:59:00,181,United Kingdom,2,2,1,221,Hibernating / Lost,3,136.01,0,404,0.9,36.72,1
16462,74,3,136.0,2011-03-01 08:58:00,2011-09-27 10:24:00,16,United Kingdom,3,3,1,331,Loyal,3,45.33,210,284,3.86,52.49,0
14366,525,1,136.0,2010-07-02 17:23:00,2010-07-02 17:23:00,16,United Kingdom,1,1,1,111,Hibernating / Lost,3,136.0,0,525,0.7,28.56,1
17583,560,1,135.95,2010-05-28 14:24:00,2010-05-28 14:24:00,55,United Kingdom,1,2,1,121,Hibernating / Lost,3,135.95,0,560,0.65,26.51,1
12968,112,1,135.95,2011-08-19 15:44:00,2011-08-19 15:44:00,73,United Kingdom,3,1,1,311,Needs Attention,3,135.95,0,112,3.26,132.96,0
14889,336,1,135.9,2011-01-07 15:19:00,2011-01-07 15:19:00,90,United Kingdom,2,1,1,211,Hibernating / Lost,3,135.9,0,336,1.09,44.44,1
15419,25,1,135.86,2011-11-15 09:23:00,2011-11-15 09:23:00,230,United Kingdom,4,1,1,411,New / Promising,2,135.86,0,30,12.17,496.02,0
16114,171,1,135.75000000000003,2011-06-22 10:13:00,2011-06-22 10:13:00,43,United Kingdom,3,1,1,311,Needs Attention,3,135.75,0,171,2.13,86.74,0
14391,577,1,135.6,2010-05-12 09:42:00,2010-05-12 09:42:00,168,United Kingdom,1,1,1,111,Hibernating / Lost,3,135.6,0,577,0.63,25.63,1
13076,458,1,135.4,2010-09-08 10:27:00,2010-09-08 10:27:00,44,United Kingdom,1,1,1,111,Hibernating / Lost,3,135.4,0,458,0.8,32.5,1
16665,362,1,135.39999999999998,2010-12-12 14:03:00,2010-12-12 14:03:00,59,United Kingdom,2,2,1,221,Hibernating / Lost,3,135.4,0,362,1.01,41.03,1
14588,578,1,135.39,2010-05-10 15:08:00,2010-05-10 15:08:00,62,United Kingdom,1,1,1,111,Hibernating / Lost,3,135.39,0,578,0.63,25.59,1
13144,333,2,135.35,2010-10-04 14:14:00,2011-01-11 11:15:00,29,United Kingdom,2,2,1,221,Hibernating / Lost,3,67.68,98,431,1.69,34.31,1
17972,242,1,135.19,2011-04-12 12:16:00,2011-04-12 12:16:00,36,United Kingdom,2,2,1,221,Hibernating / Lost,3,135.19,0,242,1.51,61.24,1
13702,446,1,135.18,2010-09-20 11:40:00,2010-09-20 11:40:00,74,United Kingdom,1,1,1,111,Hibernating / Lost,3,135.18,0,446,0.82,33.25,1
17960,171,3,135.08,2010-03-08 12:22:00,2011-06-21 14:15:00,60,United Kingdom,3,3,1,331,Loyal,3,45.03,470,642,1.71,23.1,0
17199,582,1,135.04000000000002,2010-05-06 13:53:00,2010-05-06 13:53:00,232,United Kingdom,1,2,1,121,Hibernating / Lost,3,135.04,0,582,0.63,25.52,1
13364,71,1,134.95999999999998,2011-09-29 18:13:00,2011-09-29 18:13:00,71,United Kingdom,3,1,1,311,Needs Attention,3,134.96,0,71,5.14,208.11,0
13119,669,1,134.9,2010-02-09 08:38:00,2010-02-09 08:38:00,110,United Kingdom,1,1,1,111,Hibernating / Lost,3,134.9,0,669,0.55,22.26,1
16055,221,1,134.8,2011-05-03 09:26:00,2011-05-03 09:26:00,22,United Kingdom,2,1,1,211,Hibernating / Lost,3,134.8,0,221,1.65,66.73,1
14340,219,1,134.7,2011-05-05 09:44:00,2011-05-05 09:44:00,58,United Kingdom,2,1,1,211,Hibernating / Lost,3,134.7,0,219,1.67,67.48,1
14174,33,1,134.46,2011-11-06 13:17:00,2011-11-06 13:17:00,94,United Kingdom,4,1,1,411,New / Promising,2,134.46,0,33,11.06,446.14,0
15926,542,1,134.44,2010-06-15 15:23:00,2010-06-15 15:23:00,155,United Kingdom,1,1,1,111,Hibernating / Lost,3,134.44,0,542,0.67,27.02,1
16486,538,1,134.36,2010-06-20 12:16:00,2010-06-20 12:16:00,24,United Kingdom,1,1,1,111,Hibernating / Lost,3,134.36,0,538,0.68,27.41,1
14280,197,1,134.04,2011-05-27 10:37:00,2011-05-27 10:37:00,52,United Kingdom,2,1,1,211,Hibernating / Lost,3,134.04,0,197,1.85,74.39,1
16886,456,1,134.0,2010-09-09 15:08:00,2010-09-09 15:08:00,48,United Kingdom,1,2,1,121,Hibernating / Lost,3,134.0,0,456,0.8,32.16,1
14349,10,1,133.5,2011-11-29 15:39:00,2011-11-29 15:39:00,86,United Kingdom,5,1,1,511,New / Promising,2,133.5,0,30,12.17,487.41,0
17881,304,1,133.35000000000002,2011-02-08 17:16:00,2011-02-08 17:16:00,32,United Kingdom,2,2,1,221,Hibernating / Lost,3,133.35,0,304,1.2,48.01,1
17826,374,1,133.34,2010-11-30 13:23:00,2010-11-30 13:23:00,84,United Kingdom,2,2,1,221,Hibernating / Lost,3,133.34,0,374,0.98,39.2,1
12467,423,1,132.8,2010-10-12 15:41:00,2010-10-12 15:41:00,129,USA,1,1,1,111,Hibernating / Lost,3,132.8,0,423,0.86,34.26,1
12964,437,1,132.24,2010-09-28 17:47:00,2010-09-28 17:47:00,56,United Kingdom,1,1,1,111,Hibernating / Lost,3,132.24,0,437,0.84,33.32,1
12512,66,2,132.18,2011-10-04 14:53:00,2011-10-04 14:55:00,96,Israel,3,2,1,321,Needs Attention,3,66.09,0,66,11.06,219.29,0
14438,306,1,131.9,2011-02-06 14:56:00,2011-02-06 14:56:00,82,United Kingdom,2,1,1,211,Hibernating / Lost,3,131.9,0,306,1.19,47.09,1
17565,587,1,131.83,2010-05-02 11:54:00,2010-05-02 11:54:00,67,United Kingdom,1,2,1,121,Hibernating / Lost,3,131.83,0,587,0.62,24.52,1
17455,204,1,131.7,2011-05-20 12:31:00,2011-05-20 12:31:00,66,United Kingdom,2,2,1,221,Hibernating / Lost,3,131.7,0,204,1.79,70.72,1
14795,166,1,131.45000000000002,2011-06-26 13:04:00,2011-06-26 13:04:00,17,United Kingdom,3,1,1,311,Needs Attention,3,131.45,0,166,2.2,86.76,0
15409,721,1,131.25,2009-12-18 15:35:00,2009-12-18 15:35:00,59,United Kingdom,1,1,1,111,Hibernating / Lost,3,131.25,0,721,0.51,20.08,1
14378,622,1,131.25,2010-03-28 12:22:00,2010-03-28 12:22:00,57,United Kingdom,1,1,1,111,Hibernating / Lost,3,131.25,0,622,0.59,23.23,1
17225,582,1,131.15,2010-05-07 11:38:00,2010-05-07 11:38:00,36,United Kingdom,1,2,1,121,Hibernating / Lost,3,131.15,0,582,0.63,24.79,1
16865,402,1,130.95,2010-11-03 11:34:00,2010-11-03 11:34:00,157,United Kingdom,2,2,1,221,Hibernating / Lost,3,130.95,0,402,0.91,35.75,1
15844,46,1,130.73999999999998,2011-10-24 15:19:00,2011-10-24 15:19:00,134,United Kingdom,4,1,1,411,New / Promising,3,130.74,0,46,7.93,311.03,0
17240,596,1,130.6,2010-04-22 15:44:00,2010-04-22 15:44:00,108,United Kingdom,1,2,1,121,Hibernating / Lost,3,130.6,0,596,0.61,23.9,1
16410,734,1,130.32,2009-12-05 14:51:00,2009-12-05 14:51:00,348,United Kingdom,1,1,1,111,Hibernating / Lost,3,130.32,0,734,0.5,19.55,1
16288,470,1,129.85,2010-08-26 14:45:00,2010-08-26 14:45:00,19,United Kingdom,1,1,1,111,Hibernating / Lost,3,129.85,0,470,0.78,30.38,1
15317,677,1,129.75,2010-01-31 15:55:00,2010-01-31 15:55:00,45,United Kingdom,1,1,1,111,Hibernating / Lost,3,129.75,0,677,0.54,21.02,1
17762,456,1,129.75,2010-09-09 17:40:00,2010-09-09 17:40:00,129,United Kingdom,1,2,1,121,Hibernating / Lost,3,129.75,0,456,0.8,31.14,1
14999,593,1,129.48000000000002,2010-04-26 10:47:00,2010-04-26 10:47:00,88,United Kingdom,1,1,1,111,Hibernating / Lost,3,129.48,0,593,0.62,24.08,1
13071,612,1,129.22,2010-04-06 13:37:00,2010-04-06 13:37:00,30,United Kingdom,1,1,1,111,Hibernating / Lost,3,129.22,0,612,0.6,23.26,1
17056,738,1,128.60000000000002,2009-12-01 12:55:00,2009-12-01 12:55:00,26,United Kingdom,1,2,1,121,Hibernating / Lost,3,128.6,0,738,0.49,18.9,1
17089,386,1,128.45,2010-11-18 15:33:00,2010-11-18 15:33:00,35,United Kingdom,2,2,1,221,Hibernating / Lost,3,128.45,0,386,0.95,36.61,1
16251,512,1,128.31,2010-07-15 14:55:00,2010-07-15 14:55:00,44,United Kingdom,1,1,1,111,Hibernating / Lost,3,128.31,0,512,0.71,27.33,1
15892,669,1,128.2,2010-02-08 16:23:00,2010-02-08 16:23:00,46,United Kingdom,1,1,1,111,Hibernating / Lost,3,128.2,0,669,0.55,21.15,1
17297,17,1,128.18,2011-11-22 14:43:00,2011-11-22 14:43:00,65,United Kingdom,5,2,1,521,New / Promising,2,128.18,0,30,12.17,467.99,0
13053,622,1,127.65,2010-03-28 11:28:00,2010-03-28 11:28:00,47,United Kingdom,1,1,1,111,Hibernating / Lost,3,127.65,0,622,0.59,22.59,1
13586,541,1,127.28,2010-06-16 13:47:00,2010-06-16 13:47:00,38,United Kingdom,1,1,1,111,Hibernating / Lost,3,127.28,0,541,0.67,25.58,1
15578,162,1,127.1,2011-06-30 13:03:00,2011-06-30 13:03:00,52,United Kingdom,3,1,1,311,Needs Attention,3,127.1,0,162,2.25,85.79,0
15923,373,1,127.08,2010-12-02 12:16:00,2010-12-02 12:16:00,122,United Kingdom,2,1,1,211,Hibernating / Lost,3,127.08,0,373,0.98,37.36,1
13666,60,5,127.05,2009-12-04 10:48:00,2011-10-10 15:39:00,53,United Kingdom,3,4,1,341,Loyal,2,25.41,675,736,2.48,18.91,0
16973,386,1,127.0,2010-11-18 13:56:00,2010-11-18 13:56:00,60,United Kingdom,2,2,1,221,Hibernating / Lost,3,127.0,0,386,0.95,36.19,1
14751,684,2,126.45,2009-12-13 14:08:00,2010-01-24 13:37:00,65,United Kingdom,1,2,1,121,Hibernating / Lost,3,63.22,41,726,1.01,19.16,1
15463,29,1,126.14,2011-11-10 12:57:00,2011-11-10 12:57:00,106,United Kingdom,4,1,1,411,New / Promising,2,126.14,0,30,12.17,460.54,0
16294,477,1,126.05000000000001,2010-08-20 12:01:00,2010-08-20 12:01:00,54,United Kingdom,1,1,1,111,Hibernating / Lost,3,126.05,0,477,0.77,29.12,1
13794,547,1,126.03,2010-06-11 12:30:00,2010-06-11 12:30:00,63,United Kingdom,1,1,1,111,Hibernating / Lost,3,126.03,0,547,0.67,25.33,1
17657,430,1,126.0,2010-10-05 14:52:00,2010-10-05 14:52:00,60,United Kingdom,1,2,1,121,Hibernating / Lost,3,126.0,0,430,0.85,32.13,1
13522,30,1,125.80000000000001,2011-11-09 15:11:00,2011-11-09 15:11:00,44,United Kingdom,4,1,1,411,New / Promising,2,125.8,0,30,12.17,459.3,0
17847,516,2,125.74000000000001,2010-03-04 12:57:00,2010-07-12 10:00:00,28,United Kingdom,1,3,1,131,At Risk,3,62.87,129,645,1.13,21.31,1
16925,540,1,125.65,2010-06-17 15:03:00,2010-06-17 15:03:00,123,United Kingdom,1,2,1,121,Hibernating / Lost,3,125.65,0,540,0.68,25.63,1
15017,34,1,125.58,2011-11-06 10:33:00,2011-11-06 10:33:00,63,United Kingdom,4,1,1,411,New / Promising,2,125.58,0,34,10.74,404.62,0
15731,554,1,125.3,2010-06-04 10:10:00,2010-06-04 10:10:00,122,United Kingdom,1,1,1,111,Hibernating / Lost,3,125.3,0,554,0.66,24.81,1
13912,424,1,124.95,2010-10-12 08:43:00,2010-10-12 08:43:00,29,United Kingdom,1,1,1,111,Hibernating / Lost,3,124.95,0,424,0.86,32.24,1
17148,52,1,124.88,2011-10-19 09:59:00,2011-10-19 09:59:00,82,United Kingdom,4,2,1,421,New / Promising,3,124.88,0,52,7.02,263.0,0
17818,738,1,124.78,2009-12-02 11:34:00,2009-12-02 11:34:00,86,United Kingdom,1,2,1,121,Hibernating / Lost,3,124.78,0,738,0.49,18.34,1
13312,451,1,124.75,2010-09-14 14:36:00,2010-09-14 14:36:00,41,United Kingdom,1,1,1,111,Hibernating / Lost,3,124.75,0,451,0.81,30.31,1
16849,187,1,124.57,2011-06-06 09:16:00,2011-06-06 09:16:00,33,United Kingdom,3,2,1,321,Needs Attention,3,124.57,0,187,1.95,72.87,1
17316,420,1,124.45,2010-10-15 14:35:00,2010-10-15 14:35:00,44,United Kingdom,1,2,1,121,Hibernating / Lost,3,124.45,0,420,0.87,32.48,1
12773,564,1,124.25,2010-05-24 17:30:00,2010-05-24 17:30:00,109,Portugal,1,1,1,111,Hibernating / Lost,3,124.25,0,564,0.65,24.23,1
18000,564,1,124.25,2010-05-24 17:34:00,2010-05-24 17:34:00,109,United Kingdom,1,2,1,121,Hibernating / Lost,3,124.25,0,564,0.65,24.23,1
15779,463,2,124.08000000000001,2010-06-25 15:55:00,2010-09-02 16:40:00,20,United Kingdom,1,2,1,121,Hibernating / Lost,3,62.04,69,532,1.37,25.5,1
13968,423,1,123.66,2010-10-12 13:22:00,2010-10-12 13:22:00,174,United Kingdom,1,1,1,111,Hibernating / Lost,3,123.66,0,423,0.86,31.9,1
14187,474,1,123.5,2010-08-23 12:06:00,2010-08-23 12:06:00,50,United Kingdom,1,1,1,111,Hibernating / Lost,3,123.5,0,474,0.77,28.53,1
16397,628,1,123.13,2010-03-21 15:36:00,2010-03-21 15:36:00,43,United Kingdom,1,1,1,111,Hibernating / Lost,3,123.13,0,628,0.58,21.42,1
13876,64,1,122.7,2011-10-07 10:22:00,2011-10-07 10:22:00,36,United Kingdom,3,1,1,311,Needs Attention,3,122.7,0,64,5.7,209.82,0
13638,16,1,122.64,2011-11-24 10:38:00,2011-11-24 10:38:00,93,United Kingdom,5,1,1,511,New / Promising,2,122.64,0,30,12.17,447.76,0
12969,603,1,122.45,2010-04-16 10:50:00,2010-04-16 10:50:00,55,United Kingdom,1,1,1,111,Hibernating / Lost,3,122.45,0,603,0.61,22.41,1
16073,297,1,122.39999999999999,2011-02-15 15:41:00,2011-02-15 15:41:00,48,United Kingdom,2,1,1,211,Hibernating / Lost,3,122.4,0,297,1.23,45.17,1
13084,492,1,122.39999999999999,2010-08-05 08:49:00,2010-08-05 08:49:00,144,United Kingdom,1,1,1,111,Hibernating / Lost,3,122.4,0,492,0.74,27.17,1
13244,93,1,121.74000000000001,2011-09-08 11:46:00,2011-09-08 11:46:00,38,United Kingdom,3,1,1,311,Needs Attention,3,121.74,0,93,3.92,143.17,0
13182,45,1,121.18,2011-10-25 13:46:00,2011-10-25 13:46:00,201,United Kingdom,4,1,1,411,New / Promising,3,121.18,0,45,8.11,294.83,0
15049,274,1,121.17000000000002,2011-03-11 12:13:00,2011-03-11 12:13:00,63,United Kingdom,2,1,1,211,Hibernating / Lost,3,121.17,0,274,1.33,48.35,1
17260,411,1,120.95,2010-10-24 13:21:00,2010-10-24 13:21:00,23,United Kingdom,1,2,1,121,Hibernating / Lost,3,120.95,0,411,0.89,32.29,1
17446,177,2,120.9,2011-02-02 14:40:00,2011-06-16 10:42:00,198,United Kingdom,3,3,1,331,Loyal,3,60.45,133,310,2.35,42.62,0
14884,669,1,120.6,2010-02-08 12:56:00,2010-02-08 12:56:00,72,United Kingdom,1,1,1,111,Hibernating / Lost,3,120.6,0,669,0.55,19.9,1
14444,456,1,120.44,2010-09-09 18:56:00,2010-09-09 18:56:00,172,United Kingdom,1,1,1,111,Hibernating / Lost,3,120.44,0,456,0.8,28.91,1
14165,276,1,120.44,2011-03-09 12:39:00,2011-03-09 12:39:00,53,United Kingdom,2,1,1,211,Hibernating / Lost,3,120.44,0,276,1.32,47.69,1
17543,550,1,120.05,2010-06-08 12:41:00,2010-06-08 12:41:00,62,United Kingdom,1,2,1,121,Hibernating / Lost,3,120.05,0,550,0.66,23.77,1
18015,4,1,120.03,2011-12-05 14:49:00,2011-12-05 14:49:00,157,United Kingdom,5,2,1,521,New / Promising,2,120.03,0,30,12.17,438.23,0
14259,142,1,120.0,2011-07-21 10:44:00,2011-07-21 10:44:00,68,United Kingdom,3,1,1,311,Needs Attention,3,120.0,0,142,2.57,92.52,0
14453,190,1,119.93,2011-06-02 14:15:00,2011-06-02 14:15:00,49,United Kingdom,2,1,1,211,Hibernating / Lost,3,119.93,0,190,1.92,69.08,1
15161,388,1,119.92,2010-11-16 16:08:00,2010-11-16 16:08:00,144,United Kingdom,2,1,1,211,Hibernating / Lost,3,119.92,0,388,0.94,33.82,1
17541,510,1,119.86,2010-07-18 11:36:00,2010-07-18 11:36:00,44,United Kingdom,1,2,1,121,Hibernating / Lost,3,119.86,0,510,0.72,25.89,1
17177,505,1,119.5,2010-07-22 14:53:00,2010-07-22 14:53:00,40,United Kingdom,1,2,1,121,Hibernating / Lost,3,119.5,0,505,0.72,25.81,1
15843,304,1,118.95000000000002,2011-02-09 10:19:00,2011-02-09 10:19:00,27,United Kingdom,2,1,1,211,Hibernating / Lost,3,118.95,0,304,1.2,42.82,1
17280,438,1,118.85999999999999,2010-09-27 16:46:00,2010-09-27 16:46:00,74,United Kingdom,1,2,1,121,Hibernating / Lost,3,118.86,0,438,0.83,29.6,1
17079,78,1,118.80000000000001,2011-09-22 15:34:00,2011-09-22 15:34:00,24,United Kingdom,3,2,1,321,Needs Attention,3,118.8,0,78,4.68,166.8,0
14155,266,1,118.75,2011-03-18 14:13:00,2011-03-18 14:13:00,25,United Kingdom,2,1,1,211,Hibernating / Lost,3,118.75,0,266,1.37,48.81,1
14076,129,1,118.67,2011-08-02 15:19:00,2011-08-02 15:19:00,79,United Kingdom,3,1,1,311,Needs Attention,3,118.67,0,129,2.83,100.75,0
12929,312,1,117.85,2011-02-01 12:08:00,2011-02-01 12:08:00,37,United Kingdom,2,1,1,211,Hibernating / Lost,3,117.85,0,312,1.17,41.37,1
17654,277,1,117.55,2011-03-07 13:17:00,2011-03-07 13:17:00,41,United Kingdom,2,2,1,221,Hibernating / Lost,3,117.55,0,277,1.32,46.55,1
16959,87,1,117.35000000000001,2011-09-13 15:03:00,2011-09-13 15:03:00,49,United Kingdom,3,2,1,321,Needs Attention,3,117.35,0,87,4.2,147.86,0
14726,655,1,116.5,2010-02-23 12:35:00,2010-02-23 12:35:00,82,United Kingdom,1,1,1,111,Hibernating / Lost,3,116.5,0,655,0.56,19.57,1
17117,288,1,116.19999999999999,2011-02-24 13:54:00,2011-02-24 13:54:00,68,United Kingdom,2,2,1,221,Hibernating / Lost,3,116.2,0,288,1.27,44.27,1
14874,535,1,116.18,2010-06-22 14:58:00,2010-06-22 14:58:00,148,United Kingdom,1,1,1,111,Hibernating / Lost,3,116.18,0,535,0.68,23.7,1
14143,134,1,115.8,2011-07-29 09:48:00,2011-07-29 09:48:00,30,United Kingdom,3,1,1,311,Needs Attention,3,115.8,0,134,2.72,94.49,0
16068,594,1,115.73,2010-04-25 11:52:00,2010-04-25 11:52:00,48,United Kingdom,1,1,1,111,Hibernating / Lost,3,115.73,0,594,0.61,21.18,1
18027,99,1,115.31,2011-09-02 10:38:00,2011-09-02 10:38:00,78,United Kingdom,3,2,1,321,Needs Attention,3,115.31,0,99,3.69,127.65,0
18012,723,1,115.3,2009-12-16 13:16:00,2009-12-16 13:16:00,63,United Kingdom,1,2,1,121,Hibernating / Lost,3,115.3,0,723,0.5,17.29,1
17401,541,1,114.85,2010-06-16 16:54:00,2010-06-16 16:54:00,34,United Kingdom,1,2,1,121,Hibernating / Lost,3,114.85,0,541,0.67,23.08,1
15905,543,1,114.69,2010-06-14 16:00:00,2010-06-14 16:00:00,82,United Kingdom,1,1,1,111,Hibernating / Lost,3,114.69,0,543,0.67,23.05,1
13188,11,1,114.60000000000001,2011-11-28 15:28:00,2011-11-28 15:28:00,25,United Kingdom,5,1,1,511,New / Promising,2,114.6,0,30,12.17,418.4,0
16247,170,1,114.56,2011-06-22 14:23:00,2011-06-22 14:23:00,182,United Kingdom,3,1,1,311,Needs Attention,3,114.56,0,170,2.15,73.89,0
14632,263,1,114.56,2011-03-22 08:49:00,2011-03-22 08:49:00,96,United Kingdom,2,1,1,211,Hibernating / Lost,3,114.56,0,263,1.39,47.77,1
14652,77,1,114.18,2011-09-23 14:21:00,2011-09-23 14:21:00,53,United Kingdom,3,1,1,311,Needs Attention,3,114.18,0,77,4.74,162.36,0
12938,26,1,114.14,2011-11-14 11:21:00,2011-11-14 11:21:00,140,United Kingdom,4,1,1,411,New / Promising,2,114.14,0,30,12.17,416.73,0
14582,41,1,114.11,2011-10-30 11:56:00,2011-10-30 11:56:00,73,United Kingdom,4,1,1,411,New / Promising,3,114.11,0,41,8.9,304.67,0
17275,383,1,114.1,2010-11-21 13:26:00,2010-11-21 13:26:00,71,United Kingdom,2,2,1,221,Hibernating / Lost,3,114.1,0,383,0.95,32.52,1
15056,520,1,113.64999999999999,2010-07-07 15:58:00,2010-07-07 15:58:00,69,United Kingdom,1,1,1,111,Hibernating / Lost,3,113.65,0,520,0.7,23.87,1
14457,311,1,113.64,2011-02-02 09:39:00,2011-02-02 09:39:00,88,United Kingdom,2,1,1,211,Hibernating / Lost,3,113.64,0,311,1.17,39.89,1
16828,112,1,113.5,2011-08-19 13:24:00,2011-08-19 13:24:00,58,United Kingdom,3,2,1,321,Needs Attention,3,113.5,0,112,3.26,111.0,0
18105,38,1,113.48000000000002,2011-11-02 12:04:00,2011-11-02 12:04:00,46,United Kingdom,4,2,1,421,New / Promising,3,113.48,0,38,9.61,327.16,0
16821,382,1,113.35,2010-11-23 10:04:00,2010-11-23 10:04:00,13,United Kingdom,2,2,1,221,Hibernating / Lost,3,113.35,0,382,0.96,32.64,1
17784,550,1,112.86,2010-06-07 16:08:00,2010-06-07 16:08:00,72,United Kingdom,1,2,1,121,Hibernating / Lost,3,112.86,0,550,0.66,22.35,1
18148,647,1,112.85000000000001,2010-03-03 11:40:00,2010-03-03 11:40:00,63,United Kingdom,1,2,1,121,Hibernating / Lost,3,112.85,0,647,0.56,18.96,1
14689,209,1,112.8,2011-05-15 11:22:00,2011-05-15 11:22:00,76,United Kingdom,2,1,1,211,Hibernating / Lost,3,112.8,0,209,1.75,59.22,1
16697,241,1,112.75,2011-04-12 17:12:00,2011-04-12 17:12:00,27,United Kingdom,2,2,1,221,Hibernating / Lost,3,112.75,0,241,1.51,51.08,1
15702,476,1,112.57000000000001,2010-08-20 14:50:00,2010-08-20 14:50:00,102,Nigeria,1,1,1,111,Hibernating / Lost,3,112.57,0,476,0.77,26.0,1
18129,243,1,112.55000000000001,2011-04-10 14:16:00,2011-04-10 14:16:00,48,United Kingdom,2,2,1,221,Hibernating / Lost,3,112.55,0,243,1.5,50.65,1
13241,412,1,112.53,2010-10-24 11:17:00,2010-10-24 11:17:00,46,United Kingdom,1,1,1,111,Hibernating / Lost,3,112.53,0,412,0.89,30.05,1
15610,52,1,112.46000000000001,2011-10-19 10:36:00,2011-10-19 10:36:00,66,United Kingdom,4,1,1,411,New / Promising,3,112.46,0,52,7.02,236.84,0
13620,528,1,112.34,2010-06-29 15:02:00,2010-06-29 15:02:00,74,United Kingdom,1,1,1,111,Hibernating / Lost,3,112.34,0,528,0.69,23.25,1
17900,190,2,112.19999999999999,2011-06-02 14:28:00,2011-06-02 14:38:00,73,United Kingdom,2,3,1,231,At Risk,3,56.1,0,190,3.84,64.63,1
13193,61,1,112.08,2011-10-09 14:30:00,2011-10-09 14:30:00,46,United Kingdom,3,1,1,311,Needs Attention,3,112.08,0,61,5.98,201.07,0
12756,87,1,112.07999999999998,2011-09-14 09:31:00,2011-09-14 09:31:00,144,Japan,3,1,1,311,Needs Attention,3,112.08,0,87,4.2,141.22,0
14750,736,1,112.03,2009-12-03 17:57:00,2009-12-03 17:57:00,65,United Kingdom,1,1,1,111,Hibernating / Lost,3,112.03,0,736,0.5,16.8,1
14668,445,1,111.63,2010-09-20 15:03:00,2010-09-20 15:03:00,49,United Kingdom,1,1,1,111,Hibernating / Lost,3,111.63,0,445,0.82,27.46,1
17304,534,1,111.5,2010-06-23 16:23:00,2010-06-23 16:23:00,73,United Kingdom,1,2,1,121,Hibernating / Lost,3,111.5,0,534,0.68,22.75,1
17887,129,1,111.35,2011-08-02 17:29:00,2011-08-02 17:29:00,30,United Kingdom,3,2,1,321,Needs Attention,3,111.35,0,129,2.83,94.54,0
17208,396,1,111.15,2010-11-09 12:50:00,2010-11-09 12:50:00,101,United Kingdom,2,2,1,221,Hibernating / Lost,3,111.15,0,396,0.92,30.68,1
18120,214,1,111.15,2011-05-09 13:45:00,2011-05-09 13:45:00,31,United Kingdom,2,2,1,221,Hibernating / Lost,3,111.15,0,214,1.71,57.02,1
15352,549,1,111.15,2010-06-09 11:28:00,2010-06-09 11:28:00,40,United Kingdom,1,1,1,111,Hibernating / Lost,3,111.15,0,549,0.66,22.01,1
14464,568,2,111.0,2010-03-22 15:20:00,2010-05-20 18:00:00,62,United Kingdom,1,2,1,121,Hibernating / Lost,3,55.5,59,627,1.16,19.31,1
12692,637,1,110.95,2010-03-12 14:02:00,2010-03-12 14:02:00,36,France,1,1,1,111,Hibernating / Lost,3,110.95,0,637,0.57,18.97,1
14509,534,1,110.95,2010-06-23 13:21:00,2010-06-23 13:21:00,38,United Kingdom,1,1,1,111,Hibernating / Lost,3,110.95,0,534,0.68,22.63,1
15537,163,1,110.92,2011-06-29 13:10:00,2011-06-29 13:10:00,29,United Kingdom,3,1,1,311,Needs Attention,3,110.92,0,163,2.24,74.54,0
15853,52,1,110.8,2011-10-19 10:38:00,2011-10-19 10:38:00,135,United Kingdom,4,1,1,411,New / Promising,3,110.8,0,52,7.02,233.34,0
17957,66,1,110.72,2011-10-04 14:58:00,2011-10-04 14:58:00,275,United Kingdom,3,2,1,321,Needs Attention,3,110.72,0,66,5.53,183.68,0
18256,388,1,110.7,2010-11-17 08:53:00,2010-11-17 08:53:00,180,United Kingdom,2,2,1,221,Hibernating / Lost,3,110.7,0,388,0.94,31.22,1
14787,471,1,110.65,2010-08-25 14:38:00,2010-08-25 14:38:00,59,United Kingdom,1,1,1,111,Hibernating / Lost,3,110.65,0,471,0.77,25.56,1
16963,187,1,110.55000000000001,2011-06-05 13:48:00,2011-06-05 13:48:00,35,United Kingdom,3,2,1,321,Needs Attention,3,110.55,0,187,1.95,64.67,1
14641,22,1,110.46,2011-11-18 10:42:00,2011-11-18 10:42:00,90,United Kingdom,4,1,1,411,New / Promising,2,110.46,0,30,12.17,403.29,0
17909,737,1,110.05,2009-12-02 13:10:00,2009-12-02 13:10:00,35,United Kingdom,1,2,1,121,Hibernating / Lost,3,110.05,0,737,0.5,16.51,1
17836,47,1,109.83,2011-10-23 16:13:00,2011-10-23 16:13:00,87,United Kingdom,4,2,1,421,New / Promising,3,109.83,0,47,7.77,256.01,0
15851,527,1,109.73,2010-07-01 12:34:00,2010-07-01 12:34:00,67,United Kingdom,1,1,1,111,Hibernating / Lost,3,109.73,0,527,0.69,22.71,1
14033,555,1,109.44,2010-06-02 15:10:00,2010-06-02 15:10:00,576,United Kingdom,1,1,1,111,Hibernating / Lost,3,109.44,0,555,0.66,21.67,1
16363,53,1,109.36000000000001,2011-10-17 14:14:00,2011-10-17 14:14:00,52,United Kingdom,4,1,1,411,New / Promising,3,109.36,0,53,6.89,226.05,0
16064,725,1,109.31,2009-12-14 16:11:00,2009-12-14 16:11:00,55,United Kingdom,1,1,1,111,Hibernating / Lost,3,109.31,0,725,0.5,16.4,1
16664,569,1,109.2,2010-05-19 17:11:00,2010-05-19 17:11:00,24,United Kingdom,1,2,1,121,Hibernating / Lost,3,109.2,0,569,0.64,20.97,1
14721,379,1,109.07,2010-11-25 13:08:00,2010-11-25 13:08:00,57,United Kingdom,2,1,1,211,Hibernating / Lost,3,109.07,0,379,0.96,31.41,1
14345,39,1,108.97999999999999,2011-11-01 09:51:00,2011-11-01 09:51:00,50,United Kingdom,4,1,1,411,New / Promising,3,108.98,0,39,9.36,306.02,0
13170,27,1,108.81,2011-11-13 12:19:00,2011-11-13 12:19:00,141,United Kingdom,4,1,1,411,New / Promising,2,108.81,0,30,12.17,397.27,0
15875,646,1,108.52,2010-03-03 16:51:00,2010-03-03 16:51:00,74,United Kingdom,1,1,1,111,Hibernating / Lost,3,108.52,0,646,0.57,18.56,1
16106,66,1,108.38,2011-10-05 10:37:00,2011-10-05 10:37:00,74,United Kingdom,3,1,1,311,Needs Attention,3,108.38,0,66,5.53,179.8,0
15935,239,1,108.03999999999999,2011-04-14 13:27:00,2011-04-14 13:27:00,114,United Kingdom,2,1,1,211,Hibernating / Lost,3,108.04,0,239,1.53,49.59,1
14374,541,1,108.0,2010-06-16 14:25:00,2010-06-16 14:25:00,20,United Kingdom,1,1,1,111,Hibernating / Lost,3,108.0,0,541,0.67,21.71,1
14661,27,1,107.95,2011-11-13 11:51:00,2011-11-13 11:51:00,35,United Kingdom,4,1,1,411,New / Promising,2,107.95,0,30,12.17,394.13,0
13580,406,1,107.75,2010-10-29 15:01:00,2010-10-29 15:01:00,45,United Kingdom,2,1,1,211,Hibernating / Lost,3,107.75,0,406,0.9,29.09,1
14943,663,1,107.62,2010-02-14 16:04:00,2010-02-14 16:04:00,46,United Kingdom,1,1,1,111,Hibernating / Lost,3,107.62,0,663,0.55,17.76,1
15395,326,1,107.45,2011-01-18 12:40:00,2011-01-18 12:40:00,17,United Kingdom,2,1,1,211,Hibernating / Lost,3,107.45,0,326,1.12,36.1,1
16301,737,1,107.33,2009-12-03 10:20:00,2009-12-03 10:20:00,41,United Kingdom,1,1,1,111,Hibernating / Lost,3,107.33,0,737,0.5,16.1,1
15328,408,1,107.24,2010-10-28 09:05:00,2010-10-28 09:05:00,88,United Kingdom,2,1,1,211,Hibernating / Lost,3,107.24,0,408,0.89,28.63,1
17893,225,1,107.21,2011-04-28 13:50:00,2011-04-28 13:50:00,149,United Kingdom,2,2,1,221,Hibernating / Lost,3,107.21,0,225,1.62,52.1,1
15846,385,1,107.01,2010-11-19 14:40:00,2010-11-19 14:40:00,79,United Kingdom,2,1,1,211,Hibernating / Lost,3,107.01,0,385,0.95,30.5,1
16630,407,1,106.80000000000001,2010-10-28 14:30:00,2010-10-28 14:30:00,72,United Kingdom,2,1,1,211,Hibernating / Lost,3,106.8,0,407,0.9,28.84,1
16082,670,1,106.75,2010-02-07 15:16:00,2010-02-07 15:16:00,39,United Kingdom,1,1,1,111,Hibernating / Lost,3,106.75,0,670,0.54,17.29,1
14637,677,1,106.67999999999999,2010-01-31 15:52:00,2010-01-31 15:52:00,100,United Kingdom,1,1,1,111,Hibernating / Lost,3,106.68,0,677,0.54,17.28,1
15168,26,1,106.56,2011-11-14 11:26:00,2011-11-14 11:26:00,52,United Kingdom,4,1,1,411,New / Promising,2,106.56,0,30,12.17,389.05,0
15927,647,1,106.54,2010-03-02 13:25:00,2010-03-02 13:25:00,66,United Kingdom,1,1,1,111,Hibernating / Lost,3,106.54,0,647,0.56,17.9,1
17791,30,1,106.1,2011-11-10 12:09:00,2011-11-10 12:09:00,46,United Kingdom,4,2,1,421,New / Promising,2,106.1,0,30,12.17,387.37,0
17933,632,1,105.99,2010-03-17 15:11:00,2010-03-17 15:11:00,57,United Kingdom,1,2,1,121,Hibernating / Lost,3,105.99,0,632,0.58,18.44,1
16581,183,1,105.84,2011-06-10 10:05:00,2011-06-10 10:05:00,134,United Kingdom,3,1,1,311,Needs Attention,3,105.84,0,183,1.99,63.19,1
18103,549,1,105.8,2010-06-08 13:36:00,2010-06-08 13:36:00,23,United Kingdom,1,2,1,121,Hibernating / Lost,3,105.8,0,549,0.66,20.95,1
15642,730,1,105.78000000000002,2009-12-10 11:51:00,2009-12-10 11:51:00,270,United Kingdom,1,1,1,111,Hibernating / Lost,3,105.78,0,730,0.5,15.87,1
14579,432,1,105.56,2010-10-03 14:36:00,2010-10-03 14:36:00,56,United Kingdom,1,1,1,111,Hibernating / Lost,3,105.56,0,432,0.84,26.6,1
15340,562,1,105.5,2010-05-27 10:27:00,2010-05-27 10:27:00,76,United Kingdom,1,1,1,111,Hibernating / Lost,3,105.5,0,562,0.65,20.57,1
14027,61,1,104.82,2011-10-10 09:01:00,2011-10-10 09:01:00,62,United Kingdom,3,1,1,311,Needs Attention,3,104.82,0,61,5.98,188.05,0
17328,673,1,104.7,2010-02-04 17:11:00,2010-02-04 17:11:00,86,United Kingdom,1,2,1,121,Hibernating / Lost,3,104.7,0,673,0.54,16.96,1
16547,546,1,104.25999999999999,2010-06-11 13:02:00,2010-06-11 13:02:00,108,United Kingdom,1,1,1,111,Hibernating / Lost,3,104.26,0,546,0.67,20.96,1
12587,8,1,104.0,2011-12-02 12:47:00,2011-12-02 12:47:00,50,Finland,5,1,1,511,New / Promising,2,104.0,0,30,12.17,379.7,0
16375,470,2,104.0,2010-08-26 14:12:00,2010-08-26 14:25:00,74,United Kingdom,1,2,1,121,Hibernating / Lost,3,52.0,0,470,1.55,24.18,1
16896,555,1,103.95,2010-06-02 15:40:00,2010-06-02 15:40:00,18,United Kingdom,1,2,1,121,Hibernating / Lost,3,103.95,0,555,0.66,20.58,1
14542,186,1,103.25,2011-06-07 08:19:00,2011-06-07 08:19:00,19,United Kingdom,3,1,1,311,Needs Attention,3,103.25,0,186,1.96,60.71,1
15924,731,1,102.82,2009-12-08 15:00:00,2009-12-08 15:00:00,103,United Kingdom,1,1,1,111,Hibernating / Lost,3,102.82,0,731,0.5,15.42,1
18124,472,1,102.65,2010-08-24 17:21:00,2010-08-24 17:21:00,47,United Kingdom,1,2,1,121,Hibernating / Lost,3,102.65,0,472,0.77,23.71,1
17467,395,1,102.6,2010-11-09 12:58:00,2010-11-09 12:58:00,20,United Kingdom,2,2,1,221,Hibernating / Lost,3,102.6,0,395,0.92,28.32,1
14836,10,3,102.44999999999999,2011-11-09 13:26:00,2011-11-29 16:45:00,45,United Kingdom,5,3,1,531,Loyal,2,34.15,20,30,36.5,373.94,0
15486,527,1,102.0,2010-06-30 13:15:00,2010-06-30 13:15:00,40,United Kingdom,1,1,1,111,Hibernating / Lost,3,102.0,0,527,0.69,21.11,1
13829,421,1,102.0,2010-10-14 18:19:00,2010-10-14 18:19:00,12,United Kingdom,1,1,1,111,Hibernating / Lost,3,102.0,0,421,0.87,26.62,1
18068,289,1,101.69999999999999,2011-02-23 14:50:00,2011-02-23 14:50:00,6,United Kingdom,2,2,1,221,Hibernating / Lost,3,101.7,0,289,1.26,38.44,1
16516,30,1,101.69999999999999,2011-11-09 14:59:00,2011-11-09 14:59:00,58,United Kingdom,4,1,1,411,New / Promising,2,101.7,0,30,12.17,371.31,0
16944,610,1,101.36,2010-04-09 11:03:00,2010-04-09 11:03:00,27,United Kingdom,1,2,1,121,Hibernating / Lost,3,101.36,0,610,0.6,18.24,1
18086,274,1,101.34,2011-03-10 13:34:00,2011-03-10 13:34:00,106,United Kingdom,2,2,1,221,Hibernating / Lost,3,101.34,0,274,1.33,40.43,1
18195,387,1,101.16,2010-11-17 15:03:00,2010-11-17 15:03:00,60,United Kingdom,2,2,1,221,Hibernating / Lost,3,101.16,0,387,0.94,28.53,1
17741,407,2,101.1,2010-05-28 12:11:00,2010-10-29 11:59:00,114,United Kingdom,2,3,1,231,At Risk,3,50.55,153,561,1.3,19.71,1
16498,161,2,100.97,2011-06-30 19:52:00,2011-07-01 15:07:00,45,United Kingdom,3,2,1,321,Needs Attention,3,50.48,0,162,4.51,68.3,0
17493,385,1,100.91000000000001,2010-11-19 16:57:00,2010-11-19 16:57:00,62,United Kingdom,2,2,1,221,Hibernating / Lost,3,100.91,0,385,0.95,28.76,1
14946,14,1,100.9,2011-11-25 13:33:00,2011-11-25 13:33:00,22,United Kingdom,5,1,1,511,New / Promising,2,100.9,0,30,12.17,368.39,0
17224,501,1,100.86,2010-07-26 13:30:00,2010-07-26 13:30:00,65,United Kingdom,1,2,1,121,Hibernating / Lost,3,100.86,0,501,0.73,22.09,1
17427,72,1,100.8,2011-09-29 11:29:00,2011-09-29 11:29:00,34,United Kingdom,3,2,1,321,Needs Attention,3,100.8,0,72,5.07,153.32,0
14371,295,1,100.5,2011-02-17 16:35:00,2011-02-17 16:35:00,34,United Kingdom,2,1,1,211,Hibernating / Lost,3,100.5,0,295,1.24,37.39,1
15635,396,1,100.35,2010-11-09 08:58:00,2010-11-09 08:58:00,5,United Kingdom,2,1,1,211,Hibernating / Lost,3,100.35,0,396,0.92,27.7,1
12737,499,1,100.0,2010-07-29 12:27:00,2010-07-29 12:27:00,1,France,1,1,1,111,Hibernating / Lost,3,100.0,0,499,0.73,21.9,1
17939,160,1,99.14,2011-07-03 12:27:00,2011-07-03 12:27:00,40,United Kingdom,3,2,1,321,Needs Attention,3,99.14,0,160,2.28,67.81,0
17538,26,1,98.42,2011-11-14 12:12:00,2011-11-14 12:12:00,134,United Kingdom,4,2,1,421,New / Promising,2,98.42,0,30,12.17,359.33,0
16694,723,1,98.30000000000001,2009-12-16 15:45:00,2009-12-16 15:45:00,26,United Kingdom,1,2,1,121,Hibernating / Lost,3,98.3,0,723,0.5,14.74,1
17395,508,1,97.5,2010-07-19 15:34:00,2010-07-19 15:34:00,66,United Kingdom,1,2,1,121,Hibernating / Lost,3,97.5,0,508,0.72,21.06,1
12984,19,1,97.5,2011-11-21 12:37:00,2011-11-21 12:37:00,26,United Kingdom,5,1,1,511,New / Promising,2,97.5,0,30,12.17,355.97,0
14642,59,1,96.12,2011-10-12 11:08:00,2011-10-12 11:08:00,76,United Kingdom,4,1,1,411,New / Promising,3,96.12,0,59,6.19,178.49,0
17816,37,6,96.11,2009-12-15 15:27:00,2011-11-03 11:34:00,80,United Kingdom,4,4,1,441,Champions,2,16.02,687,724,3.02,14.51,0
13793,647,1,96.0,2010-03-03 08:25:00,2010-03-03 08:25:00,52,United Kingdom,1,1,1,111,Hibernating / Lost,3,96.0,0,647,0.56,16.13,1
15583,376,1,95.96,2010-11-28 15:04:00,2010-11-28 15:04:00,56,United Kingdom,2,1,1,211,Hibernating / Lost,3,95.96,0,376,0.97,27.92,1
17024,45,3,95.85,2011-07-05 09:31:00,2011-10-25 13:47:00,69,United Kingdom,4,3,1,431,Loyal,2,31.95,112,158,6.93,66.42,0
17895,44,1,95.45,2011-10-26 17:00:00,2011-10-26 17:00:00,127,United Kingdom,4,2,1,421,New / Promising,3,95.45,0,44,8.3,237.67,0
18249,17,1,95.34,2011-11-22 15:07:00,2011-11-22 15:07:00,128,United Kingdom,5,2,1,521,New / Promising,2,95.34,0,30,12.17,348.09,0
15285,408,1,94.92,2010-10-28 09:46:00,2010-10-28 09:46:00,120,United Kingdom,2,1,1,211,Hibernating / Lost,3,94.92,0,408,0.89,25.34,1
14833,499,1,94.8,2010-07-29 10:06:00,2010-07-29 10:06:00,58,United Kingdom,1,1,1,111,Hibernating / Lost,3,94.8,0,499,0.73,20.76,1
15868,583,1,94.53,2010-05-05 14:11:00,2010-05-05 14:11:00,57,United Kingdom,1,1,1,111,Hibernating / Lost,3,94.53,0,583,0.63,17.87,1
16339,284,1,94.05,2011-02-28 13:41:00,2011-02-28 13:41:00,21,United Kingdom,2,1,1,211,Hibernating / Lost,3,94.05,0,284,1.29,36.4,1
15397,290,1,94.0,2011-02-23 09:25:00,2011-02-23 09:25:00,20,United Kingdom,2,1,1,211,Hibernating / Lost,3,94.0,0,290,1.26,35.53,1
18033,65,1,93.82000000000001,2011-10-05 17:28:00,2011-10-05 17:28:00,252,United Kingdom,3,2,1,321,Needs Attention,3,93.82,0,65,5.62,158.18,0
14394,565,1,93.8,2010-05-24 10:43:00,2010-05-24 10:43:00,58,United Kingdom,1,1,1,111,Hibernating / Lost,3,93.8,0,565,0.65,18.29,1
15305,555,1,93.6,2010-06-02 13:50:00,2010-06-02 13:50:00,40,United Kingdom,1,1,1,111,Hibernating / Lost,3,93.6,0,555,0.66,18.53,1
15082,669,1,93.35000000000001,2010-02-09 10:23:00,2010-02-09 10:23:00,43,United Kingdom,1,1,1,111,Hibernating / Lost,3,93.35,0,669,0.55,15.4,1
12992,725,1,93.35000000000001,2009-12-14 16:46:00,2009-12-14 16:46:00,21,United Kingdom,1,1,1,111,Hibernating / Lost,3,93.35,0,725,0.5,14.0,1
16196,489,1,93.3,2010-08-08 11:40:00,2010-08-08 11:40:00,26,United Kingdom,1,1,1,111,Hibernating / Lost,3,93.3,0,489,0.75,20.99,1
14865,7,4,92.52000000000001,2009-12-01 16:05:00,2011-12-02 16:25:00,204,United Kingdom,5,3,1,531,Loyal,2,23.13,731,738,1.98,13.74,0
14054,65,1,92.46,2011-10-05 15:49:00,2011-10-05 15:49:00,62,United Kingdom,3,1,1,311,Needs Attention,3,92.46,0,65,5.62,155.89,0
13160,22,1,91.8,2011-11-17 13:07:00,2011-11-17 13:07:00,56,United Kingdom,4,1,1,411,New / Promising,2,91.8,0,30,12.17,335.16,0
16831,565,1,91.8,2010-05-24 09:08:00,2010-05-24 09:08:00,48,United Kingdom,1,2,1,121,Hibernating / Lost,3,91.8,0,565,0.65,17.9,1
13392,677,1,91.14,2010-01-31 13:34:00,2010-01-31 13:34:00,82,United Kingdom,1,1,1,111,Hibernating / Lost,3,91.14,0,677,0.54,14.76,1
14786,550,1,90.96,2010-06-07 13:42:00,2010-06-07 13:42:00,112,United Kingdom,1,1,1,111,Hibernating / Lost,3,90.96,0,550,0.66,18.01,1
13947,65,1,90.6,2011-10-05 14:42:00,2011-10-05 14:42:00,44,United Kingdom,3,1,1,311,Needs Attention,3,90.6,0,65,5.62,152.75,0
14435,502,1,90.42,2010-07-26 12:33:00,2010-07-26 12:33:00,282,United Kingdom,1,1,1,111,Hibernating / Lost,3,90.42,0,502,0.73,19.8,1
16506,20,2,90.30000000000001,2011-10-30 15:50:00,2011-11-20 12:17:00,42,United Kingdom,4,2,1,421,New / Promising,2,45.15,20,40,18.25,247.2,0
16597,4,1,90.04,2011-12-05 15:44:00,2011-12-05 15:44:00,184,United Kingdom,5,1,1,511,New / Promising,2,90.04,0,30,12.17,328.74,0
14117,144,1,90.0,2011-07-19 09:49:00,2011-07-19 09:49:00,72,United Kingdom,3,1,1,311,Needs Attention,3,90.0,0,144,2.53,68.31,0
15686,420,1,90.0,2010-10-15 13:50:00,2010-10-15 13:50:00,72,United Kingdom,1,1,1,111,Hibernating / Lost,3,90.0,0,420,0.87,23.49,1
14974,37,1,89.94,2011-11-02 13:01:00,2011-11-02 13:01:00,37,United Kingdom,4,1,1,411,New / Promising,3,89.94,0,37,9.86,266.04,0
16061,431,1,89.65,2010-10-04 15:29:00,2010-10-04 15:29:00,19,United Kingdom,1,1,1,111,Hibernating / Lost,3,89.65,0,431,0.85,22.86,1
13535,403,1,89.5,2010-11-02 11:49:00,2010-11-02 11:49:00,10,United Kingdom,2,1,1,211,Hibernating / Lost,3,89.5,0,403,0.91,24.43,1
14760,297,1,89.2,2011-02-15 16:27:00,2011-02-15 16:27:00,40,United Kingdom,2,1,1,211,Hibernating / Lost,3,89.2,0,297,1.23,32.91,1
13222,577,1,88.5,2010-05-11 13:54:00,2010-05-11 13:54:00,30,United Kingdom,1,1,1,111,Hibernating / Lost,3,88.5,0,577,0.63,16.73,1
15603,79,2,88.48,2010-03-01 16:02:00,2011-09-22 10:04:00,128,United Kingdom,3,2,1,321,Needs Attention,3,44.24,569,648,1.13,15.0,0
15083,257,1,88.2,2011-03-28 12:18:00,2011-03-28 12:18:00,38,United Kingdom,2,1,1,211,Hibernating / Lost,3,88.2,0,257,1.42,37.57,1
16564,569,1,87.8,2010-05-19 14:41:00,2010-05-19 14:41:00,40,United Kingdom,1,1,1,111,Hibernating / Lost,3,87.8,0,569,0.64,16.86,1
17606,737,1,87.30000000000001,2009-12-02 13:32:00,2009-12-02 13:32:00,42,United Kingdom,1,2,1,121,Hibernating / Lost,3,87.3,0,737,0.5,13.1,1
17763,263,4,86.15,2010-02-18 14:32:00,2011-03-21 14:25:00,41,United Kingdom,2,4,1,241,Can't Lose Them,3,21.54,395,659,2.22,14.35,1
13180,607,1,86.10000000000001,2010-04-11 13:37:00,2010-04-11 13:37:00,42,United Kingdom,1,1,1,111,Hibernating / Lost,3,86.1,0,607,0.6,15.5,1
12814,102,1,85.92,2011-08-30 12:11:00,2011-08-30 12:11:00,48,Poland,3,1,1,311,Needs Attention,3,85.92,0,102,3.58,92.28,0
15541,114,1,85.13000000000001,2011-08-17 14:58:00,2011-08-17 14:58:00,49,United Kingdom,3,1,1,311,Needs Attention,3,85.13,0,114,3.2,81.72,0
13841,253,1,85.0,2011-04-01 12:10:00,2011-04-01 12:10:00,100,United Kingdom,2,1,1,211,Hibernating / Lost,3,85.0,0,253,1.44,36.72,1
12774,536,1,83.7,2010-06-22 10:38:00,2010-06-22 10:38:00,52,Netherlands,1,1,1,111,Hibernating / Lost,3,83.7,0,536,0.68,17.07,1
15094,463,2,83.0,2010-03-05 12:56:00,2010-09-02 16:55:00,28,United Kingdom,1,2,1,121,Hibernating / Lost,3,41.5,181,644,1.13,14.07,1
14347,737,1,82.6,2009-12-03 10:49:00,2009-12-03 10:49:00,48,United Kingdom,1,1,1,111,Hibernating / Lost,3,82.6,0,737,0.5,12.39,1
13469,653,1,82.4,2010-02-24 15:03:00,2010-02-24 15:03:00,52,United Kingdom,1,1,1,111,Hibernating / Lost,3,82.4,0,653,0.56,13.84,1
16028,596,1,82.2,2010-04-23 11:45:00,2010-04-23 11:45:00,18,United Kingdom,1,1,1,111,Hibernating / Lost,3,82.2,0,596,0.61,15.04,1
13215,402,1,81.6,2010-11-02 18:26:00,2010-11-02 18:26:00,96,United Kingdom,2,1,1,211,Hibernating / Lost,3,81.6,0,402,0.91,22.28,1
13006,56,1,81.57,2011-10-14 13:49:00,2011-10-14 13:49:00,55,United Kingdom,4,1,1,411,New / Promising,3,81.57,0,56,6.52,159.55,0
17620,60,1,81.44,2011-10-11 12:08:00,2011-10-11 12:08:00,60,United Kingdom,3,2,1,321,Needs Attention,3,81.44,0,60,6.08,148.55,0
17008,429,1,81.36,2010-10-06 15:19:00,2010-10-06 15:19:00,24,United Kingdom,1,2,1,121,Hibernating / Lost,3,81.36,0,429,0.85,20.75,1
14717,733,1,81.3,2009-12-06 13:05:00,2009-12-06 13:05:00,32,United Kingdom,1,1,1,111,Hibernating / Lost,3,81.3,0,733,0.5,12.19,1
15170,407,1,81.15,2010-10-29 10:34:00,2010-10-29 10:34:00,33,United Kingdom,2,1,1,211,Hibernating / Lost,3,81.15,0,407,0.9,21.91,1
17336,472,1,81.12,2010-08-24 15:37:00,2010-08-24 15:37:00,48,United Kingdom,1,2,1,121,Hibernating / Lost,3,81.12,0,472,0.77,18.74,1
16789,8,1,80.8,2011-12-01 15:12:00,2011-12-01 15:12:00,32,United Kingdom,5,2,1,521,New / Promising,2,80.8,0,30,12.17,295.0,0
17752,359,1,80.64,2010-12-15 16:19:00,2010-12-15 16:19:00,192,United Kingdom,2,2,1,221,Hibernating / Lost,3,80.64,0,359,1.02,24.68,1
15833,738,1,80.4,2009-12-02 11:59:00,2009-12-02 11:59:00,24,United Kingdom,1,1,1,111,Hibernating / Lost,3,80.4,0,738,0.49,11.82,1
15131,395,1,80.28,2010-11-10 12:07:00,2010-11-10 12:07:00,88,United Kingdom,2,1,1,211,Hibernating / Lost,3,80.28,0,395,0.92,22.16,1
14190,666,1,79.9,2010-02-11 14:27:00,2010-02-11 14:27:00,2,United Kingdom,1,1,1,111,Hibernating / Lost,3,79.9,0,666,0.55,13.18,1
16165,505,1,79.9,2010-07-22 14:17:00,2010-07-22 14:17:00,2,United Kingdom,1,1,1,111,Hibernating / Lost,3,79.9,0,505,0.72,17.26,1
14007,513,1,79.48,2010-07-15 09:06:00,2010-07-15 09:06:00,16,United Kingdom,1,1,1,111,Hibernating / Lost,3,79.48,0,513,0.71,16.93,1
15753,305,1,79.2,2011-02-08 12:41:00,2011-02-08 12:41:00,144,United Kingdom,2,1,1,211,Hibernating / Lost,3,79.2,0,305,1.2,28.51,1
17942,8,1,77.50000000000001,2011-12-02 10:45:00,2011-12-02 10:45:00,38,United Kingdom,5,2,1,521,New / Promising,2,77.5,0,30,12.17,282.95,0
14785,10,2,77.4,2011-11-24 13:40:00,2011-11-29 13:21:00,84,United Kingdom,5,2,1,521,New / Promising,2,38.7,4,30,24.33,282.47,0
13132,262,1,77.3,2011-03-23 12:44:00,2011-03-23 12:44:00,20,United Kingdom,2,1,1,211,Hibernating / Lost,3,77.3,0,262,1.39,32.23,1
16867,690,1,76.74000000000001,2010-01-19 09:11:00,2010-01-19 09:11:00,58,United Kingdom,1,2,1,121,Hibernating / Lost,3,76.74,0,690,0.53,12.2,1
14373,358,1,76.55,2010-12-16 15:40:00,2010-12-16 15:40:00,17,United Kingdom,2,1,1,211,Hibernating / Lost,3,76.55,0,358,1.02,23.42,1
15668,218,1,76.32000000000001,2011-05-06 10:39:00,2011-05-06 10:39:00,72,United Kingdom,2,1,1,211,Hibernating / Lost,3,76.32,0,218,1.67,38.24,1
14090,325,1,76.32000000000001,2011-01-19 10:51:00,2011-01-19 10:51:00,72,United Kingdom,2,1,1,211,Hibernating / Lost,3,76.32,0,325,1.12,25.64,1
18113,369,1,76.32000000000001,2010-12-06 12:31:00,2010-12-06 12:31:00,72,United Kingdom,2,2,1,221,Hibernating / Lost,3,76.32,0,369,0.99,22.67,1
14613,680,1,76.32000000000001,2010-01-28 13:02:00,2010-01-28 13:02:00,72,United Kingdom,1,1,1,111,Hibernating / Lost,3,76.32,0,680,0.54,12.36,1
13219,618,1,76.23,2010-03-31 14:18:00,2010-03-31 14:18:00,11,United Kingdom,1,1,1,111,Hibernating / Lost,3,76.23,0,618,0.59,13.49,1
17628,81,1,75.75,2011-09-19 15:21:00,2011-09-19 15:21:00,79,United Kingdom,3,2,1,321,Needs Attention,3,75.75,0,81,4.51,102.49,0
16610,219,1,75.66,2011-05-04 13:13:00,2011-05-04 13:13:00,66,United Kingdom,2,1,1,211,Hibernating / Lost,3,75.66,0,219,1.67,37.91,1
14559,390,1,75.6,2010-11-14 16:05:00,2010-11-14 16:05:00,72,United Kingdom,2,1,1,211,Hibernating / Lost,3,75.6,0,390,0.94,21.32,1
17192,536,1,75.28,2010-06-21 16:07:00,2010-06-21 16:07:00,45,United Kingdom,1,2,1,121,Hibernating / Lost,3,75.28,0,536,0.68,15.36,1
16420,396,1,75.0,2010-11-08 15:15:00,2010-11-08 15:15:00,120,United Kingdom,2,1,1,211,Hibernating / Lost,3,75.0,0,396,0.92,20.7,1
17944,423,1,74.99,2010-10-12 16:25:00,2010-10-12 16:25:00,84,United Kingdom,1,2,1,121,Hibernating / Lost,3,74.99,0,423,0.86,19.35,1
13095,71,1,74.39999999999999,2011-09-30 12:03:00,2011-09-30 12:03:00,144,United Kingdom,3,1,1,311,Needs Attention,3,74.4,0,71,5.14,114.72,0
12659,30,1,73.68,2011-11-10 11:53:00,2011-11-10 11:53:00,104,France,4,1,1,411,New / Promising,3,73.68,0,30,12.17,269.01,0
18032,334,1,73.5,2011-01-09 15:32:00,2011-01-09 15:32:00,42,United Kingdom,2,2,1,221,Hibernating / Lost,3,73.5,0,334,1.09,24.03,1
12506,233,1,73.5,2011-04-21 08:54:00,2011-04-21 08:54:00,23,France,2,1,1,211,Hibernating / Lost,3,73.5,0,233,1.57,34.62,1
16171,59,1,73.2,2011-10-11 14:51:00,2011-10-11 14:51:00,24,United Kingdom,4,1,1,411,New / Promising,3,73.2,0,59,6.19,135.93,0
17906,247,1,72.9,2011-04-06 17:25:00,2011-04-06 17:25:00,26,United Kingdom,2,2,1,221,Hibernating / Lost,3,72.9,0,247,1.48,32.37,1
13105,436,1,72.0,2010-09-29 13:41:00,2010-09-29 13:41:00,100,United Kingdom,1,1,1,111,Hibernating / Lost,3,72.0,0,436,0.84,18.14,1
16459,730,1,71.78999999999999,2009-12-10 12:42:00,2009-12-10 12:42:00,59,United Kingdom,1,1,1,111,Hibernating / Lost,3,71.79,0,730,0.5,10.77,1
13938,35,1,71.66,2011-11-04 14:37:00,2011-11-04 14:37:00,70,United Kingdom,4,1,1,411,New / Promising,3,71.66,0,35,10.43,224.22,0
17747,113,1,71.4,2011-08-19 08:13:00,2011-08-19 08:13:00,12,United Kingdom,3,2,1,321,Needs Attention,3,71.4,0,113,3.23,69.19,0
16970,626,1,71.4,2010-03-23 13:50:00,2010-03-23 13:50:00,12,United Kingdom,1,2,1,121,Hibernating / Lost,3,71.4,0,626,0.58,12.42,1
13185,268,1,71.4,2011-03-17 11:56:00,2011-03-17 11:56:00,12,United Kingdom,2,1,1,211,Hibernating / Lost,3,71.4,0,268,1.36,29.13,1
12686,372,1,71.14,2010-12-03 09:51:00,2010-12-03 09:51:00,106,France,2,1,1,211,Hibernating / Lost,3,71.14,0,372,0.98,20.92,1
13915,394,1,70.80000000000001,2010-11-10 15:17:00,2010-11-10 15:17:00,24,United Kingdom,2,1,1,211,Hibernating / Lost,3,70.8,0,394,0.93,19.75,1
15564,463,2,70.74000000000001,2010-02-01 15:58:00,2010-09-02 15:52:00,42,United Kingdom,1,2,1,121,Hibernating / Lost,3,35.37,212,676,1.08,11.46,1
13172,400,1,69.6,2010-11-04 15:10:00,2010-11-04 15:10:00,48,United Kingdom,2,1,1,211,Hibernating / Lost,3,69.6,0,400,0.91,19.0,1
12401,303,1,69.3,2011-02-09 13:50:00,2011-02-09 13:50:00,10,Belgium,2,1,1,211,Hibernating / Lost,3,69.3,0,303,1.2,24.95,1
12861,620,1,68.25,2010-03-30 11:39:00,2010-03-30 11:39:00,27,United Kingdom,1,1,1,111,Hibernating / Lost,3,68.25,0,620,0.59,12.08,1
17249,429,1,68.03,2010-10-07 11:33:00,2010-10-07 11:33:00,79,United Kingdom,1,2,1,121,Hibernating / Lost,3,68.03,0,429,0.85,17.35,1
14393,218,1,67.95,2011-05-05 18:16:00,2011-05-05 18:16:00,13,United Kingdom,2,1,1,211,Hibernating / Lost,3,67.95,0,218,1.67,34.04,1
12548,166,1,67.19999999999999,2011-06-26 15:35:00,2011-06-26 15:35:00,48,Spain,3,1,1,311,Needs Attention,3,67.2,0,166,2.2,44.35,0
17532,386,1,65.34,2010-11-19 08:13:00,2010-11-19 08:13:00,30,United Kingdom,2,2,1,221,Hibernating / Lost,3,65.34,0,386,0.95,18.62,1
13130,94,1,64.0,2011-09-06 15:30:00,2011-09-06 15:30:00,32,United Kingdom,3,1,1,311,Needs Attention,3,64.0,0,94,3.88,74.5,0
16238,423,1,63.66,2010-10-13 12:36:00,2010-10-13 12:36:00,85,United Kingdom,1,1,1,111,Hibernating / Lost,3,63.66,0,423,0.86,16.42,1
17216,554,1,63.6,2010-06-03 13:03:00,2010-06-03 13:03:00,21,United Kingdom,1,2,1,121,Hibernating / Lost,3,63.6,0,554,0.66,12.59,1
17263,208,1,63.440000000000005,2011-05-15 14:32:00,2011-05-15 14:32:00,36,United Kingdom,2,2,1,221,Hibernating / Lost,3,63.44,0,208,1.75,33.31,1
15470,576,1,63.419999999999995,2010-05-13 09:35:00,2010-05-13 09:35:00,232,United Kingdom,1,1,1,111,Hibernating / Lost,3,63.42,0,576,0.63,11.99,1
16058,406,1,62.7,2010-10-29 16:48:00,2010-10-29 16:48:00,18,United Kingdom,2,1,1,211,Hibernating / Lost,3,62.7,0,406,0.9,16.93,1
13218,127,1,62.63999999999999,2011-08-04 16:59:00,2011-08-04 16:59:00,88,United Kingdom,3,1,1,311,Needs Attention,3,62.64,0,127,2.87,53.93,0
14650,589,1,62.5,2010-04-29 20:27:00,2010-04-29 20:27:00,22,United Kingdom,1,1,1,111,Hibernating / Lost,3,62.5,0,589,0.62,11.62,1
15516,45,3,62.43,2011-10-24 11:33:00,2011-10-26 10:51:00,27,United Kingdom,4,3,1,431,Loyal,3,20.81,1,47,23.3,145.46,0
13380,433,1,62.4,2010-10-03 10:18:00,2010-10-03 10:18:00,48,United Kingdom,1,1,1,111,Hibernating / Lost,3,62.4,0,433,0.84,15.72,1
13303,400,1,61.72,2010-11-04 14:55:00,2010-11-04 14:55:00,26,United Kingdom,2,1,1,211,Hibernating / Lost,3,61.72,0,400,0.91,16.85,1
13818,430,1,61.28,2010-10-06 12:35:00,2010-10-06 12:35:00,60,United Kingdom,1,1,1,111,Hibernating / Lost,3,61.28,0,430,0.85,15.63,1
15375,690,1,60.959999999999994,2010-01-18 15:38:00,2010-01-18 15:38:00,84,United Kingdom,1,1,1,111,Hibernating / Lost,3,60.96,0,690,0.53,9.69,1
16605,724,1,60.48,2009-12-15 19:03:00,2009-12-15 19:03:00,144,United Kingdom,1,1,1,111,Hibernating / Lost,3,60.48,0,724,0.5,9.07,1
15250,641,1,60.0,2010-03-09 07:35:00,2010-03-09 07:35:00,48,United Kingdom,1,1,1,111,Hibernating / Lost,3,60.0,0,641,0.57,10.26,1
17174,218,1,59.9,2011-05-06 11:47:00,2011-05-06 11:47:00,41,United Kingdom,2,2,1,221,Hibernating / Lost,3,59.9,0,218,1.67,30.01,1
13391,204,1,59.8,2011-05-20 10:50:00,2011-05-20 10:50:00,4,United Kingdom,2,1,1,211,Hibernating / Lost,3,59.8,0,204,1.79,32.11,1
13682,187,1,59.5,2011-06-05 14:06:00,2011-06-05 14:06:00,10,United Kingdom,3,1,1,311,Needs Attention,3,59.5,0,187,1.95,34.81,1
15233,401,1,59.400000000000006,2010-11-03 13:36:00,2010-11-03 13:36:00,12,United Kingdom,2,1,1,211,Hibernating / Lost,3,59.4,0,401,0.91,16.22,1
15371,662,1,59.400000000000006,2010-02-15 13:14:00,2010-02-15 13:14:00,12,United Kingdom,1,1,1,111,Hibernating / Lost,3,59.4,0,662,0.55,9.8,1
14384,501,1,58.5,2010-07-27 09:53:00,2010-07-27 09:53:00,30,United Kingdom,1,1,1,111,Hibernating / Lost,3,58.5,0,501,0.73,12.81,1
17775,255,1,56.4,2011-03-30 10:50:00,2011-03-30 10:50:00,72,United Kingdom,2,2,1,221,Hibernating / Lost,3,56.4,0,255,1.43,24.2,1
15899,369,1,56.25,2010-12-06 10:36:00,2010-12-06 10:36:00,39,United Kingdom,2,1,1,211,Hibernating / Lost,3,56.25,0,369,0.99,16.71,1
13366,50,1,56.160000000000004,2011-10-20 13:37:00,2011-10-20 13:37:00,144,United Kingdom,4,1,1,411,New / Promising,3,56.16,0,50,7.3,122.99,0
15685,450,1,55.980000000000004,2010-09-15 13:43:00,2010-09-15 13:43:00,36,United Kingdom,1,1,1,111,Hibernating / Lost,3,55.98,0,450,0.81,13.6,1
17494,502,1,54.699999999999996,2010-07-26 10:06:00,2010-07-26 10:06:00,26,United Kingdom,1,2,1,121,Hibernating / Lost,3,54.7,0,502,0.73,11.98,1
12860,693,1,54.22,2010-01-15 15:22:00,2010-01-15 15:22:00,26,United Kingdom,1,1,1,111,Hibernating / Lost,3,54.22,0,693,0.53,8.62,1
13306,430,1,53.65,2010-10-05 14:55:00,2010-10-05 14:55:00,74,United Kingdom,1,1,1,111,Hibernating / Lost,3,53.65,0,430,0.85,13.68,1
16349,291,1,53.5,2011-02-22 12:40:00,2011-02-22 12:40:00,9,United Kingdom,2,1,1,211,Hibernating / Lost,3,53.5,0,291,1.25,20.06,1
17599,478,1,52.05,2010-08-19 12:50:00,2010-08-19 12:50:00,11,United Kingdom,1,2,1,121,Hibernating / Lost,3,52.05,0,478,0.76,11.87,1
12568,645,1,52.0,2010-03-05 09:15:00,2010-03-05 09:15:00,47,Germany,1,1,1,111,Hibernating / Lost,3,52.0,0,645,0.57,8.89,1
15313,110,1,52.0,2011-08-21 16:02:00,2011-08-21 16:02:00,25,United Kingdom,3,1,1,311,Needs Attention,3,52.0,0,110,3.32,51.79,0
16786,394,1,51.839999999999996,2010-11-11 08:25:00,2010-11-11 08:25:00,72,United Kingdom,2,2,1,221,Hibernating / Lost,3,51.84,0,394,0.93,14.46,1
17844,107,1,51.559999999999995,2011-08-25 11:27:00,2011-08-25 11:27:00,52,Canada,3,2,1,321,Needs Attention,3,51.56,0,107,3.41,52.75,0
13254,376,1,51.410000000000004,2010-11-28 15:42:00,2010-11-28 15:42:00,43,United Kingdom,2,1,1,211,Hibernating / Lost,3,51.41,0,376,0.97,14.96,1
14351,165,1,51.0,2011-06-28 11:56:00,2011-06-28 11:56:00,12,United Kingdom,3,1,1,311,Needs Attention,3,51.0,0,165,2.21,33.81,0
13011,372,1,50.550000000000004,2010-12-02 17:22:00,2010-12-02 17:22:00,13,United Kingdom,2,1,1,211,Hibernating / Lost,3,50.55,0,372,0.98,14.86,1
14743,593,1,50.48,2010-04-26 10:26:00,2010-04-26 10:26:00,40,United Kingdom,1,1,1,111,Hibernating / Lost,3,50.48,0,593,0.62,9.39,1
13022,430,1,50.3,2010-10-06 10:50:00,2010-10-06 10:50:00,34,Belgium,1,1,1,111,Hibernating / Lost,3,50.3,0,430,0.85,12.83,1
18184,15,1,49.8,2011-11-24 15:28:00,2011-11-24 15:28:00,60,United Kingdom,5,2,1,521,New / Promising,2,49.8,0,30,12.17,181.82,0
16530,668,1,48.349999999999994,2010-02-09 15:30:00,2010-02-09 15:30:00,17,United Kingdom,1,1,1,111,Hibernating / Lost,3,48.35,0,668,0.55,7.98,1
16257,177,1,46.95,2011-06-16 10:11:00,2011-06-16 10:11:00,2,United Kingdom,3,1,1,311,Needs Attention,3,46.95,0,177,2.06,29.02,0
13438,547,1,46.5,2010-06-10 18:46:00,2010-06-10 18:46:00,10,United Kingdom,1,1,1,111,Hibernating / Lost,3,46.5,0,547,0.67,9.35,1
15698,624,1,46.2,2010-03-25 17:38:00,2010-03-25 17:38:00,60,United Kingdom,1,1,1,111,Hibernating / Lost,3,46.2,0,624,0.58,8.04,1
12496,620,2,45.34,2010-03-29 13:57:00,2010-03-29 14:06:00,30,Spain,1,2,1,121,Hibernating / Lost,3,22.67,0,620,1.18,8.03,1
15672,725,1,45.300000000000004,2009-12-14 16:52:00,2009-12-14 16:52:00,10,United Kingdom,1,1,1,111,Hibernating / Lost,3,45.3,0,725,0.5,6.79,1
17916,629,2,43.87,2009-12-06 14:10:00,2010-03-21 12:26:00,90,United Kingdom,1,3,1,131,At Risk,3,21.94,104,733,1.0,6.58,1
14300,19,1,43.2,2011-11-21 08:57:00,2011-11-21 08:57:00,32,United Kingdom,5,1,1,511,New / Promising,2,43.2,0,30,12.17,157.72,0
13913,507,1,42.22,2010-07-21 10:11:00,2010-07-21 10:11:00,10,United Kingdom,1,1,1,111,Hibernating / Lost,3,42.22,0,507,0.72,9.12,1
13906,409,1,42.0,2010-10-26 15:00:00,2010-10-26 15:00:00,100,United Kingdom,2,1,1,211,Hibernating / Lost,3,42.0,0,409,0.89,11.21,1
16219,501,1,40.8,2010-07-27 11:44:00,2010-07-27 11:44:00,48,United Kingdom,1,1,1,111,Hibernating / Lost,3,40.8,0,501,0.73,8.94,1
14266,428,1,40.56,2010-10-07 13:32:00,2010-10-07 13:32:00,24,United Kingdom,1,1,1,111,Hibernating / Lost,3,40.56,0,428,0.85,10.34,1
15178,260,1,40.5,2011-03-24 15:12:00,2011-03-24 15:12:00,30,United Kingdom,2,1,1,211,Hibernating / Lost,3,40.5,0,260,1.4,17.01,1
14086,463,1,39.95,2010-09-03 10:52:00,2010-09-03 10:52:00,1,United Kingdom,1,1,1,111,Hibernating / Lost,3,39.95,0,463,0.79,9.47,1
14589,372,1,39.75,2010-12-03 11:42:00,2010-12-03 11:42:00,5,United Kingdom,2,1,1,211,Hibernating / Lost,3,39.75,0,372,0.98,11.69,1
16659,189,1,39.12,2011-06-03 15:03:00,2011-06-03 15:03:00,72,United Kingdom,2,2,1,221,Hibernating / Lost,3,39.12,0,189,1.93,22.65,1
17246,547,2,38.92,2009-12-01 17:45:00,2010-06-11 12:36:00,36,United Kingdom,1,3,1,131,At Risk,3,19.46,191,738,0.99,5.78,1
18019,52,1,38.45,2011-10-19 12:10:00,2011-10-19 12:10:00,7,United Kingdom,4,2,1,421,New / Promising,3,38.45,0,52,7.02,80.98,0
15455,598,1,38.25,2010-04-21 12:43:00,2010-04-21 12:43:00,3,United Kingdom,1,1,1,111,Hibernating / Lost,3,38.25,0,598,0.61,7.0,1
15693,659,1,37.5,2010-02-18 14:37:00,2010-02-18 14:37:00,30,United Kingdom,1,1,1,111,Hibernating / Lost,3,37.5,0,659,0.55,6.19,1
16162,252,1,37.4,2011-04-01 15:03:00,2011-04-01 15:03:00,4,United Kingdom,2,1,1,211,Hibernating / Lost,3,37.4,0,252,1.45,16.27,1
17352,696,1,36.25,2010-01-12 16:13:00,2010-01-12 16:13:00,15,United Kingdom,1,2,1,121,Hibernating / Lost,3,36.25,0,696,0.52,5.66,1
14993,564,1,36.13,2010-05-25 12:47:00,2010-05-25 12:47:00,21,United Kingdom,1,1,1,111,Hibernating / Lost,3,36.13,0,564,0.65,7.05,1
15940,311,1,35.8,2011-02-01 16:18:00,2011-02-01 16:18:00,4,United Kingdom,2,1,1,211,Hibernating / Lost,3,35.8,0,311,1.17,12.57,1
16417,493,1,35.7,2010-08-04 09:08:00,2010-08-04 09:08:00,6,United Kingdom,1,1,1,111,Hibernating / Lost,3,35.7,0,493,0.74,7.93,1
17831,33,1,35.400000000000006,2011-11-06 15:09:00,2011-11-06 15:09:00,12,United Kingdom,4,2,1,421,New / Promising,3,35.4,0,33,11.06,117.46,0
14576,372,1,35.400000000000006,2010-12-02 17:51:00,2010-12-02 17:51:00,12,United Kingdom,2,1,1,211,Hibernating / Lost,3,35.4,0,372,0.98,10.41,1
17533,435,1,34.8,2010-10-01 09:14:00,2010-10-01 09:14:00,24,United Kingdom,1,2,1,121,Hibernating / Lost,3,34.8,0,435,0.84,8.77,1
15744,78,1,34.8,2011-09-23 09:52:00,2011-09-23 09:52:00,120,United Kingdom,3,1,1,311,Needs Attention,3,34.8,0,78,4.68,48.86,0
15871,437,1,33.099999999999994,2010-09-28 14:16:00,2010-09-28 14:16:00,5,United Kingdom,1,1,1,111,Hibernating / Lost,3,33.1,0,437,0.84,8.34,1
16941,612,1,33.0,2010-04-07 11:13:00,2010-04-07 11:13:00,12,United Kingdom,1,2,1,121,Hibernating / Lost,3,33.0,0,612,0.6,5.94,1
14977,726,1,31.929999999999996,2009-12-14 10:37:00,2009-12-14 10:37:00,17,United Kingdom,1,1,1,111,Hibernating / Lost,3,31.93,0,726,0.5,4.79,1
17129,520,1,31.85,2010-07-07 13:46:00,2010-07-07 13:46:00,5,United Kingdom,1,2,1,121,Hibernating / Lost,3,31.85,0,520,0.7,6.69,1
13120,239,1,30.599999999999998,2011-04-15 10:19:00,2011-04-15 10:19:00,12,United Kingdom,2,1,1,211,Hibernating / Lost,3,30.6,0,239,1.53,14.05,1
14144,486,1,30.599999999999998,2010-08-10 15:17:00,2010-08-10 15:17:00,12,United Kingdom,1,1,1,111,Hibernating / Lost,3,30.6,0,486,0.75,6.89,1
16548,599,1,30.15,2010-04-19 16:15:00,2010-04-19 16:15:00,6,United Kingdom,1,1,1,111,Hibernating / Lost,3,30.15,0,599,0.61,5.52,1
15575,620,1,30.1,2010-03-30 12:50:00,2010-03-30 12:50:00,6,United Kingdom,1,1,1,111,Hibernating / Lost,3,30.1,0,620,0.59,5.33,1
15657,23,1,30.0,2011-11-17 12:19:00,2011-11-17 12:19:00,24,United Kingdom,4,1,1,411,New / Promising,3,30.0,0,30,12.17,109.53,0
17319,669,1,29.1,2010-02-08 15:47:00,2010-02-08 15:47:00,14,United Kingdom,1,2,1,121,Hibernating / Lost,3,29.1,0,669,0.55,4.8,1
12776,668,1,27.5,2010-02-10 12:11:00,2010-02-10 12:11:00,45,Portugal,1,1,1,111,Hibernating / Lost,3,27.5,0,668,0.55,4.54,1
17102,262,1,25.5,2011-03-23 10:08:00,2011-03-23 10:08:00,2,United Kingdom,2,2,1,221,Hibernating / Lost,3,25.5,0,262,1.39,10.63,1
15284,500,1,24.75,2010-07-27 13:25:00,2010-07-27 13:25:00,5,United Kingdom,1,1,1,111,Hibernating / Lost,3,24.75,0,500,0.73,5.42,1
14610,396,2,24.35,2010-07-13 16:06:00,2010-11-09 10:58:00,15,United Kingdom,2,2,1,221,Hibernating / Lost,3,12.18,118,514,1.42,5.19,1
17986,56,1,20.8,2011-10-14 14:22:00,2011-10-14 14:22:00,10,United Kingdom,4,2,1,421,New / Promising,3,20.8,0,56,6.52,40.68,0
16953,30,1,20.8,2011-11-09 15:54:00,2011-11-09 15:54:00,10,United Kingdom,4,2,1,421,New / Promising,3,20.8,0,30,12.17,75.94,0
13112,541,1,20.6,2010-06-16 17:03:00,2010-06-16 17:03:00,11,United Kingdom,1,1,1,111,Hibernating / Lost,3,20.6,0,541,0.67,4.14,1
15999,736,1,20.4,2009-12-04 12:31:00,2009-12-04 12:31:00,24,United Kingdom,1,1,1,111,Hibernating / Lost,3,20.4,0,736,0.5,3.06,1
13163,610,1,17.65,2010-04-08 16:21:00,2010-04-08 16:21:00,3,United Kingdom,1,1,1,111,Hibernating / Lost,3,17.65,0,610,0.6,3.18,1
16093,107,1,17.0,2011-08-25 11:09:00,2011-08-25 11:09:00,20,United Kingdom,3,1,1,311,Needs Attention,3,17.0,0,107,3.41,17.39,0
14580,518,1,14.850000000000001,2010-07-09 15:20:00,2010-07-09 15:20:00,3,United Kingdom,1,1,1,111,Hibernating / Lost,3,14.85,0,518,0.7,3.12,1
14900,522,1,13.919999999999998,2010-07-05 15:09:00,2010-07-05 15:09:00,48,United Kingdom,1,1,1,111,Hibernating / Lost,3,13.92,0,522,0.7,2.92,1
16878,84,1,13.3,2011-09-16 17:39:00,2011-09-16 17:39:00,12,United Kingdom,3,2,1,321,Needs Attention,3,13.3,0,84,4.35,17.36,0
17956,249,1,12.75,2011-04-04 13:47:00,2011-04-04 13:47:00,1,United Kingdom,2,2,1,221,Hibernating / Lost,3,12.75,0,249,1.47,5.62,1
17378,374,1,10.95,2010-11-30 18:46:00,2010-11-30 18:46:00,1,United Kingdom,2,2,1,221,Hibernating / Lost,3,10.95,0,374,0.98,3.22,1
16537,641,1,10.55,2010-03-08 13:41:00,2010-03-08 13:41:00,19,United Kingdom,1,1,1,111,Hibernating / Lost,3,10.55,0,641,0.57,1.8,1
18115,698,1,9.700000000000001,2010-01-11 11:57:00,2010-01-11 11:57:00,3,United Kingdom,1,2,1,121,Hibernating / Lost,3,9.7,0,698,0.52,1.51,1
15040,542,1,7.49,2010-06-16 11:40:00,2010-06-16 11:40:00,1,United Kingdom,1,1,1,111,Hibernating / Lost,3,7.49,0,542,0.67,1.51,1
16454,64,2,7.45,2010-04-07 15:54:00,2011-10-06 16:57:00,3,United Kingdom,3,2,1,321,Needs Attention,3,3.72,547,611,1.19,1.33,0
15913,534,1,6.300000000000001,2010-06-23 16:31:00,2010-06-23 16:31:00,3,United Kingdom,1,1,1,111,Hibernating / Lost,3,6.3,0,534,0.68,1.29,1
14792,64,1,6.2,2011-10-07 09:19:00,2011-10-07 09:19:00,2,United Kingdom,3,1,1,311,Needs Attention,3,6.2,0,64,5.7,10.6,0
16738,298,1,3.75,2011-02-15 09:46:00,2011-02-15 09:46:00,3,United Kingdom,2,2,1,221,Hibernating / Lost,3,3.75,0,298,1.22,1.37,1
13788,505,1,3.75,2010-07-22 15:50:00,2010-07-22 15:50:00,1,United Kingdom,1,1,1,111,Hibernating / Lost,3,3.75,0,505,0.72,0.81,1
14095,723,1,2.95,2009-12-17 12:49:00,2009-12-17 12:49:00,1,United Kingdom,1,1,1,111,Hibernating / Lost,3,2.95,0,723,0.5,0.44,1
